Date,SPY_open,SPY_high,SPY_low,SPY_close,SPY_volume,qqq_close,tlt_close,gld_close,vix_close,tnx_close,dxy_close,ret_1d,ret_5d,ret_20d,price_sma20_ratio,price_sma50_ratio,sma20_sma50_ratio,rsi_14,macd,macd_signal_gap,vol_5d,vol_20d,atr_14_pct,vix_change,tnx_change,dxy_return,gld_return,volume_change,forward_return,regime,next_day_return,predicted_regime,prediction_probability,prob_0,prob_1,prob_2
2023-01-03,384.3699951171875,386.4299926757813,377.8299865722656,380.8200073242188,74850700,264.4800109863281,101.45999908447266,171.05999755859375,22.899999618530277,3.7929999828338623,104.5199966430664,-0.004209882546862387,-0.005458192050095456,-0.06411736281508384,-0.019072707149633272,-0.021908792821512924,-0.002891229240485904,43.45623607891692,-0.008646606123618566,-0.0027672980363999933,0.17981634411655573,0.1880019241712758,0.019859401675791356,0.09726874449763767,0.04200005531311035,0.0020132210659356,0.022719138924774507,0.2504857385815933,0.07872480408631977,2,0.007720189025948843,2,0.6334224845379772,0.23874127519362998,0.1278362402683928,0.6334224845379772
2023-01-04,383.1799926757813,385.8800048828125,380.0,383.760009765625,85934100,265.739990234375,102.8499984741211,172.6699981689453,22.01000022888184,3.7090001106262207,104.25,0.007720189025948843,0.006187771124561481,-0.03961557275542982,-0.009480324122479455,-0.014836977937137785,-0.0054079226744412345,46.59957942356352,-0.007988755837613387,-0.0017235915121572977,0.18688972629804632,0.18334412069991204,0.018653777135255716,0.016628204004375036,-0.1509997844696045,0.0006719110637278813,0.023714946602379605,0.6641575422845878,0.08604332961591887,2,-0.011413395797773451,2,0.5330883637708931,0.2529587782802135,0.21395285794889346,0.5330883637708931
2023-01-05,381.7200012207031,381.8399963378906,378.760009765625,379.3800048828125,76970500,261.5799865722656,103.27999877929688,170.52000427246094,22.459999084472656,3.7200000286102295,105.04000091552734,-0.011413395797773451,0.007221369920505705,-0.03669091278503145,-0.018956030919756728,-0.026106535085864024,-0.00728866838946185,42.78368071391599,-0.008441016123274204,-0.0016828155518420606,0.18228055429130086,0.18093262636161087,0.01808025652020968,0.014453464482651723,-0.16700005531311035,0.0055523821188785405,0.015544044746754526,0.08544453297420018,0.08690495228099149,2,0.022932103899730993,2,0.5759777008868252,0.23488691860408958,0.18913538050908513,0.5759777008868252
2023-01-06,382.6099853515625,389.25,379.4100036621094,388.0799865722656,104189600,268.79998779296875,105.18000030517578,173.7100067138672,21.1299991607666,3.569000005722046,103.87999725341795,0.022932103899730993,0.012100939133413258,-0.012920991562024753,0.00420095489945016,-0.00393470778989502,-0.008101628115021908,51.31202927864723,-0.006645166760558935,-3.077728702496696e-05,0.21144744209181257,0.20112293445047796,0.017373083685240136,-0.014459018916467614,-0.26600003242492676,0.0003852168426237146,0.02878294601524667,0.5557443606103547,0.056045147270045836,2,-0.0005668965891446609,2,0.4272963324810002,0.24700301917551812,0.3257006483434818,0.4272963324810002
2023-01-09,390.3699951171875,393.7000122070313,387.6700134277344,387.8599853515625,73978100,270.5400085449219,105.73999786376952,174.10000610351562,21.96999931335449,3.5169999599456787,103.0,-0.0005668965891446609,0.014198658002184006,-0.02114881155194792,0.004721005994398064,-0.0047977199948837645,-0.009473999182351145,51.104587442466794,-0.005358952117633854,0.0010073513260924255,0.2087908523983154,0.19866066118291817,0.016911487037958854,0.013843988740393609,-0.3619999885559082,-0.005023151660826786,0.026291008782798553,-0.11954102606215977,0.07046361605225004,2,0.007012843096556365,1,0.38498142676218056,0.27509539262423965,0.38498142676218056,0.3399231806135799
2023-01-10,387.25,390.6499938964844,386.2699890136719,390.5799865722656,65358100,272.8299865722656,103.98999786376952,174.74000549316406,20.57999992370605,3.621000051498413,103.23999786376952,0.007012843096556365,0.025628851059123825,-0.006865368733248167,0.0121209040885073,0.0016366218163277324,-0.010358725158059467,53.60208086406467,-0.003701820921657643,0.0020961180392973485,0.1997457559516055,0.19905005682582186,0.016581575946112113,-0.10131003202929856,-0.17199993133544922,-0.012246448721846548,0.021512966135228684,-0.1268204572569127,0.05138514008450201,2,0.01264786371867066,2,0.36677769334696836,0.3020920760915917,0.3311302305614399,0.36677769334696836
2023-01-11,392.2300109863281,395.6000061035156,391.3800048828125,395.5199890136719,68881100,277.54998779296875,105.68000030517578,174.6199951171875,21.09000015258789,3.553999900817871,103.19000244140624,0.01264786371867066,0.030644097740223364,-0.008597626490557508,0.025377765408044928,0.0139671458096009,-0.011128210483385303,57.81635770679669,-0.0013643494054206107,0.0034889391334691233,0.2067028462226733,0.19741083571253212,0.01649005669391155,-0.04179918522157544,-0.1550002098083496,-0.010167842288669182,0.011293200723464736,-0.1984427602081129,0.029252648780334622,2,0.003640782972808232,1,0.4463681491412375,0.3125755439278052,0.4463681491412375,0.2410563069309574
2023-01-12,396.6700134277344,398.489990234375,392.4200134277344,396.9599914550781,90157700,279.04998779296875,107.76000213623048,176.63999938964844,18.82999992370605,3.4489998817443848,102.25,0.003640782972808232,0.0463387272550011,-0.012463640944375465,0.029779700349642724,0.017098175368370327,-0.012314794103016946,58.98580197662514,0.0007340869662873581,0.004455815866666282,0.14451841970924437,0.19580414855760636,0.016286283294378975,-0.16162062817162548,-0.2710001468658447,-0.026561318461631123,0.03589018862214455,0.17132797630260943,0.027912175857393917,2,0.0038795056884117773,0,0.3701235272675147,0.3701235272675147,0.33192884998060757,0.29794762275187764
2023-01-13,393.6199951171875,399.1000061035156,393.3399963378906,398.5,63903900,280.9700012207031,106.75,178.75999450683594,18.350000381469727,3.510999917984009,102.1999969482422,0.0038795056884117773,0.02685016952244723,-0.002253364822828785,0.033895430024808215,0.02031306449630521,-0.013137078600083507,60.254810706846676,0.002665054883251102,0.005097920890274729,0.07781489200707196,0.19513553073855208,0.0152016540735207,-0.13156644059213563,-0.05800008773803711,-0.01617251010391685,0.029071369511182166,-0.3866575934642229,0.03595981573968787,2,-0.0018318970798698597,2,0.3877372662969715,0.31001590017429387,0.3022468335287347,0.3877372662969715
2023-01-17,398.4800109863281,400.2300109863281,397.05999755859375,397.7699890136719,62677300,281.5400085449219,106.05999755859376,177.58999633789062,19.36000061035156,3.5350000858306885,102.38999938964844,-0.0018318970798698597,0.025550466757035428,0.020891574131483015,0.030912851345195502,0.017251070802020152,-0.01325211973577467,59.317881097528925,0.004010986597388815,0.005158654035084761,0.0841104694820335,0.17283246299676958,0.01489555073385431,-0.11879830607989317,0.018000125885009766,-0.005922336022830654,0.020045893808297466,-0.15275872183794936,0.037383478003551796,2,-0.015788015568668268,2,0.49342500414520446,0.23213824184658083,0.2744367540082146,0.49342500414520446
2023-01-18,399.010009765625,400.1199951171875,391.2799987792969,391.489990234375,99632300,277.8800048828125,108.62999725341795,177.0800018310547,20.34000015258789,3.375,102.36000061035156,-0.015788015568668268,0.0023298778570186585,0.02144702548158528,0.013557140469484974,0.00014304125619446495,-0.01323467486704999,51.848775667851676,0.0038167665531166407,0.003986275232268052,0.16641620305765856,0.17212625373386323,0.01610879337638148,-0.011661796501840849,-0.24600005149841309,-0.008523801546171605,0.013391302874728117,0.5244063092409357,0.05744724338542828,2,-0.007279817254666643,2,0.4787825344796026,0.21610906753546388,0.30510839798493344,0.4787825344796026
2023-01-19,389.3599853515625,391.0799865722656,387.260009765625,388.6400146484375,86958900,275.1499938964844,107.9499969482422,179.88999938964844,20.520000457763672,3.3970000743865967,102.05999755859376,-0.007279817254666643,-0.017394757676827743,0.022683084795456665,0.0050571358804021305,-0.007760891810481674,-0.012753531349892433,48.84303265835293,0.0030118939287537214,0.0025461165193808727,0.13126737274637307,0.1712896394402824,0.015723331008872653,-0.027027012361319325,-0.15699982643127441,-0.010950720574448236,0.03017984434671539,0.26244935112824863,0.05053515693340449,2,0.018629039629190602,2,0.6815363231919127,0.15389403235466975,0.16456964445341746,0.6815363231919127
2023-01-20,390.1000061035156,396.0400085449219,388.3800048828125,395.8800048828125,91806400,282.67999267578125,106.1999969482422,179.2899932861328,19.850000381469727,3.483999967575073,102.01000213623048,0.018629039629190602,-0.002720643378459564,0.040311126276962206,0.021753707249159815,0.00990209614220161,-0.011599283685366779,55.84576085100868,0.0037414214907179714,0.0026273299035597976,0.2049227964570329,0.18215809026339333,0.015430364626445248,0.054168903977505733,0.03500008583068803,-0.002347167371829051,0.015002229991174287,0.018286846270479495,0.02874609665163863,2,0.011998585281936869,2,0.5067517392682332,0.1948980342761431,0.2983502264556237,0.5067517392682332
2023-01-23,396.7200012207031,402.6499938964844,395.7200012207031,400.6300048828125,84178800,288.9599914550781,105.6999969482422,179.6300048828125,19.809999465942383,3.525000095367432,102.13999938964844,0.011998585281936869,0.005345056167660012,0.037283467071113074,0.03209536721688644,0.021048970885439777,-0.01070288335973657,59.739623459427705,0.005208168682020285,0.003285828902456854,0.2231001595770667,0.17966573844778014,0.015589732131839142,0.07956398115103025,0.014000177383423296,-0.0005870602777429124,0.00486691878894252,0.31727171581077207,-0.00384396706725032,0,-0.0010732912426441032,1,0.443029300197451,0.22393710992262356,0.443029300197451,0.3330335898799255
2023-01-24,398.8800048828125,401.1499938964844,397.6400146484375,400.2000122070313,59524900,288.3699951171875,107.22000122070312,180.27999877929688,19.200000762939453,3.469000101089477,101.91999816894533,-0.0010732912426441032,0.006109116475541576,0.05116624008160686,0.028407147424161838,0.018599527321494946,-0.009536709392998555,59.23040393784604,0.006253825343117987,0.0034635360930218313,0.2225265949601716,0.16975850602664885,0.014698003332989174,-0.0082644546677626,-0.06599998474121138,-0.004590303970161247,0.015147263341839023,-0.05029572109838809,-0.00414793506115807,0,0.000374797331107235,2,0.41131409976601613,0.19650613180715315,0.3921797684268307,0.41131409976601613
2023-01-25,395.9500122070313,400.7000122070313,393.55999755859375,400.3500061035156,84800300,287.7300109863281,107.4800033569336,181.1100006103516,19.07999992370605,3.461999893188477,101.63999938964844,0.000374797331107235,0.022631525939747155,0.04554595668593664,0.02649241984413031,0.018687791599263814,-0.00760320105047807,59.36053702611862,0.007024684636960269,0.003388352630411604,0.16700273696172402,0.16948699407753215,0.014917301660491863,-0.06194691344294445,0.086999893188477,-0.007034009538979147,0.02275806831728966,-0.14886738537602762,0.0007743163578561862,0,0.010990368001509987,2,0.5766634552383946,0.21081791688317164,0.21251862787843376,0.5766634552383946
2023-01-26,403.1300048828125,404.9200134277344,400.0299987792969,404.75,72287400,293.3399963378906,106.9800033569336,179.47000122070312,18.729999542236328,3.493000030517578,101.83999633789062,0.010990368001509987,0.04145220446776565,0.06122183135077086,0.034676689922350734,0.029556607310481153,-0.004948485514111423,63.08308185673097,0.008335530519247925,0.003790982950758602,0.13238966069271838,0.17049686662297361,0.014735727521397709,-0.0872320114812718,0.09599995613098145,-0.0021556067603943907,-0.0023347499603665334,-0.16871763557266706,-0.020679419684218603,0,0.0022976965430050456,2,0.4420459376565486,0.26811653263082197,0.2898375297126294,0.4420459376565486
2023-01-27,403.6600036621094,408.1600036621094,403.4400024414063,405.6799926757813,68346200,296.260009765625,106.70999908447266,179.22000122070312,18.51000022888184,3.5179998874664307,101.93000030517578,0.0022976965430050456,0.02475494511492138,0.07704558150990959,0.03322159503787092,0.031368137980466004,-0.0017938620972561825,63.837075455917706,0.009488874012324497,0.003963795598037453,0.09734406652012831,0.1605094797756577,0.013795181198069665,-0.06750630361895593,0.033999919891357866,-0.0007842547728590388,-0.0003903846731589944,-0.25553991878561844,-0.019596681702286456,0,-0.012546826143232104,2,0.4738178149640295,0.21857196867501763,0.30761021636095276,0.4738178149640295
2023-01-30,402.7999877929688,405.1300048828125,400.2799987792969,400.5899963378906,74202000,290.2699890136719,106.31999969482422,178.75999450683594,19.940000534057617,3.5510001182556152,102.27999877929688,-0.012546826143232104,-9.986407516726636e-05,0.04472666854602636,0.01803460067277296,0.018319007474106863,0.00027936850196041974,56.97790885270716,0.00941658841068327,0.0030570455783798765,0.13394513014735454,0.16120443616979374,0.013858131030159633,0.006562396346286414,0.02600002288818315,0.0013706617435385038,-0.004843346614303856,-0.11851915209055008,-0.010809023220373581,0,0.014703349315466685,2,0.4820697218142322,0.2454162607338799,0.2725140174518879,0.4820697218142322
2023-01-31,401.1300048828125,406.5299987792969,400.7699890136719,406.4800109863281,86811800,294.6199951171875,107.16999816894533,179.41000366210938,19.399999618530277,3.5290000438690186,102.0999984741211,0.014703349315466685,0.0156921503941585,0.06288737486898954,0.029855919153809474,0.03271258739905414,0.002773852334210014,62.058316430196214,0.010181396856588936,0.0031312045330029745,0.16833132515111074,0.16593115251448304,0.013931452722418216,0.010416606648103288,0.05999994277954146,0.0017660940778019274,-0.004825799440195122,0.45841152190091883,-0.028882160093102294,0,0.010627771821197785,2,0.40562754511688576,0.26246963911243487,0.3319028157706794,0.40562754511688576
2023-02-01,405.2099914550781,413.6700134277344,402.3500061035156,410.7999877929688,101459200,300.9200134277344,108.18000030517578,181.6699981689453,17.8700008392334,3.3970000743865967,101.22000122070312,0.010627771821197785,0.026102114475180516,0.07872480408631977,0.03686313479857617,0.04281054370483828,0.005735963317296866,65.29533110345375,0.01149709399693846,0.003616833253434239,0.1732931533677822,0.16561317587839477,0.014880370899168488,-0.06341714304564972,-0.06499981880188033,-0.0041322134146735134,0.003092030018809089,0.19644859746958443,-0.031621204041811346,0,0.014556989201620407,2,0.4227157849514135,0.22597829487292243,0.35130592017566414,0.4227157849514135
2023-02-02,414.8599853515625,418.30999755859375,412.8800048828125,416.7799987792969,101654500,311.7200012207031,108.31999969482422,177.89999389648438,18.729999542236328,3.3959999084472656,101.75,0.014556989201620407,0.029722047632604998,0.08604332961591887,0.047591282237229526,0.05687733461557931,0.008864194018986638,69.21118351939286,0.013446278728234645,0.004543267952656561,0.18239325446367874,0.169466692948333,0.014913661161784933,0.0,-0.0970001220703125,-0.0008837032710805603,-0.008748020914581933,0.4062547553238878,-0.030207774784695274,0,-0.010629091340170427,1,0.4925556003977932,0.23029422306296976,0.4925556003977932,0.2771501765392372
2023-02-03,411.5899963378906,416.9700012207031,411.0899963378906,412.3500061035156,94736800,306.17999267578125,106.6999969482422,173.4600067138672,18.32999992370605,3.532000064849853,102.91999816894533,-0.010629091340170427,0.016441563666327985,0.08690495228099149,0.03217943800849943,0.04470270187870895,0.012132836025460891,63.49551335965461,0.014253019256735567,0.004203488735803782,0.21817847908581744,0.1685292122886623,0.015094668772819527,-0.009724489624528876,0.014000177383422407,0.009712526840042424,-0.032139239301436584,0.3861311967600247,-0.01910999094500876,0,-0.006111360480051453,1,0.41967157227946233,0.2297407263925445,0.41967157227946233,0.3505877013279931
2023-02-06,409.7900085449219,411.2900085449219,408.1000061035156,409.8299865722656,60295300,303.5899963378906,105.91000366210938,173.82000732421875,19.43000030517578,3.634000062942505,103.62000274658205,-0.006111360480051453,0.023065953515676973,0.056045147270045836,0.023086381677525525,0.037795970220229735,0.014377660387371316,60.43787813213354,0.014208793782536262,0.003277975450271516,0.1918464717839607,0.15691128394908216,0.01537571399136875,-0.025576740984071367,0.08299994468688965,0.013101329519730198,-0.027634746780148767,-0.1874167812188351,-0.028206812427951422,0,0.013078632712971494,2,0.4842344771000832,0.25521441394038935,0.26055110895952743,0.4842344771000832
2023-02-07,408.8699951171875,416.489990234375,407.5700073242188,415.1900024414063,90990700,309.8800048828125,105.05999755859376,173.97999572753906,18.65999984741211,3.674000024795532,103.43000030517578,0.013078632712971494,0.021427846928913752,0.07046361605225004,0.032943284909650705,0.050689401176440274,0.01718014582798877,64.36819291606622,0.014793388498681644,0.0032029477911775257,0.18675078414883592,0.16048999643178352,0.015190977499758427,-0.03814431884892111,0.14499998092651323,0.013026462790709958,-0.030265915075710526,0.04813746518330464,-0.03918685160529134,0,-0.010934773280246946,2,0.4295759469951776,0.25281740518231044,0.31760664782251186,0.4295759469951776
2023-02-08,413.1300048828125,414.5299987792969,409.9299926757813,410.6499938964844,76227500,304.3699951171875,105.55999755859376,174.41000366210938,19.6299991607666,3.6530001163482666,103.41000366210938,-0.010934773280246946,-0.0003651263411429406,0.05138514008450201,0.01910400002011503,0.03876293181854762,0.019290407846544122,59.01982862196397,0.014512939736717374,0.002235487204603119,0.20280450031170258,0.16770132563556106,0.015538087425433743,0.09848898930486594,0.2560000419616699,0.021636064167111613,-0.039962539659875285,-0.24868814262284744,-0.04648726804243608,0,-0.00866917718618343,2,0.48428391264054266,0.25392510933633194,0.26179097802312545,0.48428391264054266
2023-02-09,414.4100036621094,414.5700073242188,405.80999755859375,407.0899963378906,78694900,301.67999267578125,104.55999755859376,173.02999877929688,20.709999084472656,3.683000087738037,103.22000122070312,-0.00866917718618343,-0.023249682013981476,0.029252648780334622,0.008820887335091232,0.029175601158669462,0.020176737098839492,55.15015685270743,0.013424508400695565,0.0008317517445429768,0.16029355285120817,0.16776747860667324,0.01586697641568411,0.10571273842113071,0.2870001792907715,0.014447186444256799,-0.027374903228053138,-0.22585916019458063,-0.05202778959520671,0,0.0023336663037101246,2,0.6002489669077287,0.23752132630519104,0.16222970678708035,0.6002489669077287
2023-02-10,405.8599853515625,408.4400024414063,405.010009765625,408.0400085449219,70769700,299.70001220703125,103.38999938964844,173.36000061035156,20.530000686645508,3.74399995803833,103.62999725341795,0.0023336663037101246,-0.010452279604215131,0.027912175857393917,0.009788815016801067,0.03090962696144306,0.020916068419999823,55.97961446242513,0.012476373458405835,-6.965146106380411e-05,0.1562125072153394,0.1676098951475331,0.015217349379774491,0.1200218642714892,0.211999893188477,0.006898553217103087,-0.0005765369517169994,-0.25298616799385243,-0.05558284167828731,0,0.011738991096546858,2,0.6289121339957559,0.23773386767288615,0.13335399833135794,0.6289121339957559
2023-02-13,408.7200012207031,412.9700012207031,408.239990234375,412.8299865722656,64913500,304.5,104.26000213623048,172.47999572753906,20.34000015258789,3.7170000076293945,103.3499984741211,0.011738991096546858,0.007320108577440587,0.03595981573968787,0.01983440538061254,0.04274011538573186,0.022460224801467144,59.99675905719747,0.012406641908725306,4.948666179963819e-06,0.17706161223972974,0.1714118275406565,0.015286478954459413,0.046834782970626154,0.08299994468688965,-0.002605715743139725,-0.007709190773305119,0.07659303461463818,-0.051110569174325104,0,-0.00046016987623753725,2,0.4213077491045891,0.3441713702898037,0.23452088060560716,0.4213077491045891
2023-02-14,411.239990234375,415.0499877929688,408.510009765625,412.6400146484375,88389300,306.75,104.0199966430664,172.61000061035156,18.90999984741211,3.760999917984009,103.2300033569336,-0.00046016987623753725,-0.00614173698300613,0.037383478003551796,0.017496264659490945,0.04198340378370302,0.02406607274613104,59.76381987125063,0.012292987346963906,-9.153232685750682e-05,0.1444069962729809,0.171092731319503,0.015189649380458796,0.013397642124561626,0.086999893188477,-0.0019336454379975665,-0.007874440457700582,-0.028589734994895033,-0.05661112601753604,0,0.0032473737163669636,2,0.46228875276626374,0.3100764666236267,0.22763478061010947,0.46228875276626374
2023-02-15,410.3500061035156,414.05999755859375,409.4700012207031,413.9800109863281,61555700,309.1000061035156,103.0500030517578,170.88999938964844,18.229999542236328,3.809000015258789,103.91999816894533,0.0032473737163669636,0.008109137073756267,0.05744724338542828,0.017977788286020147,0.04499398936315058,0.026539086989921357,60.91649556240777,0.01227855238297669,-5.270424367332126e-05,0.11658425841938745,0.15783226696395525,0.015088717082377828,-0.07131939268384568,0.15599989891052246,0.004931771480275238,-0.020182353067776826,-0.1924738447410711,-0.04316639731514904,0,-0.013768810222142602,2,0.5236022027174007,0.2680339974655727,0.20836379981702666,0.5236022027174007
2023-02-16,408.7900085449219,412.9100036621094,408.1400146484375,408.2799987792969,76431500,303.29998779296875,101.58999633789062,170.75,20.170000076293945,3.8429999351501465,103.86000061035156,-0.013768810222142602,0.0029231925424630933,0.05053515693340449,0.0015429811314764397,0.030153719645447108,0.02856666069552838,53.84958479837258,0.011214535657846659,-0.0010311024799708555,0.14671607975776252,0.1648760565526855,0.015495314327606622,-0.026074313474189204,0.15999984741210938,0.00620034278317827,-0.013176898776986357,-0.028761711368843423,-0.04479770892428381,0,-0.002498258589011204,2,0.6554028340876362,0.2232490158090451,0.12134815010331865,0.6554028340876362
2023-02-17,406.05999755859375,407.510009765625,404.0499877929688,407.260009765625,89257800,301.1600036621094,102.37999725341795,171.25999450683594,20.020000457763672,3.828000068664551,103.86000061035156,-0.002498258589011204,-0.0019115742646863554,0.02874609665163863,-0.0023516521782556143,0.02688418869580289,0.029304755466083687,52.67203525646131,0.009944351164479302,-0.0018655650912501886,0.1471662788587599,0.15420716658314146,0.015328921468337775,-0.0248417053981681,0.0840001106262207,0.0022194669789592503,-0.012113556161294947,0.2612431591486186,-0.03319751315389563,0,-0.0200609272499801,2,0.5816317070558934,0.27871030833925825,0.1396579846048483,0.5816317070558934
2023-02-21,403.05999755859375,404.1600036621094,398.8200073242188,399.0899963378906,82655900,294.0299987792969,100.38999938964844,170.6199951171875,22.8700008392334,3.954999923706055,104.18000030517578,-0.0200609272499801,-0.033282442364369835,-0.00384396706725032,-0.022180962157789863,0.005983107339482485,0.02880294656506499,44.313262574125126,0.007361232221832063,-0.003752361595355902,0.1555423287767979,0.16664469684063077,0.016090175635538724,0.12438548021955698,0.2379999160766606,0.008030980583541236,-0.010783862803949384,0.27332373081100236,-0.0004510077361820075,0,-0.0013781046831931043,2,0.6855176776151323,0.23622233524513683,0.0782599871397309,0.6855176776151323
2023-02-22,399.5199890136719,401.1300048828125,397.0199890136719,398.5400085449219,83742300,294.25,101.30999755859376,169.66000366210938,22.290000915527344,3.92300009727478,104.58999633789062,-0.0013781046831931043,-0.03417023459425916,-0.00414793506115807,-0.023329882985811623,0.004480285034609066,0.028474474170910646,43.80924790593823,0.004990978683955027,-0.004910361571743,0.15334028263912,0.16667084517851646,0.014820165150744153,0.17874146458958307,0.16200017929077104,0.01317439636473372,-0.017090533212507752,-0.0525742369268678,-0.016133946543624433,0,0.005319403502116682,2,0.5831065308848705,0.2920120136686042,0.12488145544652533,0.5831065308848705
2023-02-23,401.55999755859375,402.2000122070313,396.25,400.6600036621094,96242400,296.82000732421875,102.3000030517578,169.57000732421875,21.13999938964844,3.878999948501587,104.5999984741211,0.005319403502116682,-0.03217548425220618,0.0007743163578561862,-0.018171874609720362,0.009447994915999347,0.02813106368769036,46.34265578281396,0.0034749613687428257,-0.0050991906794661595,0.16240906112048528,0.16779979325001856,0.014463635740540381,0.1596269841186806,0.06999993324279785,0.006543498048087626,-0.007724220669109827,0.5635010242755749,-0.01869413010012244,0,-0.01068237093839386,2,0.4913274487286853,0.3317637558879883,0.17690879538332643,0.4913274487286853
2023-02-24,395.4200134277344,397.25,393.6400146484375,396.3800048828125,108194400,291.8500061035156,100.97000122070312,168.35000610351562,21.670000076293945,3.9489998817443848,105.20999908447266,-0.01068237093839386,-0.029146649191887364,-0.020679419684218603,-0.027662951523826362,-0.001205958421664155,0.027209693535410473,42.205492064905194,0.0014314243354251095,-0.005788247178245232,0.15498783513156011,0.16676193768002726,0.01482523768682072,0.0743678727975301,0.10599994659423828,0.01299825212967054,-0.014055601150713803,0.4155734219529905,-0.0015893962234516668,0,0.0034058380515806785,2,0.5277326950096299,0.3308278872032839,0.14143941778708616,0.5277326950096299
2023-02-27,399.8699951171875,401.2900085449219,396.75,397.7300109863281,80444700,293.94000244140625,101.25,169.00999450683594,20.950000762939453,3.921999931335449,104.66999816894533,0.0034058380515806785,-0.023400281271862,-0.019596681702286456,-0.02339906281636306,0.0024099649154813996,0.02642740422333989,43.90651808924221,5.615226698351447e-05,-0.005711210941382636,0.16816355858555393,0.16709790791767462,0.014893447167145182,0.04645356063491657,0.09399986267089844,0.007798936586112859,-0.0131379193750365,-0.09873758931992493,-0.003117744997110039,0,-0.0036959776232566854,2,0.47866696549857607,0.3483635272947607,0.17296950720666318,0.47866696549857607
2023-02-28,397.2300109863281,399.2799987792969,396.1499938964844,396.260009765625,96438600,293.5599975585937,101.70999908447266,169.77999877929688,20.700000762939453,3.9159998893737793,104.87000274658205,-0.0036959776232566854,-0.007091098745230395,-0.010809023220373581,-0.02649104023965354,-0.0011368240360607462,0.026044152906239626,42.4416996379663,-0.0013178800472300317,-0.005685310701479117,0.10029896442154636,0.1618111903997466,0.013905014158698376,-0.09488412753231379,-0.039000034332275835,0.006623175651612856,-0.0049231998706463775,0.16674792725020238,-0.001665582309200886,0,-0.003835914535380569,2,0.5268243321125278,0.326962246366194,0.1462134215212782,0.5268243321125278
2023-03-01,395.4100036621094,396.6900024414063,393.3800048828125,394.739990234375,99706800,291.20001220703125,100.37000274658205,170.75999450683594,20.57999992370605,3.99399995803833,104.4800033569336,-0.003835914535380569,-0.009534847767030508,-0.028882160093102294,-0.02882479532942661,-0.0052246493778045355,0.02430060594434913,40.921426151840485,-0.0026958857867035516,-0.005664107234051206,0.10176259763042352,0.1517889375439594,0.013605701456575562,-0.0767160574959912,0.07099986076355025,-0.0010516587131496058,0.006483501243565115,0.19063842287589416,0.016745239987506544,1,0.007777289862108905,2,0.5449749176236486,0.333955836441124,0.12106924593522742,0.5449749176236486
2023-03-02,392.6799926757813,398.6900024414063,392.3299865722656,397.80999755859375,85127800,293.6099853515625,99.4800033569336,170.66000366210938,19.59000015258789,4.072999954223633,105.02999877929688,0.007777289862108905,-0.007113278284495594,-0.031621204041811346,-0.019705214619645472,0.001777865027849046,0.021914917806238332,45.191649696090444,-0.0030963299877343,-0.004833315894021303,0.11355715161371971,0.1491014171389983,0.013069772897981233,-0.07332068504313838,0.1940000057220459,0.004110901639087228,0.006428001950878892,-0.11548548249004598,0.014806100109562959,1,0.016037819365946948,2,0.5061518698208995,0.3409209790563032,0.15292715112279726,0.5061518698208995
2023-03-03,399.7099914550781,404.4500122070313,399.0299987792969,404.1900024414063,90120000,299.67999267578125,101.88999938964844,172.49000549316406,18.489999771118164,3.96399998664856,104.5199966430664,0.016037819365946948,0.019703308598784552,-0.030207774784695274,-0.0024359712100167075,0.01660666791803944,0.019089139722844983,52.82323930845189,-0.0020783797446595814,-0.0030303583244702735,0.13284894046313162,0.15130130420093815,0.013430746865604146,-0.14674666792708346,0.015000104904175249,-0.00655833520968141,0.0245916200745655,-0.16705485681329169,0.012865266769642725,1,0.0006927404874081944,2,0.3973014024606276,0.390841540551388,0.2118570569879845,0.3973014024606276
2023-03-06,405.0499877929688,407.4500122070313,404.010009765625,404.4700012207031,72795900,300.0199890136719,101.0999984741211,171.6199951171875,18.61000061035156,3.983000040054321,104.3499984741211,0.0006927404874081944,0.016946144490481263,-0.01910999094500876,-0.0007732550204919697,0.01608778656956522,0.016874089564529182,53.13167704117553,-0.0012393272780821425,-0.0017525174722524898,0.1349136219133311,0.14752043549920849,0.013158320069355262,-0.11169451395569174,0.061000108718871626,-0.003057224614714582,0.015442877316027559,-0.09508146590142053,0.016020992822140867,1,-0.015328731891906533,2,0.38839584911907854,0.36508898027785636,0.24651517060306508,0.38839584911907854
2023-03-07,404.4200134277344,404.6700134277344,397.6300048828125,398.2699890136719,108310600,296.3399963378906,101.72000122070312,168.6199951171875,19.59000015258789,3.974999904632568,105.62000274658205,-0.015328731891906533,0.005072374699722326,-0.028206812427951422,-0.014683175098024859,-9.241849020102944e-05,0.014808187822506147,45.965429625101436,-0.0018196516270279576,-0.00187266467006765,0.18819027788609266,0.1552459123241126,0.013452839400037973,-0.053623215914990086,0.05900001525878862,0.00715171145568072,-0.0068323929228985,0.1231042341966806,0.02611300047944476,2,0.0016321199989792756,0,0.3766352994224704,0.3766352994224704,0.25081450971887403,0.37255019085865554
2023-03-08,398.3900146484375,399.7099914550781,396.5899963378906,398.9200134277344,74746600,297.82000732421875,101.81999969482422,168.5399932861328,19.11000061035156,3.9760000705718994,105.66000366210938,0.0016321199989792756,0.01058930763735777,-0.03918685160529134,-0.01108473759672901,0.0006251103836272254,0.011841103505571438,46.77595746925843,-0.002104836337773257,-0.0017262103985216527,0.18314859434733108,0.14615338606446873,0.013167707650782751,-0.07142853832867135,-0.017999887466430664,0.011294030123109478,-0.013000710307555452,-0.25033598510833766,0.021758729528754683,1,-0.01844985365837981,0,0.3899572786421368,0.3899572786421368,0.30527516291915646,0.3047675584387068
2023-03-09,399.739990234375,401.4800109863281,390.5299987792969,391.55999755859375,111945300,292.6600036621094,102.06999969482422,170.1999969482422,22.61000061035156,3.924999952316284,105.30999755859376,-0.01844985365837981,-0.015711017918998982,-0.04648726804243608,-0.027027845192160616,-0.018262293382378614,0.009009046935688714,39.543229417638045,-0.003849412249316044,-0.002770935528920414,0.22283654132503142,0.1544740460551937,0.014347388092247887,0.15416030802657854,-0.14800000190734863,0.0026658933880905344,-0.0026954570725191696,0.31502634861936984,0.04502504084364323,2,-0.01442944614289643,0,0.37328199474425405,0.37328199474425405,0.282251443971022,0.34446656128472397
2023-03-10,390.989990234375,393.1600036621094,384.3200073242188,385.9100036621094,189253000,288.54998779296875,105.58999633789062,173.8699951171875,24.799999237060547,3.694999933242798,104.58000183105467,-0.01442944614289643,-0.04522625168579453,-0.05202778959520671,-0.0385372371048639,-0.032646995678635715,0.006126333388608574,35.06133327674553,-0.0063845727255909535,-0.004232245077940484,0.15177944438309499,0.15889807076482415,0.015410711974050471,0.34126552428620127,-0.26900005340576216,0.0005741024676184647,0.008000403386143606,1.100011096316023,0.06141323485929662,2,-0.001425250201672501,2,0.44423192186274313,0.32401563494857444,0.23175244318868238,0.44423192186274313
2023-03-13,381.80999755859375,390.3900146484375,380.6499938964844,385.3599853515625,157790000,290.69000244140625,105.83000183105467,177.86000061035156,26.520000457763672,3.515000104904175,103.5999984741211,-0.001425250201672501,-0.04724705370352811,-0.05558284167828731,-0.03718735659406425,-0.03444685280819282,0.0028463520962676014,34.64961333842025,-0.008379533798597589,-0.004979307333750214,0.1436289650537506,0.15790085607268126,0.01567367291542895,0.4250402787742136,-0.46799993515014604,-0.007187350368634604,0.03635943171367173,1.1675671294674563,0.0632136620176511,2,0.016530065073970368,2,0.473960446422789,0.2831078237999566,0.24293172977725455,0.473960446422789
2023-03-14,390.5,393.4500122070313,387.0499877929688,391.7300109863281,149752400,297.3699951171875,104.08999633789062,176.8300018310547,23.729999542236328,3.638000011444092,103.5999984741211,0.016530065073970368,-0.016420966198181786,-0.051110569174325104,-0.018685364447697195,-0.01889377430118766,-0.0002123782178925504,42.99816307969349,-0.008382700469198931,-0.004030212791182221,0.2208823873035283,0.1645317304273911,0.01614451966086165,0.2113322796019239,-0.3369998931884761,-0.01912520564222686,0.04868940191915794,0.3826199836396438,0.04166128800177704,2,-0.006254338800497861,2,0.4136000790102625,0.315803988224696,0.2705959327650414,0.4136000790102625
2023-03-15,385.8900146484375,389.489990234375,383.7099914550781,389.2799987792969,172996900,298.92999267578125,106.0999984741211,178.2100067138672,26.13999938964844,3.492000102996826,104.6500015258789,-0.006254338800497861,-0.02416528207147428,-0.05661112601753604,-0.021961161269667184,-0.0253643651780745,-0.0034796204134646125,40.83727920592407,-0.008951316144345006,-0.0036571481656324403,0.2170110088859699,0.16483217977981557,0.01662595188663506,0.3678701493860159,-0.48399996757507324,-0.009558982597240528,0.057375185789389826,1.3144450717490828,0.0621403681598367,2,0.01754517723408111,2,0.4291876052975013,0.26827875023530817,0.30253364446719055,0.4291876052975013
2023-03-16,386.8200073242188,396.4700012207031,386.2900085449219,396.1099853515625,143254200,306.8099975585937,105.2699966430664,178.57000732421875,22.989999771118164,3.5850000381469727,104.41999816894533,0.01754517723408111,0.011620154820048745,-0.04316639731514904,-0.002562188621082817,-0.00902292870074961,-0.006477336236867859,48.59327783872583,-0.00771843213241876,-0.002012439719204617,0.22475120174272048,0.1790561486756362,0.01690910435262788,0.016806685117585873,-0.3399999141693115,-0.008451233598721242,0.04917750015308098,0.2796803438822353,0.041276430052638924,2,-0.015450241961852518,2,0.42476901533233813,0.2790124817593109,0.29621850290835094,0.42476901533233813
2023-03-17,393.2200012207031,394.3999938964844,388.5499877929688,389.989990234375,140553400,305.3599853515625,106.8499984741211,183.7700042724609,25.51000022888184,3.3949999809265137,103.70999908447266,-0.015450241961852518,0.010572378361660473,-0.04479770892428381,-0.015706224294097293,-0.024637804014909226,-0.00907409956382832,43.136342434637974,-0.00814378452189207,-0.0018785997546219907,0.2296287424765522,0.18059691872235678,0.017659813144457276,0.02862907313159435,-0.2999999523162842,-0.008319016364022214,0.05693914668025868,-0.25732537925422583,0.06141186391127085,2,0.009615631410812231,2,0.626018823757146,0.2086295227566955,0.16535165348615852,0.626018823757146
2023-03-20,390.7999877929688,394.1700134277344,390.0700073242188,393.739990234375,93055800,305.9700012207031,105.91000366210938,183.83999633789065,24.149999618530277,3.4809999465942383,103.27999877929688,0.009615631410812231,0.02174591343511567,-0.03319751315389563,-0.00454321411034142,-0.015965897018753394,-0.011474815451886444,47.05941405614731,-0.007450632746879007,-0.0009960943382967364,0.23204544944011918,0.18541097442606308,0.017682104526643948,-0.08936654593984306,-0.03400015830993652,-0.003088800188584484,0.033621925711334155,-0.4102554027504911,0.05198862632296586,2,0.013130526631691453,2,0.587147385235709,0.23301257222430158,0.17984004253998942,0.587147385235709
2023-03-21,397.239990234375,399.4100036621094,395.5799865722656,398.9100036621094,91524200,310.3399963378906,105.0,180.3699951171875,21.3799991607666,3.6059999465942383,103.26000213623048,0.013130526631691453,0.018328931852075625,-0.0004510077361820075,0.008550605229524777,-0.0035843977812309857,-0.012032121093213832,51.97837510802731,-0.005760339720265407,0.0004884364870685209,0.22187962442092604,0.17895136064896172,0.017875521195917225,-0.09903078073335103,-0.032000064849853516,-0.003281817981643509,0.020019189331428988,-0.38882982843680636,0.03817906506859248,2,-0.017046497325513887,2,0.5184134583278086,0.19795536964659857,0.28363117202559274,0.5184134583278086
2023-03-22,398.7300109863281,402.489990234375,392.0700073242188,392.1099853515625,111746600,306.1199951171875,106.4000015258789,183.44000244140625,22.26000022888184,3.5,102.3499984741211,-0.017046497325513887,0.007269797012792623,-0.016133946543624433,-0.007835178259319897,-0.020777699100386404,-0.013044728615110412,45.93313171432241,-0.005906566610364987,0.0003604612976629609,0.2620311304979109,0.1889586300107343,0.018925103029087415,-0.14843149393121635,0.007999897003173828,-0.02197805081913018,0.029347374055915365,-0.35405432120459956,0.050419576827466894,2,0.0027033947508923184,2,0.6363815602826071,0.21053347030844044,0.15308496940895241,0.6363815602826071
2023-03-23,395.0899963378906,399.2900085449219,390.3500061035156,393.1700134277344,119351300,309.75,106.4000015258789,185.7400054931641,22.61000061035156,3.4059998989105225,102.52999877929688,0.0027033947508923184,-0.007422110102119239,-0.01869413010012244,-0.004209349247650929,-0.018257475122117284,-0.01410750930815885,46.968551714372715,-0.005644638938801005,0.00048439391758512085,0.22330923624113577,0.1880710575818908,0.019291925769566162,-0.016528889280111647,-0.1790001392364502,-0.018099975318813355,0.04015230931769631,-0.1668565389356822,0.04840145008361563,2,0.006562012575101583,2,0.6506691778113546,0.1744019011541352,0.17492892103451027,0.6506691778113546
2023-03-24,391.8399963378906,395.8399963378906,389.3999938964844,395.75,107682400,310.8900146484375,106.8499984741211,183.6499938964844,21.739999771118164,3.380000114440918,103.12000274658205,0.006562012575101583,0.014769634887714433,-0.0015893962234516668,0.0024050147861847115,-0.011826619192941479,-0.014197488808614711,49.50329030309397,-0.004832399564695907,0.0010053413573537907,0.1880026799968379,0.18609681526750763,0.019707624581561323,-0.14778519889997366,-0.014999866485595703,-0.0056889050535046115,-0.0006530465973031419,-0.2338684087329086,0.04265320248341764,2,0.0018698426642451693,2,0.5819041587756202,0.20635218077417283,0.21174366045020696,0.5819041587756202
2023-03-27,398.1199951171875,398.9200134277344,395.55999755859375,396.489990234375,74010400,308.760009765625,104.33999633789062,181.9499969482422,20.600000381469727,3.5280001163482666,102.86000061035156,0.0018698426642451693,0.006984304536511665,-0.003117744997110039,0.004437095238438049,-0.009955652600474152,-0.014329167956003808,50.237958273076096,-0.004013125357459262,0.0014509762240156063,0.1786208177804062,0.18580205943951325,0.019007884168776266,-0.1469979003368861,0.04700016975402832,-0.004066597346140788,-0.010280675735952038,-0.20466644744336193,0.02418723441724646,1,-0.002244657249312332,2,0.5154336591288962,0.2319281380527921,0.25263820281831173,0.5154336591288962
2023-03-28,395.7699890136719,396.489990234375,393.6900024414063,395.6000061035156,62871700,307.1199951171875,104.52999877929688,183.44000244140625,19.96999931335449,3.563999891281128,102.43000030517578,-0.002244657249312332,-0.008297604793579993,-0.001665582309200886,0.0022662678045639595,-0.012034878808665161,-0.014268809669266136,49.30879219220282,-0.003519537505257778,0.0015654853633435175,0.14553176733148807,0.1854997554326205,0.018992866598876,-0.06594948095225073,-0.04200005531311035,-0.008037979991126543,0.01702060989813825,-0.3130592783110915,0.022143526574553984,1,0.014534883496678752,2,0.6655176257158728,0.15884607765044653,0.1756362966336806,0.6655176257158728
2023-03-29,399.9299926757813,401.6000061035156,398.6799926757813,401.3500061035156,77497900,312.7200012207031,104.31999969482422,182.52999877929688,19.1200008392334,3.565999984741211,102.63999938964844,0.014534883496678752,0.02356486979965222,0.016745239987506544,0.015983372633816995,0.0021458818666924007,-0.013619800421785122,55.08830319956092,-0.0018985678397099215,0.00249088295960283,0.10052944968015301,0.1918389475422309,0.017839804990783217,-0.14106016879435446,0.06599998474121094,0.002833423740603802,-0.00496077000653139,-0.3064853874748762,0.027556988639340307,2,0.005855253688247242,2,0.5485185105000637,0.22006538719167051,0.23141610230826568,0.5485185105000637
2023-03-30,404.0899963378906,404.3500061035156,401.760009765625,403.7000122070313,69840000,315.67999267578125,104.8000030517578,184.17999267578125,19.020000457763672,3.5510001182556152,102.13999938964844,0.005855253688247242,0.026782303888067016,0.014806100109562959,0.02117092649051666,0.007399435172720903,-0.013485980613573312,57.23435081652874,-0.00017831674091313987,0.0033484658578516076,0.09909517437213605,0.1910447588733701,0.016702658019526605,-0.15877930365664272,0.14500021934509277,-0.0038037588441597325,-0.008398905842824766,-0.4148367047531112,0.030294724049891864,2,0.014094630342711412,2,0.4476257905850914,0.28580783331717985,0.26656637609772876,0.4476257905850914
2023-03-31,404.6600036621094,409.7000122070313,404.5499877929688,409.3900146484375,112062600,320.92999267578125,106.37000274658205,183.22000122070312,18.700000762939453,3.49399995803833,102.51000213623048,0.014094630342711412,0.03446624042561597,0.012865266769642725,0.03488333206880867,0.020541487499143196,-0.013858416813994912,61.972471680599085,0.002255400491883285,0.004586532225215374,0.11773986102502336,0.18910431351776025,0.01581796984596349,-0.13983436247397685,0.11399984359741211,-0.005915444085573207,-0.00234137048773142,0.040677028000861704,0.014949058106468627,1,0.003810541299922532,1,0.35487840797912973,0.32556298270951584,0.35487840797912973,0.3195586093113543
2023-04-03,408.8500061035156,411.3699951171875,408.4400024414063,410.9500122070313,67391100,320.1499938964844,106.5999984741211,184.5399932861328,18.549999237060547,3.430000066757202,102.08999633789062,0.003810541299922532,0.03647008078087577,0.016020992822140867,0.037976663556297696,0.02366118474033274,-0.013791715477414979,63.17702515985492,0.004421640649980613,0.005395138583706276,0.11332059826720686,0.18942479772560014,0.014861041137755578,-0.09951461681783336,-0.09800004959106445,-0.0074859446615971326,0.014234659968844987,-0.08943743041518493,-0.0002677110740302302,0,-0.0055481170740258046,1,0.38846669654758853,0.31062559691426955,0.38846669654758853,0.30090770653814203
2023-04-04,411.6199951171875,411.9200134277344,407.239990234375,408.6700134277344,66601500,319.07000732421875,107.12999725341795,187.97999572753903,19.0,3.336999893188477,101.58999633789062,-0.0055481170740258046,0.033038440653609946,0.02611300047944476,0.03086389234267717,0.01757420610281235,-0.012891795258890504,60.17680915897836,0.0056639958247042205,0.005314339977556766,0.13163201677751668,0.18134579387929073,0.014360177348846294,-0.0485728265752029,-0.22699999809265092,-0.008200761151835212,0.02474919987848856,0.05932398837632835,-0.0015905850507855757,0,-0.0026182672793729767,2,0.37424794852526777,0.27657169219611116,0.349180359278621,0.37424794852526777
2023-04-05,407.9100036621094,408.7000122070313,405.8800048828125,407.6000061035156,65200200,315.9200134277344,108.25,187.8300018310547,19.07999992370605,3.2869999408721924,101.8499984741211,-0.0026182672793729767,0.015572442768041261,0.021758729528754683,0.027040454929324387,0.014536053527151038,-0.01217517902255727,58.766355163186866,0.006361267644678244,0.0048085551214165825,0.1220544572348215,0.18188545528338423,0.013108097523490842,-0.0020920980006060574,-0.27900004386901855,-0.007696813330330343,0.029036339709650916,-0.15868429983264065,-0.006059865514515761,0,0.003900874175862601,2,0.3654666352066892,0.27966811318874846,0.3548652516045624,0.3654666352066892
2023-04-06,406.7699890136719,409.4800109863281,405.6799926757813,409.1900024414063,63743300,318.04998779296875,108.52999877929688,186.4900054931641,18.399999618530277,3.2880001068115234,101.81999969482422,0.003900874175862601,0.013599182730664738,0.04502504084364323,0.02876178723228251,0.018045626260742242,-0.010416562030720833,60.25703405310126,0.007106878624910152,0.004448159601836993,0.12006641351992743,0.16662133009467045,0.012400817845049605,-0.03259730937494909,-0.2630000114440918,-0.003132951798868411,0.012542148491933247,-0.08729524627720509,0.008406858478656964,1,0.0010263762742257487,1,0.4315549619227241,0.2504218065723522,0.4315549619227241,0.3180232315049237
2023-04-10,406.6099853515625,409.6900024414063,405.9700012207031,409.6099853515625,63681000,317.8699951171875,106.77999877929688,185.1100006103516,18.96999931335449,3.414999961853028,102.58000183105467,0.0010263762742257487,0.0005373133082249293,0.06141323485929662,0.026758706869236093,0.018844138756841655,-0.007708303868712685,60.66158148606697,0.007703392312032156,0.004037919469706354,0.06562631658905849,0.15469795850632276,0.012307883480017478,0.014438424566812325,-0.07899999618530229,0.0006828572174952807,0.010315464343719771,-0.43173726113797106,0.00764142719842642,1,0.0002685868828276039,2,0.46308335496064695,0.1981299791297555,0.33878666590959755,0.46308335496064695
2023-04-11,410.260009765625,411.1799926757813,408.9200134277344,409.7200012207031,59297900,315.8299865722656,107.0,186.27999877929688,19.100000381469727,3.434000015258789,102.1999969482422,0.0002685868828276039,-0.0029930914948081977,0.0632136620176511,0.023908354512728325,0.018913007369833812,-0.004878705326388011,60.7742205819386,0.008107915520827022,0.0035547415296590416,0.05735428232954284,0.15416694575773815,0.011710090031451915,0.029649658600003903,0.003999948501586914,0.001077486671539285,0.009428880223627978,-0.12009300931428635,0.00295321549222205,1,-0.00407598707106982,2,0.4808828981309092,0.21709143291919947,0.30202566894989125,0.4808828981309092
2023-04-12,411.8699951171875,412.1700134277344,407.4400024414063,408.0499877929688,86420400,313.0400085449219,106.88999938964844,187.19000244140625,19.09000015258789,3.4210000038146973,101.5,-0.00407598707106982,-0.0015171791773149756,0.04166128800177704,0.017659688266466356,0.014383556386318386,-0.003219280391983159,58.056693566632255,0.008041700261338639,0.0027759133098622267,0.04979787190701451,0.14759547381256216,0.01076199403839063,0.00473685013620484,0.08400011062622026,-0.0008858779519126392,-0.004202539121651028,0.29757437895542904,0.011763309531042543,1,0.013282719249790187,2,0.38160417298780264,0.32162913390291437,0.296766693109283,0.38160417298780264
2023-04-13,409.1799926757813,413.8399963378906,407.989990234375,413.4700012207031,85814800,319.1700134277344,106.0500030517578,189.72000122070312,17.799999237060547,3.45199990272522,101.01000213623048,0.013282719249790187,0.014401361700904225,0.0621403681598367,0.028075844044896714,0.02750023867417717,-0.0005598860960053242,63.72583147053987,0.00881468792914722,0.0028943424638070525,0.10284791724896043,0.1492397369526397,0.010087110309199914,-0.06708599013436889,0.1649999618530278,-0.008247386848062144,0.010062287021369576,0.3161738767672493,-0.003240855041319768,0,-0.0024427643181926806,2,0.366021771119734,0.32738938108456267,0.3065888477957033,0.366021771119734
2023-04-14,412.80999755859375,415.0899963378906,410.05999755859375,412.4599914550781,78161500,318.57000732421875,105.08000183105467,186.3600006103516,17.06999969482422,3.5220000743865967,101.5500030517578,-0.0024427643181926806,0.00799137074259293,0.041276430052638924,0.023484081151982972,0.024905738548927525,0.0013890371361167109,62.04293806830388,0.009230125842607469,0.00263622636386156,0.10858317486615895,0.14009543651121714,0.009867630919077882,-0.0722826060478089,0.23399996757507324,-0.0026517054004679963,-0.0006971144778976646,0.22619161543252386,-0.002109283652260041,0,0.003588253447581735,0,0.3591540371403525,0.3591540371403525,0.3085040592099012,0.33234190364974636
2023-04-17,412.3699951171875,413.9599914550781,411.0899963378906,413.9400024414063,66436400,318.8399963378906,103.83000183105467,185.52999877929688,16.950000762939453,3.5910000801086426,102.0999984741211,0.003588253447581735,0.010571073080963611,0.06141186391127085,0.024113453404770002,0.028728554766354497,0.004506435635857731,63.56147693643534,0.009685003688888878,0.0024917441568542494,0.10923426015790777,0.12389517133003625,0.009747793058134122,-0.10648384942180777,0.1760001182556148,-0.004679307353923856,0.002268911282807151,0.04326879288955898,-0.0022466847134759993,0,0.0006522418999841406,2,0.37771369314008507,0.301450205230552,0.32083610162936294,0.37771369314008507
2023-04-18,415.5799865722656,415.7200012207031,412.7799987792969,414.2099914550781,63560000,318.8599853515625,104.1999969482422,186.25,16.829999923706055,3.572000026702881,101.75,0.0006522418999841406,0.010958679637307789,0.05198862632296586,0.022193022707597487,0.029304376320105963,0.006956957692463739,63.84563494422701,0.010002381738273863,0.0022510487146762403,0.10885698211958601,0.12162456106650518,0.009765584153075697,-0.11884818913228723,0.1380000114440918,-0.004403101386295516,-0.00016104133290451017,0.07187606981022943,-0.009560347497092114,0,-0.0001689404120717164,2,0.3449775773490189,0.3323991446947199,0.3226232779562612,0.3449775773490189
2023-04-19,412.2200012207031,415.0799865722656,412.1600036621094,414.1400146484375,55227300,318.7099914550781,104.0999984741211,185.3600006103516,16.459999084472656,3.601999998092652,101.97000122070312,-0.0001689404120717164,0.014924707848682939,0.03817906506859248,0.02010331265894716,0.028910085631937088,0.008633216718054504,63.70696614081798,0.010130233138930177,0.0019020723045362628,0.09761745459031415,0.11529904017421881,0.009236009978758609,-0.13776852001537065,0.18099999427795455,0.004630553898552936,-0.009776172910876957,-0.36094602663260067,0.0026319512709147563,1,-0.005457115192173623,0,0.359366653235015,0.359366653235015,0.3184551977151224,0.32217814904986264
2023-04-20,411.2099914550781,413.7000122070313,410.2699890136719,411.8800048828125,75840400,316.2799987792969,104.98999786376952,186.08999633789065,17.170000076293945,3.5450000762939453,101.83999633789062,-0.005457115192173623,-0.0038454938283223328,0.050419576827466894,0.012072236764968824,0.02346353428735748,0.011255419434091252,59.232430319918265,0.009731413231315168,0.0011664831963203147,0.053918153942166286,0.0957160087703089,0.009437569073545376,-0.03539321279603824,0.09300017356872514,0.008216950639608367,-0.019133485449378873,-0.11623169896101837,0.01784501800617111,1,0.0007769430912525355,2,0.37258459101328795,0.2797551150764276,0.34766029391028447,0.37258459101328795
2023-04-21,412.1900024414063,412.6799926757813,410.1700134277344,412.2000122070313,73457400,316.6099853515625,104.4000015258789,184.25,16.770000457763672,3.569999933242798,101.81999969482422,0.0007769430912525355,-0.0006303138569383471,0.04840145008361563,0.010495992140453048,0.024179813077904955,0.013541687491967824,59.664430122999974,0.009319236400047481,0.0006087645297159534,0.05243347003331253,0.09590038516355294,0.008825469897605256,-0.017574648062325893,0.04799985885620117,0.002658755637149568,-0.011322175377983967,-0.06018436186613618,0.015574921688579879,1,0.0010431651214148907,2,0.3437585278375027,0.3170059729883338,0.33923549917416357,0.3437585278375027
2023-04-24,411.989990234375,413.0700073242188,410.6000061035156,412.6300048828125,64332100,315.95001220703125,105.41000366210938,184.80999755859372,16.889999389648438,3.515000104904175,101.3499984741211,0.0010431651214148907,-0.0031647039446960346,0.04265320248341764,0.009461488767146031,0.024966027010855818,0.01535921718286204,60.273593564084415,0.008969881163232553,0.00021478902763690313,0.04342826181132316,0.09470437617350355,0.008736645964570432,-0.0035399038696332097,-0.07599997520446777,-0.007345739580888466,-0.003880780603893852,-0.03167390165632089,0.014928637251813148,1,-0.015873829418699414,1,0.36059544338319893,0.35106167685568673,0.36059544338319893,0.2883428797611143
2023-04-25,410.5799865722656,411.1600036621094,406.0199890136719,406.0799865722656,97766700,309.989990234375,106.95999908447266,185.75,18.76000022888184,3.3959999084472656,101.86000061035156,-0.015873829418699414,-0.019627737260157874,0.02418723441724646,-0.00772651945358005,0.008794120685714502,0.016649281133863436,48.305867073392506,0.0074535861199847234,-0.0011541796267025338,0.11392661569580002,0.11422652674073092,0.009217048390668931,0.11467619215239955,-0.17600011825561523,0.0010810870796222893,-0.0026845637583892135,0.5381796727501573,0.01972520200573724,1,-0.004235621743444495,2,0.33455085142399843,0.3333759783481461,0.3320731702278555,0.33455085142399843
2023-04-26,406.7200012207031,407.8399963378906,403.7799987792969,404.3599853515625,80447000,311.8699951171875,105.81999969482422,184.7400054931641,18.84000015258789,3.431999921798706,101.47000122070312,-0.004235621743444495,-0.023615272494683315,0.022143526574553984,-0.012985785138924344,0.004944158816172939,0.018165841671916594,45.737663368058485,0.005753795409934213,-0.002312467728751869,0.1090071481802039,0.11524164386957292,0.009475293690136985,0.14459302554642184,-0.17000007629394576,-0.004903402902955767,-0.003344816115375404,0.4566527786076813,0.016643612696931154,1,0.01990804877378749,0,0.35045530602813485,0.35045530602813485,0.3100641256272158,0.33948056834464935
2023-04-27,407.0,412.6900024414063,406.739990234375,412.4100036621094,92968400,320.3500061035156,104.7699966430664,184.75,17.030000686645508,3.5280001163482666,101.5,0.01990804877378749,0.0012867795790370007,0.027556988639340307,0.005306745054775908,0.024962354327079384,0.019551852575337536,57.205267631842105,0.00580419647102487,-0.001683694088936047,0.20505433540248494,0.12472505136531205,0.010074927674470584,-0.008153720968337663,-0.01699995994567871,-0.0033385344669747408,-0.007200797271539328,0.22584269070310814,0.005431464354609172,1,0.008535168842693563,1,0.3960547681898716,0.3832134224546386,0.3960547681898716,0.22073180935548972
2023-04-28,411.489990234375,415.9400024414063,411.4299926757813,415.9299926757813,89433100,322.5599975585937,106.45999908447266,184.8000030517578,15.779999732971191,3.45199990272522,101.66999816894533,0.008535168842693563,0.009048957686290882,0.030294724049891864,0.012378142908797463,0.03361039759673856,0.02097265220181055,61.078656923130296,0.006490999097100968,-0.0007468175379060257,0.21336326121064406,0.12634992825458022,0.010125334106854978,-0.0590340308747076,-0.11800003051757768,-0.0014732029692445803,0.0029850911900017874,0.21748251367459237,0.009833376793961346,1,-0.0010097442299230597,1,0.454470494143959,0.342938614550054,0.454470494143959,0.20259089130598695
2023-05-01,415.4700012207031,417.6199951171875,415.2699890136719,415.510009765625,62122300,322.19000244140625,103.12999725341795,183.97000122070312,16.079999923706055,3.5739998817443848,102.1500015258789,-0.0010097442299230597,0.006979630295257833,0.014949058106468627,0.010603195842316726,0.03219580620331475,0.021366061823108407,60.376484692310704,0.006920043657141596,-0.00026007096677327927,0.214363142022947,0.11748208932260226,0.010151044575218577,-0.047957341338852655,0.05899977684020996,0.007893468809100135,-0.004545188837115188,-0.03434988131896832,0.011239158625301116,1,-0.011239232071373118,1,0.41484650415835905,0.3458171840252262,0.41484650415835905,0.23933631181641468
2023-05-02,414.7699890136719,414.8200073242188,407.8200073242188,410.8399963378906,103998500,319.3800048828125,105.6999969482422,187.5200042724609,17.780000686645508,3.438999891281128,101.95999908447266,-0.011239232071373118,0.011721852647318176,-0.0002677110740302302,-0.0007418389063711395,0.020413221571304874,0.021170765775405886,53.0705031489388,0.006346946383913065,-0.0007318276150863314,0.19211732660865902,0.12426306433632467,0.010781054987680793,-0.052238780931760265,0.042999982833862305,0.0009817246566061755,0.009528959744069532,0.06374153980854413,0.01706262736858677,1,-0.006864003868551016,2,0.3755328589693957,0.37327691640579086,0.2511902246248135,0.3755328589693957
2023-05-03,411.3599853515625,413.8699951171875,407.7699890136719,408.0199890136719,91531800,317.2900085449219,106.29000091552734,189.1100006103516,18.34000015258789,3.4030001163482666,101.33999633789062,-0.006864003868551016,0.009051349774204853,-0.0015905850507855757,-0.007522294923961947,0.01295975964549645,0.02063729438424944,49.1989653203345,0.005252477589383135,-0.0015001767680266574,0.19862544896090165,0.1251292657872855,0.010899333008818601,-0.026539277916689308,-0.028999805450439453,-0.0012812149526807426,0.023654839164488406,0.13779009782838392,0.03382191726416739,2,-0.007082947425800068,2,0.4717200389164937,0.32829291915426057,0.19998704192924563,0.4717200389164937
2023-05-04,406.9299926757813,407.2699890136719,403.739990234375,405.1300048828125,94901900,316.1700134277344,105.23999786376952,190.44000244140625,20.09000015258789,3.3510000705718994,101.4000015258789,-0.007082947425800068,-0.01765233315063186,-0.006059865514515761,-0.014255840309342127,0.005456024146904381,0.019996937605425202,45.53301468588196,0.003762389467124078,-0.002430747816652118,0.12169941748724461,0.12732886109483,0.010844850425763872,0.1796828739027565,-0.1770000457763672,-0.0009852066415870775,0.030798389398680737,0.02079738922042318,0.05625356865758202,2,0.018512575986983304,2,0.5070953756763797,0.2838708949704604,0.20903372935315984,0.5070953756763797
2023-05-05,408.9100036621094,413.7200012207031,408.6400146484375,412.6300048828125,87891800,322.8900146484375,104.88999938964844,187.4600067138672,17.190000534057617,3.446000099182129,101.20999908447266,0.018512575986983304,-0.007933998151321453,0.008406858478656964,0.003572825129061208,0.02346152006967195,0.019817889088470597,54.920695926134414,0.003926801166872438,-0.0017230152782673478,0.18707878621691346,0.14325042548119346,0.011637897789501308,0.08935366444527437,-0.005999803543091264,-0.004524432898172059,0.014393958972849008,-0.017234111307781963,0.03506773877196023,2,0.0002665471494098792,0,0.3467150189208002,0.3467150189208002,0.32420815088395144,0.3290768301952483
2023-05-08,412.9700012207031,413.239990234375,411.2799987792969,412.739990234375,50046800,323.69000244140625,103.41999816894533,187.69000244140625,16.979999542236328,3.5209999084472656,101.37000274658205,0.0002665471494098792,-0.006666553070075243,0.00764142719842642,0.0034583781611523534,0.02290416700608655,0.01937876973090691,55.04306732826817,0.00408461656446647,-0.0012509554716023056,0.18752414836310918,0.14323577335119148,0.011465196368015415,0.0559701257960481,-0.05299997329711914,-0.007635817598096173,0.020220694656844396,-0.19438269349331883,0.037045134725713025,2,-0.004385321513347584,0,0.3399268275431166,0.3399268275431166,0.331874182469124,0.3281989899877594
2023-05-09,411.1300048828125,412.0899963378906,410.6900024414063,410.9299926757813,49220100,321.6400146484375,103.0500030517578,189.0200042724609,17.709999084472656,3.5209999084472656,101.63999938964844,-0.004385321513347584,0.00021905447057957161,0.00295321549222205,-0.00108903655048187,0.017752511190871845,0.018862089245961,52.5165252156648,0.003829499968908944,-0.001223658661259296,0.17009820742259407,0.1442497216347408,0.011364472323352432,-0.00393709783292806,0.0820000171661377,-0.0031384827157472373,0.00799914657542633,-0.5267229815814651,0.03801132892607195,2,0.0046723613801760155,2,0.37339225217628436,0.3615659054988971,0.2650418423248186,0.37339225217628436
2023-05-10,413.8800048828125,414.5400085449219,408.8699951171875,412.8500061035156,96142900,325.1400146484375,104.0500030517578,188.75,16.940000534057617,3.438999891281128,101.4800033569336,0.0046723613801760155,0.01183769722047101,0.011763309531042543,0.0029930829996007713,0.02166824173994586,0.018619429243214913,54.88234362370519,0.0039262646145491725,-0.0008827149077279835,0.15979274725940237,0.14416360428393016,0.01162304230180099,-0.07633585642760887,0.03599977493286133,0.0013815573722357755,-0.0019036571793649149,0.050377027437458866,0.039433204647246534,2,-0.001743977740241598,0,0.3755459546637261,0.3755459546637261,0.2947204409294436,0.3297336044068302
2023-05-11,411.9500122070313,412.4299926757813,409.9700012207031,412.1300048828125,70157100,326.20001220703125,105.1500015258789,187.1300048828125,16.93000030517578,3.3970000743865967,102.05999755859376,-0.001743977740241598,0.017278404254517765,-0.003240855041319768,0.0014068862252836212,0.019009422264085973,0.017577806065577795,53.79982976354878,0.0038388611581213323,-0.0007828158154075526,0.14350378642333714,0.1363173250802508,0.011707479267604369,-0.15729217637686554,0.046000003814697266,0.006508836516599281,-0.017380789309809797,-0.26074082816044775,0.04311743576817384,2,-0.001310286896183177,0,0.40523863733567395,0.40523863733567395,0.30251955930175906,0.292241803362567
2023-05-12,413.4200134277344,413.6400146484375,409.0700073242188,411.5899963378906,70481500,325.0299987792969,104.2699966430664,186.80999755859372,17.030000686645508,3.463000059127808,102.68000030517578,-0.001310286896183177,-0.0025204384863316553,-0.002109283652260041,0.0002004742152392769,0.016981223039101323,0.016777385390692068,52.956165926381274,0.0036214817502063057,-0.0008050071129952047,0.053031718636930916,0.1361213369591278,0.012087280954234926,-0.009307727890706552,0.016999959945679155,0.01452426868886958,-0.0034674550943850635,-0.19808787622963686,0.05396144622729149,2,0.0034500678839837207,2,0.4470891538838241,0.299051187108707,0.25385965900746893,0.4470891538838241
2023-05-15,412.2200012207031,413.4299926757813,410.2300109863281,413.010009765625,54289400,326.7900085449219,103.19000244140624,187.2100067138672,17.1200008392334,3.507999897003174,102.43000030517578,0.0034500678839837207,0.0006542121859736127,-0.0022466847134759993,0.003764657414335959,0.02004528030762165,0.01621956179969941,54.956476322979896,0.003668516200434027,-0.000594202786324322,0.06025522251493336,0.13607294576928777,0.011455969448285105,0.008245070716805802,-0.013000011444091797,0.010456718258592401,-0.0025573856960703356,0.0847726527969821,0.05726251988397402,2,-0.006682670396272572,2,0.3495403747711023,0.34762154407590945,0.3028380811529883,0.3495403747711023
2023-05-16,411.8599853515625,412.8200073242188,410.239990234375,410.25,57705500,327.1600036621094,102.87999725341795,184.8699951171875,17.989999771118164,3.549000024795532,102.55999755859376,-0.006682670396272572,-0.0016547652590493955,-0.009560347497092114,-0.002463145206543116,0.01293945270225838,0.015440630423615431,50.46501237794785,0.0031613512231783948,-0.0009040366041004165,0.07215002997555058,0.13802795326213962,0.011308443061653925,0.015810316268790814,0.028000116348266157,0.00905153654535562,-0.021955396579567465,0.17239704917300047,0.06564288281726105,2,0.01213896645052559,0,0.4063916502889728,0.4063916502889728,0.31861117330178496,0.2749971764092423
2023-05-17,412.3500061035156,415.8599853515625,410.6400146484375,415.2300109863281,87287000,331.1199951171875,102.58000183105467,184.22999572753903,16.8700008392334,3.5810000896453857,102.87999725341795,0.01213896645052559,0.0057648173613342735,0.0026319512709147563,0.009512142513385502,0.024377561711457663,0.014725349574361335,57.2535126137262,0.003632887542725193,-0.00030699403732357397,0.11276054579851047,0.1450874485831913,0.010704912138164482,-0.004132213259585571,0.1420001983642578,0.01379576123544446,-0.02394704250310442,-0.09211184601255007,0.06591526236789447,2,0.009633215071565893,0,0.398272938234384,0.398272938234384,0.38585602180176776,0.2158710399638482
2023-05-18,414.8999938964844,419.6700134277344,414.6700134277344,419.2300109863281,97177200,337.2699890136719,101.81999969482422,181.83999633789065,16.049999237060547,3.6480000019073486,103.58000183105467,0.009633215071565893,0.017227588429370666,0.01784501800617111,0.018327144211692348,0.03321023080319807,0.014615231142666829,61.783780420402834,0.00471368378069024,0.0006491150394430285,0.12272276527468771,0.1471962989075167,0.010686258067863308,-0.05197879812478223,0.25099992752075195,0.01489324229689748,-0.028269162651038404,0.3851370709450648,0.04825508656013122,2,-0.0014550863563069782,1,0.40588871836314355,0.40085250396205585,0.40588871836314355,0.19325877767480062
2023-05-19,420.1700134277344,420.7200012207031,417.3500061035156,418.6199951171875,103793300,336.510009765625,101.0999984741211,183.63999938964844,16.809999465942383,3.691999912261963,103.1999969482422,-0.0014550863563069782,0.017080101173123863,0.015574921688579879,0.016053153025070932,0.030332552473734564,0.014053791778658287,60.726793488392175,0.005425721104284611,0.0010841835569297637,0.12308008955222051,0.1474391977487536,0.010875869519892322,-0.012918450489297073,0.22899985313415483,0.00506424465836508,-0.016969103422588505,0.4726318253726156,0.04433614680397224,2,0.0004061283018428341,0,0.42902455591734323,0.42902455591734323,0.3515391783364835,0.21943626574617328
2023-05-22,418.6400146484375,420.3900146484375,417.3500061035156,418.7900085449219,60745400,337.6400146484375,100.73999786376952,183.2100067138672,17.209999084472656,3.7190001010894775,103.1999969482422,0.0004061283018428341,0.013994815240862879,0.014928637251813148,0.01570649700693072,0.029085399582563953,0.013172016340407433,60.92742261081422,0.005946354693468573,0.0012852637212654929,0.12491185462761814,0.14744339803827894,0.01007835415844765,0.005256906590390464,0.2110002040863037,0.0075172961121967585,-0.021366379234810995,0.1189182418667365,0.03856346514234499,2,-0.011222837486886017,0,0.4344267710208319,0.4344267710208319,0.37366402550757694,0.19190920347159118
2023-05-23,417.0799865722656,418.7200012207031,413.6799926757813,414.0899963378906,86383500,333.3599853515625,101.02999877929688,183.42999267578125,18.530000686645508,3.697999954223633,103.48999786376952,-0.011222837486886017,0.009360137325754136,0.01972520200573724,0.003332802480214836,0.016101451735830885,0.012726235227286775,52.88429792607066,0.005454161577041784,0.0005921329606539243,0.14856371938186763,0.14127003285109116,0.010021977040418677,0.030016727203870275,0.14899992942810103,0.009067865905948658,-0.007789270727753594,0.4969716924729879,0.05414285209981262,2,-0.007244801918740551,0,0.3714763799284492,0.3714763799284492,0.2994986961487305,0.3290249239228204
2023-05-24,412.4200134277344,412.8200073242188,409.8800048828125,411.0899963378906,89213700,331.6499938964844,100.52999877929688,181.9499969482422,20.030000686645508,3.7190001010894775,103.88999938964844,-0.007244801918740551,-0.00997041287695799,0.016643612696931154,-0.004747608973312056,0.007782486133707023,0.012589866871953292,48.48460089247663,0.004407504398134891,-0.0003920045670986183,0.1264950364673533,0.14314468311846942,0.010082950083270762,0.18731474156557937,0.1380000114440918,0.009817283856866865,-0.01237582821566574,0.022073160951802784,0.053808157129190404,2,0.008659898295524604,2,0.35435608258843393,0.34973131022829396,0.2959126071832721,0.35435608258843393
2023-05-25,414.739990234375,416.1600036621094,412.4100036621094,414.6499938964844,90961600,339.7200012207031,100.27999877929688,180.1999969482422,19.13999938964844,3.813999891281128,104.20999908447266,0.008659898295524604,-0.010924831166233218,0.005431464354609172,0.003599047849022874,0.015246929405137832,0.01160611060869332,53.43529417721996,0.004160847022025806,-0.00047796442165853664,0.1209335668356525,0.12807179673836697,0.009390020941584958,0.19252338314464668,0.1659998893737793,0.006082228637585452,-0.009018914554975388,-0.0639615053736885,0.04049200239253703,2,0.012950669712364915,0,0.3786187359545918,0.3786187359545918,0.36667068669136893,0.25471057735403935
2023-05-26,415.3299865722656,420.7699890136719,415.25,420.0199890136719,93830000,348.3999938964844,101.08999633789062,180.9199981689453,17.950000762939453,3.809999942779541,104.20999908447266,0.012950669712364915,0.003344307278233316,0.009833376793961346,0.016093400433233818,0.027192373306748507,0.010923181735834842,59.72303414485919,0.0049192219035496575,0.0002717744808463232,0.1624325031745323,0.1327117328328221,0.00997741858590866,0.06781685503957036,0.11800003051757812,0.009786842694743392,-0.014811594585838583,-0.09599174513191122,0.03845060910550324,2,0.0003809429700838418,1,0.4692889667065399,0.35523547677977807,0.4692889667065399,0.17547555651368216
2023-05-30,422.0299987792969,422.5799865722656,418.739990234375,420.1799926757813,72216000,349.9800109863281,102.0999984741211,182.0399932861328,17.459999084472656,3.700000047683716,104.16999816894533,0.0003809429700838418,0.0033190479775029313,0.011239158625301116,0.015906618295979502,0.026068539977853078,0.010002810788769745,59.896797215661394,0.005527292200086535,0.000705291612510692,0.16243556799407394,0.13259053230995904,0.010277912021811,0.01452643889014249,-0.01900005340576172,0.009399236912667863,-0.006386187352537265,0.1888307592015197,0.038578757330704594,2,-0.005545210654671839,1,0.4765593557791217,0.3306350487716691,0.4765593557791217,0.19280559544920925
2023-05-31,418.2799987792969,419.2200012207031,416.2200012207031,417.8500061035156,110811800,347.989990234375,102.98999786376952,182.32000732421875,17.940000534057617,3.63700008392334,104.31999969482422,-0.005545210654671839,0.00908017532149441,0.01706262736858677,0.009417784849494737,0.019178669950625116,0.009669816846535673,56.10119225246266,0.00553049386385352,0.0005452841336101094,0.13956071660990735,0.12728612414961013,0.010042906569657853,-0.031840266094167013,-0.06099987030029297,0.008020116418857137,-0.0060512751233896545,0.282788958539536,0.04848624853921346,2,0.00950101989401353,1,0.40907797191024997,0.33971116395789724,0.40907797191024997,0.25121086413185284
2023-06-01,418.0899963378906,422.9200134277344,416.7900085449219,421.8200073242188,88865000,352.010009765625,103.12000274658205,183.75999450683597,15.649999618530272,3.608000040054321,103.55999755859376,0.00950101989401353,0.026101367296490485,0.03382191726416739,0.017312561465586906,0.02771333784930885,0.010223776622533709,60.673963616767374,0.006145358229823815,0.0009656538399580687,0.12017140254366965,0.12734182342607342,0.010498723037495813,-0.21867203784149092,-0.1110000610351567,-0.003176454259249506,0.009947774602649062,-0.003908592514378362,0.050874759571523764,2,0.014461158782416383,1,0.3495885912465267,0.3271144042107247,0.3495885912465267,0.3232970045427486
2023-06-02,424.5,428.739990234375,423.9500122070313,427.9200134277344,91426200,354.6499938964844,101.98999786376952,181.0500030517578,14.600000381469728,3.690999984741211,104.0199966430664,0.014461158782416383,0.03200294158104544,0.05625356865758202,0.02919568741374645,0.0407592055208037,0.011235490245897983,66.45583084102158,0.007640937439318735,0.0020280558495476718,0.13665322363888802,0.13056707320364935,0.010741322404503973,-0.23719953777188196,-0.12299990653991699,-0.001823264975295058,0.004717015082745801,0.005107649821463056,0.0370863587100434,2,-0.0019162630830240612,1,0.45004837100537975,0.28841407140613784,0.45004837100537975,0.2615375575884823
2023-06-05,428.2799987792969,429.6199951171875,426.3699951171875,427.1000061035156,65460200,354.8999938964844,101.8000030517578,182.13999938964844,14.729999542236328,3.693000078201294,104.0,-0.0019162630830240612,0.016856381303351098,0.03506773877196023,0.025439112246286033,0.03705323629948887,0.011326000651332047,65.07084126613633,0.008657972163510618,0.0024274513324211715,0.13209341682888218,0.11737315131860937,0.010770310227810437,-0.17938724701066944,-0.11699986457824707,-0.00201515292503196,0.00674331877653378,-0.30235319194287547,0.037532190471127436,2,0.0021774588210983215,1,0.43987427840833754,0.2841111053109693,0.43987427840833754,0.2760146162806931
2023-06-06,426.6700134277344,428.5799865722656,425.989990234375,428.0299987792969,64022200,354.8399963378906,102.4000015258789,182.33999633789065,13.960000038146973,3.6989998817443848,104.12999725341795,0.0021774588210983215,0.01868248426948016,0.037045134725713025,0.025789111972444934,0.03768470350947051,0.011596527393580969,65.93786650378429,0.009497653846353642,0.002624536192844938,0.13012800051047663,0.11724860083402833,0.010716867456933014,-0.20045814603955314,-0.0010001659393310547,-0.0003839965079244223,0.0016480062778638782,-0.11346239060595986,0.027171004172558577,2,-0.003457727240027353,1,0.38886755769598874,0.30778377559153486,0.38886755769598874,0.3033486667124763
2023-06-07,428.4400024414063,429.6199951171875,426.1099853515625,426.5499877929688,85373300,348.82000732421875,100.87999725341795,180.1499938964844,13.9399995803833,3.783999919891357,104.0999984741211,-0.003457727240027353,0.020820824607808985,0.03801132892607195,0.020332463188769356,0.03259166501594857,0.012014909129585583,63.24722888539804,0.00982015234375575,0.002338549491869649,0.12129239242274815,0.11663937318781187,0.010402397457163105,-0.22296548687836681,0.14699983596801713,-0.002108907413216232,-0.01190222323694523,-0.22956490193282664,0.02813269333821755,2,0.006048569132994341,0,0.3571571412029863,0.3571571412029863,0.3222470541441426,0.320595804652871
2023-06-08,426.6199951171875,429.6000061035156,425.8200073242188,429.1300048828125,61952800,353.1499938964844,102.05999755859376,182.52999877929688,13.649999618530272,3.71399998664856,103.33999633789062,0.006048569132994341,0.01732966059377805,0.039433204647246534,0.024509156628563566,0.037153664727302305,0.012342015702767384,65.86237494511406,0.010354966893402894,0.0023346759707011996,0.11395702545185962,0.11717543446439939,0.010136787254534893,-0.12779553027157353,0.10599994659423917,-0.0021243841820164366,-0.006693490228055765,-0.3028436392280426,0.024538015658384094,1,0.0017943024372815142,1,0.3593674244013967,0.35628099993449314,0.3593674244013967,0.28435157566411023
2023-06-09,429.9599914550781,431.989990234375,428.8699951171875,429.8999938964844,85742800,354.5,101.91999816894533,182.0399932861328,13.829999923706056,3.744999885559082,103.55999755859376,0.0017943024372815142,0.004626987302813745,0.04311743576817384,0.024174943469840615,0.03758273143850732,0.013091306377055245,66.6256229149555,0.010825943046466485,0.0022560137408533945,0.0593207034060001,0.11636169386348413,0.010077093469837508,-0.05273975600308567,0.053999900817871094,-0.004422217836163589,0.0054680487030536185,-0.062163799873559245,0.029216091502476393,2,0.00907186311201369,2,0.33823478934875095,0.3293502807063747,0.3324149299448745,0.33823478934875095
2023-06-12,430.9200134277344,433.8800048828125,430.1700134277344,433.7999877929688,76104300,360.489990234375,102.22000122070312,181.8800048828125,15.010000228881836,3.765000104904175,103.62999725341795,0.00907186311201369,0.01568714959893791,0.05396144622729149,0.030739188975220433,0.045476512168256544,0.014297819808023693,70.25334919479744,0.011703607610466604,0.002568579661726426,0.07526312763116796,0.11810344346475063,0.010141276109961593,0.019008872732320325,0.07200002670288086,-0.003557718717135061,-0.0014274432178937868,0.16260414725283456,0.028169667046037405,2,0.006592936721117493,1,0.38726111655697604,0.35403254178264876,0.38726111655697604,0.25870634166037526
2023-06-13,435.3200073242188,437.3299865722656,434.6300048828125,436.6600036621094,95899700,363.260009765625,101.20999908447266,180.5399932861328,14.609999656677246,3.83899998664856,103.33999633789062,0.006592936721117493,0.02016214963302687,0.05726251988397402,0.03462779125156734,0.05098781561404353,0.01581247333660518,72.60504494174687,0.012775818746463882,0.002960498391267092,0.07822366114303943,0.11890735136198403,0.00981639502862063,0.04656157713138187,0.14000010490417525,-0.007586679500285909,-0.009871685246841233,0.49791322385047687,0.029542421536886465,2,0.0011908327057916779,0,0.40645408541544675,0.40645408541544675,0.40528082708998925,0.1882650874945639
2023-06-14,437.010009765625,439.05999755859375,433.5899963378906,437.1799926757813,100612100,365.8999938964844,102.0199966430664,180.63999938964844,13.880000114440918,3.796000003814697,103.01000213623048,0.0011908327057916779,0.02492088896265998,0.06564288281726105,0.03256554886452667,0.050912433994521944,0.017768252243327787,73.02263769305222,0.01360912377209834,0.0030443823352155146,0.05323589420053601,0.11373873482698478,0.010010585708428013,-0.004304122507063468,0.012000083923339844,-0.010470666223511782,0.0027199861768831823,0.17849608718416654,0.027677401313488614,2,0.012397670338390565,0,0.3789015293418701,0.3789015293418701,0.3586127322570368,0.262485738401093
2023-06-15,436.3299865722656,443.8999938964844,436.2300109863281,442.6000061035156,110303100,370.260009765625,103.0,181.91000366210935,14.5,3.7279999256134033,102.12000274658205,0.012397670338390565,0.03138909204072449,0.06591526236789447,0.04199897718527401,0.06220857420822257,0.019395025777799058,76.96426308468796,0.014922793933447375,0.0035899413911220576,0.07584734095601875,0.11401153199256923,0.010307592104905037,0.062271091957821545,0.013999938964843306,-0.01180562835825505,-0.0033966751839908937,0.7804376880463837,0.01861723931483139,1,-0.007094474932526573,1,0.42805526055470694,0.4035717762971157,0.42805526055470694,0.1683729631481773
2023-06-16,443.0199890136719,443.6099853515625,438.9700012207031,439.4599914550781,114165800,367.9299926757813,102.5999984741211,181.6300048828125,13.539999961853027,3.7690000534057617,102.3000030517578,-0.007094474932526573,0.022237724341293452,0.04825508656013122,0.03214864505889836,0.05306238327013291,0.02026233170130376,70.53452064307693,0.015456245675903922,0.0032339344155082016,0.12116073725652084,0.11695793116386116,0.010140684805768144,-0.020968905528042647,0.024000167846679688,-0.012166807034956428,-0.0022521886312965034,0.33149139053075016,0.0335184346077928,2,-0.0051881828235321725,0,0.4200039782479306,0.4200039782479306,0.36951827249425434,0.21047774925781515
2023-06-20,437.4500122070313,438.3699951171875,435.0299987792969,437.1799926757813,76160400,366.8999938964844,103.30999755859376,179.75,13.880000114440918,3.7290000915527344,102.54000091552734,-0.0051881828235321725,0.0077916205115837744,0.04433614680397224,0.02456056770362469,0.046195506728663904,0.021116310452519382,66.20927369229646,0.015279916748478905,0.002395090556858878,0.1288081551724208,0.11931052953203254,0.01028996735674344,-0.07528315104663375,-0.03600001335144043,-0.010518154653860745,-0.011711044785736036,0.0007371462584899735,0.041218765344126496,2,-0.005123725403500368,0,0.4044833832166123,0.4044833832166123,0.36841656114618915,0.22710005563719865
2023-06-21,436.1600036621094,436.989990234375,434.3299865722656,434.9400024414063,76982300,361.8999938964844,103.55999755859376,179.49000549316406,13.199999809265137,3.723000049591065,102.06999969482422,-0.005123725403500368,-0.003938994197494661,0.03856346514234499,0.017385669969053552,0.0395747886608846,0.021809938302459253,62.1753853840854,0.014570407287471254,0.0012953782262393736,0.1269232297031504,0.12199661492246247,0.0101606731063596,-0.09650923207022077,-0.11599993705749512,-0.012289497658911297,-0.005815818278583018,-0.1972623480573975,0.039637628494972654,2,0.0036097101103735874,0,0.391913045160524,0.391913045160524,0.342250245477764,0.26583670936171205
2023-06-22,433.9500122070313,436.6199951171875,433.6000061035156,436.510009765625,70637200,366.1700134277344,102.30999755859376,177.7100067138672,12.90999984741211,3.799000024795532,102.38999938964844,0.0036097101103735874,-0.0015325104565184766,0.05414285209981262,0.01838774357425277,0.04199292779160557,0.023178975165692117,63.838388482995605,0.014024155929323266,0.0006374988185006436,0.1303842662466152,0.11172946241849539,0.009615218668838868,-0.06988474488696927,0.003000020980834961,-0.006018859661434561,-0.016220065797615146,-0.2979253986349555,0.03589833579892021,2,-0.007560006040454259,1,0.37461695091386665,0.3686157031972614,0.37461695091386665,0.256767345888872
2023-06-23,432.9299926757813,435.05999755859375,432.4700012207031,433.2099914550781,92074500,362.5400085449219,103.33000183105467,178.1999969482422,13.4399995803833,3.739000082015991,102.9000015258789,-0.007560006040454259,-0.02121557731348367,0.053808157129190404,0.008087535141442004,0.03287477738977085,0.024588382838054645,58.060142831526434,0.012972414562312186,-0.00041297334575710537,0.07207775136763381,0.11210516741319618,0.009213607301547596,-0.07310347721494481,0.01100015640258789,0.007638060696418814,-0.020394737173214272,-0.16525918129227557,0.048452300653203606,2,-0.0040857529802734716,2,0.3730263509957752,0.30108846743386836,0.32588518157035645,0.3730263509957752
2023-06-26,432.6199951171875,434.6099853515625,431.1900024414063,431.4400024414063,72823600,357.67999267578125,103.44000244140624,178.50999450683594,14.25,3.7190001010894775,102.69000244140624,-0.0040857529802734716,-0.01824964540484597,0.04049200239253703,0.00201127662128453,0.027774012383427804,0.025711023781103126,55.175454425795046,0.011638490887193244,-0.00144144861875341,0.0676845216829838,0.11216826920800042,0.009279548382529345,0.05243722600792422,-0.04999995231628418,0.003812310635524785,-0.017177835666467023,-0.36212420882611085,0.05562766517752249,2,0.010963311143060928,0,0.34579207006659957,0.34579207006659957,0.31296176516303453,0.34124616477036585
2023-06-27,432.3500061035156,436.80999755859375,431.8800048828125,436.1700134277344,72813700,363.8299865722656,103.16999816894533,177.69000244140625,13.739999771118164,3.767999887466431,102.48999786376952,0.010963311143060928,-0.002310213790583826,0.03845060910550324,0.011100413858460945,0.03786940227039537,0.026475103802777955,60.78298449582612,0.01117115865119629,-0.0014135491936767427,0.12099013660163208,0.10979407174369496,0.009634178391055698,-0.010086479983317576,0.03899979591369673,-0.0004876443467073388,-0.011460348031119616,-0.04394278391395001,0.04434049967328835,2,0.0005043932731050305,0,0.38413747959922134,0.38413747959922134,0.3383855626278313,0.27747695777294723
2023-06-28,435.0499877929688,437.4400024414063,434.4100036621094,436.3900146484375,75636000,364.5400085449219,103.61000061035156,177.27999877929688,13.43000030517578,3.7100000381469727,102.91000366210938,0.0005043932731050305,0.003333821214172028,0.038578757330704594,0.00971330633751033,0.037284662697922855,0.02730612361683238,61.02719537130789,0.010811376409553541,-0.001413589594745883,0.11363598438149694,0.10977212770350009,0.009550752948658106,0.017424280245004642,-0.013000011444092241,0.008229685214035998,-0.01231270068656476,-0.01748843565339042,0.03689354716080717,2,0.003941361271775801,0,0.36656106286133816,0.36656106286133816,0.35612288908735246,0.2773160480513095
2023-06-29,435.9599914550781,438.2799987792969,435.5400085449219,438.1099853515625,67882300,363.80999755859375,101.73999786376952,177.08999633789062,13.539999961853027,3.8540000915527344,103.33999633789062,0.003941361271775801,0.0036653812057976243,0.04848624853921346,0.011322549469492182,0.04019112161298288,0.028545365826792235,62.96870692850645,0.01068300655654994,-0.0011951724810233002,0.11419650986561948,0.1063297458378224,0.009343696860153398,0.0487993897666239,0.05500006675720259,0.009278220079159682,-0.0034888883718002806,-0.039000696516849453,0.0429344883821301,2,0.011800720368392525,1,0.3355489728341627,0.3304326606841906,0.3355489728341627,0.3340183664816467
2023-06-30,441.4400024414063,444.2999877929688,441.1099853515625,443.2799987792969,104964000,369.4200134277344,102.94000244140624,178.27000427246094,13.59000015258789,3.819000005722046,102.91000366210938,0.011800720368392525,0.023245094810475875,0.050874759571523764,0.02072865515613853,0.051011816483816474,0.029668179858285404,68.11118048526407,0.011301939246559636,-0.0003501628393252334,0.10795515359285064,0.10865705345497191,0.009729410629516712,0.01116075720891585,0.07999992370605469,9.720248865052739e-05,0.000392858167326926,0.13998989948357043,0.032733283264714474,2,0.0011505363811348257,0,0.3892224554487641,0.3892224554487641,0.3340348822265263,0.2767426623247095
2023-07-03,442.9200134277344,444.0799865722656,442.6300048828125,443.7900085449219,32793400,370.2900085449219,102.08000183105467,178.47000122070312,13.56999969482422,3.858000040054321,102.98999786376952,0.0011505363811348257,0.028625083519446815,0.0370863587100434,0.020039255429214364,0.050631265264968084,0.029991012280092155,68.57479057060971,0.011833845010398471,0.00015610694825810232,0.08537699727283327,0.09908443980529039,0.009311017990638163,-0.04771931966145826,0.1389999389648433,0.002921369317665068,-0.00022403947881632913,-0.5496871893177486,0.028594610507373996,2,-0.00148719811037068,0,0.4011812815866808,0.4011812815866808,0.29695387154672426,0.3018648468665949
2023-07-05,441.9100036621094,443.8900146484375,441.8999938964844,443.1300048828125,58418400,370.2799987792969,101.11000061035156,177.83999633789062,14.18000030517578,3.944999933242798,103.37000274658205,-0.00148719811037068,0.01595706087262072,0.037532190471127436,0.016649357306307122,0.047534677786195134,0.030379520980292618,67.21296949121765,0.012025144605581276,0.00026401085332742816,0.08246986493695332,0.09888014914961483,0.009076655335416416,0.032023329067479844,0.17700004577636674,0.008586251352861174,0.0008441324465275901,-0.1977004327482328,0.015796718621776007,1,-0.007830661842952336,0,0.36964511975634917,0.36964511975634917,0.2845284392865772,0.34582644095707366
2023-07-06,439.4200134277344,440.1000061035156,437.05999755859375,439.6600036621094,80658300,367.4599914550781,99.68000030517578,177.30999755859375,15.4399995803833,4.040999889373779,103.16999816894533,-0.007830661842952336,0.007493271852946126,0.027171004172558577,0.0073444169932024295,0.038005270919885925,0.030437309632590503,60.419373085844775,0.011489477411693259,-0.0002915845422883327,0.1145196654980465,0.1046693420386777,0.00924577143262112,0.1496648718937772,0.33099985122680664,0.002526425979826108,0.00016921694214477867,0.06640092019673172,0.020879753899188724,1,-0.002524714233486769,0,0.401211180218874,0.401211180218874,0.2169218963918087,0.38186692338931744
2023-07-07,438.6300048828125,442.6400146484375,438.2999877929688,438.5499877929688,86134200,366.239990234375,99.08000183105467,178.63999938964844,14.829999923706056,4.050000190734863,102.2699966430664,-0.002524714233486769,0.0010043195912396996,0.02813269333821755,0.0034217425440095095,0.03379959696709656,0.03027426368704056,58.38635036586786,0.010690090494063442,-0.0008966324475391277,0.1150874737129571,0.10415064170661265,0.008726808812102155,0.09527326185283713,0.1960000991821289,-0.01035416811246681,0.008752629080190255,0.2688756862981956,0.018834819280679982,1,0.0025311045491684947,0,0.42741235291043334,0.42741235291043334,0.22034363752149325,0.35224400956807345
2023-07-10,438.1799926757813,439.8399963378906,437.5899963378906,439.6600036621094,62443500,366.3599853515625,99.20999908447266,178.77999877929688,15.06999969482422,4.00600004196167,101.97000122070312,0.0025311045491684947,-0.008166384964709006,0.024538015658384094,0.004751129293570688,0.034694247590890015,0.02980152738755515,59.8415663808054,0.010095540102943041,-0.0011695437394635179,0.06365423447340299,0.10281203210167507,0.008316491642084407,0.1089035706857222,0.18700003623962402,-0.009134218326263155,0.0028607981971913166,-0.4050960329255745,0.02513302938845663,1,0.006368529703967729,0,0.43144787707228094,0.43144787707228094,0.24985789474779732,0.31869422817992166
2023-07-11,440.4500122070313,442.9700012207031,439.4400024414063,442.4599914550781,64463800,368.1700134277344,99.72000122070312,179.4499969482422,14.84000015258789,3.9800000190734863,101.7300033569336,0.006368529703967729,-0.0029969514054734026,0.029216091502476393,0.009700831851563008,0.039813026837606236,0.02982288816264944,63.32548258558071,0.009980292012643263,-0.0009708030468605701,0.08516850515007844,0.10441309285160694,0.00811857238364368,0.0935888346591538,0.12199997901916548,-0.012234144411796044,0.0054910949786297625,0.9657553044210117,0.014215993912209957,1,0.008045919692956538,0,0.48059413579686416,0.48059413579686416,0.29525654873534996,0.22414931546778596
2023-07-12,446.3900146484375,447.4800109863281,444.9100036621094,446.0199890136719,91924500,372.8200073242188,100.83000183105467,181.8800048828125,13.539999961853027,3.861000061035156,100.5199966430664,0.008045919692956538,0.006521752305226114,0.028169667046037405,0.016407614338122434,0.04669896043332811,0.029802360458438093,67.2193947393914,0.010384602299286226,-0.00038326752751212764,0.10370466276388988,0.10348063401728523,0.008401292585349654,-0.04513401477778167,-0.08399987220764205,-0.02757092026496899,0.022717097549001197,0.5735538802842939,-0.0006053294029914058,0,0.007936883171425269,0,0.48388562766856763,0.48388562766856763,0.3270838974168067,0.18903047491462568
2023-07-13,447.8999938964844,450.3800048828125,447.4500122070313,449.55999755859375,72425200,379.1499938964844,101.88999938964844,182.00999450683597,13.609999656677246,3.760999917984009,99.7699966430664,0.007936883171425269,0.022517385739033058,0.029542421536886465,0.022971108468173185,0.05332313150060508,0.02967045968471349,70.56604034942931,0.01118976780944647,0.00040535066906978716,0.07147770468481018,0.10447854776711352,0.008548048428351294,-0.11852331434199592,-0.2799999713897705,-0.03295533184280253,0.026507230347736277,-0.10207381013485284,-0.008119036204969787,0,-0.0006228285007950918,0,0.4871216811225625,0.4871216811225625,0.35761446746305603,0.15526385141438154
2023-07-14,450.4800109863281,451.3599853515625,448.489990234375,449.2799987792969,69815800,379.0700073242188,101.29000091552734,181.42999267578125,13.34000015258789,3.819000005722046,99.91000366210938,-0.0006228285007950918,0.024467019233833653,0.027677401313488614,0.020928486583633443,0.05077432631019341,0.029234016014612507,69.95767476952379,0.011714755387480694,0.0007388937749571793,0.060123214445445085,0.10474251979918882,0.008367361674454909,-0.10047200126659284,-0.23100018501281738,-0.023076103045096108,0.015617965157105118,-0.1894532020962637,-0.00807960490712989,0,0.003472216797614669,0,0.4918070277658493,0.4918070277658493,0.3484182551784007,0.15977471705575005
2023-07-17,449.1300048828125,451.9299926757813,449.0799865722656,450.8399963378906,52680200,382.6099853515625,101.33999633789062,181.55999755859372,13.479999542236328,3.796999931335449,99.83999633789062,0.003472216797614669,0.02542872351967085,0.01861723931483139,0.02351514284353473,0.05231511290835322,0.02813829406060986,71.43525703685842,0.012221654989554902,0.0010270176622463188,0.05817419507196235,0.0967873493014949,0.008248104968602494,-0.10550764331693896,-0.2090001106262207,-0.020888544251385643,0.015549831067672937,-0.15635414414630822,-0.006055387739560825,0,0.007430587638025177,0,0.4989685453838213,0.4989685453838213,0.35053818611508814,0.1504932685010906
2023-07-18,450.5,454.8599853515625,450.0499877929688,454.1900024414063,80668200,385.739990234375,101.8000030517578,183.63999938964844,13.300000190734863,3.7890000343322754,99.94000244140624,0.007430587638025177,0.026510896381281235,0.0335184346077928,0.02939927199952974,0.05771201880384513,0.027504144965364352,74.35248146991776,0.013007379908385781,0.0015162494217327467,0.060156879351634565,0.09450034360187808,0.008099200265201806,-0.10377358126808867,-0.19099998474121094,-0.017595604604935478,0.023349136320212738,0.25137208790049614,-0.024879428724163932,0,0.002223760453105239,0,0.4497610796840975,0.4497610796840975,0.3751921439366661,0.17504677637923635
2023-07-19,455.010009765625,456.4299926757813,454.1099853515625,455.2000122070313,65891700,385.6499938964844,102.9499969482422,183.6699981689453,13.760000228881836,3.742000102996826,100.27999877929688,0.002223760453105239,0.020582089187662023,0.041218765344126496,0.029585918406539458,0.05796645507617515,0.027565000804944395,75.17563772073191,0.013692315511405404,0.0017813454779712283,0.05725466308965389,0.09096586420955152,0.007969819893617931,0.01624817338616147,-0.11899995803832963,-0.0023875633882254332,0.009841616659765018,-0.2831976241371995,-0.034182770521361316,0,-0.006634489126235876,1,0.4299621071217428,0.3877443629915675,0.4299621071217428,0.1822935298866898
2023-07-20,454.1700134277344,455.1000061035156,451.4400024414063,452.1799926757813,70591600,376.760009765625,101.6999969482422,182.7400054931641,13.989999771118164,3.8540000915527344,100.87999725341795,-0.006634489126235876,0.005827909803843401,0.039637628494972654,0.02076495841603121,0.04902419868346164,0.02768437536421864,68.13405879819737,0.01365687959547467,0.0013330868646003215,0.08314430962302714,0.09268506421931584,0.008184176015639451,0.027920655696305197,0.09300017356872559,0.011125595346290762,0.004010829121258608,-0.025317154802472097,-0.035140838578085365,0,0.0,1,0.34697440520654554,0.334297994864921,0.34697440520654554,0.3187275999285334
2023-07-21,453.9599914550781,454.1700134277344,452.1700134277344,452.1799926757813,71275600,375.6300048828125,101.7300033569336,182.17999267578125,13.600000381469728,3.836999893188477,101.06999969482422,0.0,0.006454758512205672,0.03589833579892021,0.01896272418443723,0.047020265668476835,0.02753539537621119,68.13405879819737,0.01340183498380561,0.0008624338023450095,0.08241074174016987,0.09271944506188949,0.007522302660958606,0.019490271807185877,0.017999887466431108,0.011610409270305766,0.004133825884787834,0.02090930706229832,-0.034676440642574025,0,0.004467290822171233,0,0.36310678216157855,0.36310678216157855,0.36066180503559864,0.2762314128028228
2023-07-24,453.3699951171875,455.0400085449219,452.2999877929688,454.2000122070313,54023400,376.2300109863281,101.36000061035156,181.3999938964844,13.90999984741211,3.857000112533569,101.3499984741211,0.004467290822171233,0.007452790117189245,0.048452300653203606,0.021099833235585397,0.049687548103777734,0.027996983191746816,70.2926575266068,0.013346030721928895,0.0006899180482548083,0.08434444158513607,0.0862516518942883,0.007710593120066827,0.03189913351469187,0.06000018119811967,0.015124220669241017,-0.000881271559048602,0.025497245644473532,-0.0327168988766281,0,0.00273005328280318,1,0.3868637566114897,0.33196690606781826,0.3868637566114897,0.28116933732069205
2023-07-25,453.9200134277344,456.739990234375,453.8699951171875,455.4400024414063,55191200,378.7799987792969,101.16999816894533,182.41000366210935,13.859999656677246,3.911999940872192,101.3499984741211,0.00273005328280318,0.002752152168213451,0.05562766517752249,0.021132725517065687,0.05045040918191934,0.028710943183226423,71.56595869065247,0.013378174813024658,0.0006052159437593595,0.06865536065183442,0.08279629040755866,0.007827610183448715,0.04210522239935699,0.12299990653991655,0.014108425037727246,-0.006697863927396797,-0.3158245752353468,-0.03796330680712734,0,0.00015371360408278356,1,0.3889773236336874,0.3212955395024131,0.3889773236336874,0.2897271368638995
2023-07-26,454.4700012207031,456.989990234375,453.3800048828125,455.510009765625,71052900,377.5199890136719,101.2699966430664,183.3000030517578,13.1899995803833,3.8510000705718994,100.88999938964844,0.00015371360408278356,0.0006810139505284418,0.04434049967328835,0.019080229308877428,0.048487654428046145,0.02885683018216567,71.63986568040713,0.013289588874041317,0.000414874464453726,0.06704384573352222,0.07723200876862073,0.00744065085993265,-0.04142446504485664,0.10899996757507324,0.006082973850987994,-0.0020144559311595645,0.07832852999694961,-0.027397885268755084,0,-0.006629974021435614,0,0.3721522489051357,0.3721522489051357,0.36182400828329775,0.26602374281156654
2023-07-27,459.0199890136719,459.4400024414063,451.5499877929688,452.489990234375,92194400,376.6199951171875,99.3000030517578,180.4199981689453,14.40999984741211,4.01200008392334,101.7699966430664,-0.006629974021435614,0.0006855623061943206,0.03689354716080717,0.010503870083611533,0.03964665984350724,0.028839859621205166,63.92119097839457,0.01262516422195168,-0.0002683831319476529,0.06701509057252975,0.08320913493359768,0.008050700747267964,0.030021449833117275,0.15799999237060547,0.008822357393732938,-0.01269567283834605,0.3060250794712118,-0.034475846809024935,0,0.009790323076682261,0,0.38877581504992903,0.38877581504992903,0.31025707270448466,0.30096711224558637
2023-07-28,455.8800048828125,457.7799987792969,452.489990234375,456.9200134277344,80011800,383.4800109863281,99.80999755859376,181.8600006103516,13.329999923706056,3.9690001010894775,101.62000274658205,0.009790323076682261,0.010482597259343418,0.0429344883821301,0.01825834637248791,0.04757850790642171,0.028794422985469303,69.16877796042517,0.01254936666709882,-0.0001753380500201619,0.0956241645557316,0.08765266718828828,0.008447878964741534,-0.01985297427870314,0.13200020790100053,0.00544180323952248,-0.0017564610730835817,0.12256929440088893,-0.037096235027823,0,0.0019040424836307412,0,0.38380708164949995,0.38380708164949995,0.32634519006979457,0.28984772828070543
2023-07-31,457.4100036621094,458.1600036621094,456.0499877929688,457.7900085449219,62040400,383.6799926757813,100.0500030517578,182.3500061035156,13.630000114440918,3.9590001106262207,101.86000061035156,0.0019040424836307412,0.007903998770159015,0.032733283264714474,0.018550364304150246,0.0475288449453628,0.028450709613176528,70.08887924672959,0.012570824607266027,-0.00010375822053723278,0.09333432174368123,0.07984554420213731,0.008210265731283013,-0.020129384330890843,0.10199999809265181,0.0050320882477437046,0.005237112673627253,0.14839865687831577,-0.032831644419391126,0,-0.002861568697747563,0,0.3833840176665043,0.3833840176665043,0.33702029902803154,0.27959568330546414
2023-08-01,456.2699890136719,457.25,455.489990234375,456.4800109863281,55291500,382.7900085449219,98.13999938964844,180.4600067138672,13.93000030517578,4.051000118255615,102.3000030517578,-0.002861568697747563,0.0022835248097374805,0.028594610507373996,0.014203942646626944,0.04275365432458944,0.028149872503414164,66.85362643259174,0.012269902210982883,-0.00035284311273602064,0.09738396332576561,0.08141557518705712,0.007808210068388051,0.005050551964826955,0.1390001773834233,0.009373503620518253,-0.010690186443142013,0.0018173187029817406,-0.01603576749922131,0,-0.013910808689727716,0,0.3990292552280904,0.3990292552280904,0.36198017333182736,0.23899057144008234
2023-08-02,453.25,453.5199890136719,449.3500061035156,450.1300048828125,93933400,374.3900146484375,97.08999633789062,179.60000610351562,16.09000015258789,4.078000068664551,102.58999633789062,-0.013910808689727716,-0.011810947657507453,0.015796718621776007,-0.0006815518131904064,0.0267699810617823,0.027470255277265876,53.87244705881337,0.010908090789971852,-0.0015141793779660428,0.14147832778169095,0.09763385389227326,0.008357914680449257,0.21986358335580136,0.22699999809265137,0.01685000454481722,-0.020185471285548373,0.3220206353294517,0.0019550016067948484,1,-0.0028658577098359395,0,0.3927860704682328,0.3927860704682328,0.3156592343873115,0.29155469514445576
2023-08-03,448.0400085449219,450.7900085449219,447.3699951171875,448.8399963378906,64276100,373.7900085449219,94.8499984741211,179.5399932861328,15.920000076293944,4.189000129699707,102.54000091552734,-0.0028658577098359395,-0.008066463292577541,0.020879753899188724,-0.00455981940499528,0.02242574893346916,0.027109181309452834,51.677161796436785,0.009379487159445674,-0.002462788629046188,0.13673451515408375,0.09330621877862859,0.008469466244360542,0.10478835842271117,0.1770000457763672,0.007566122608429815,-0.004877535149892087,-0.30281991097073147,0.0033642495721086796,1,-0.004522767123829707,2,0.4017671631272067,0.3471769066277388,0.25105593024505446,0.4017671631272067
2023-08-04,450.7200012207031,452.8999938964844,446.2699890136719,446.80999755859375,100128900,372.0400085449219,96.52999877929688,180.19000244140625,17.100000381469727,4.059999942779541,102.0199966430664,-0.004522767123829707,-0.022126445706103004,0.018834819280679982,-0.009968787658818812,0.016286600363763837,0.02651975785742655,48.33898266393575,0.007724557667685251,-0.003337217052588246,0.09219477087140741,0.09458238117802248,0.009112229209633275,0.2828207411358725,0.09099984169006348,0.003936172856458864,-0.009182877836470649,0.25142666456697627,0.009802835448502245,1,0.008728528720920004,2,0.3617757233672583,0.3578381425246131,0.2803861341081286,0.3617757233672583
2023-08-07,448.7099914550781,450.8699951171875,447.989990234375,450.7099914550781,58357500,375.1900024414063,95.58000183105467,179.77999877929688,15.770000457763672,4.078000068664551,102.0500030517578,0.008728528720920004,-0.01546564354330815,0.02513302938845663,-0.0025483673489299363,0.02331292503930582,0.025927364838233435,54.42941870726954,0.006942241661089362,-0.003219052411339675,0.12771895030438823,0.09843598672002159,0.00891452099689834,0.15700662695192746,0.11899995803833008,0.001865329278104566,-0.014093815400037846,-0.05936293125124914,-0.0032615234820008165,0,-0.004348675405997704,0,0.38261154423108973,0.38261154423108973,0.3492261640680279,0.26816229170088235
2023-08-08,448.0799865722656,450.7000122070313,445.2699890136719,448.75,71361300,372.0,96.69000244140624,178.63999938964844,15.989999771118164,4.026000022888184,102.52999877929688,-0.004348675405997704,-0.016933952857269063,0.014215993912209957,-0.00757669794319793,0.017287655515543898,0.025054181423602495,51.16480577608436,0.005981679645647902,-0.0033791964765638436,0.12799001355441497,0.09841045377927081,0.009450073485065144,0.14788222690684205,-0.02500009536743164,0.00224824751395869,-0.010085377682072849,0.29063780147038876,-0.005637880288126729,0,-0.006685236768802283,0,0.37032184975054466,0.37032184975054466,0.35730467400701077,0.2723734762424446
2023-08-09,449.0299987792969,449.2000122070313,444.9599914550781,445.75,78789600,367.9100036621094,97.19000244140624,177.7899932861328,15.960000038146973,4.01200008392334,102.48999786376952,-0.006685236768802283,-0.009730533035567812,-0.0006053294029914058,-0.01418185166668895,0.009309420715975625,0.02382921477189326,46.561433449598084,0.004634869142160896,-0.00383120626310587,0.0971022980843183,0.0977644708389066,0.009590593326856812,-0.008079559553018978,-0.06599998474121094,-0.0009747390358778585,-0.01007802202601027,-0.16121848032755126,-0.0020190552921690585,0,0.0003589538129207259,0,0.39008165494989216,0.39008165494989216,0.2829343905278422,0.3269839545222657
2023-08-10,448.1900024414063,451.7000122070313,444.7000122070313,445.9100036621094,93005500,368.5899963378906,95.58999633789062,177.60000610351562,15.850000381469728,4.079999923706055,102.5199966430664,0.0003589538129207259,-0.006527922421547094,-0.008119036204969787,-0.013429793673071178,0.00849660925830098,0.022224878463546593,46.8361687059335,0.0035226854866193275,-0.003952281663235483,0.09785856791232467,0.09318560764217669,0.010388082336227015,-0.004396965734218217,-0.10900020599365234,-0.0001950875003152719,-0.010805320570138499,0.44696862441871854,-0.0008746487973682049,0,-0.0005830991982453959,0,0.3954485621920413,0.3954485621920413,0.2999246884777613,0.30462674933019745
2023-08-11,443.9700012207031,446.7000122070313,443.3500061035156,445.6499938964844,68690900,366.239990234375,95.37000274658205,177.60000610351562,14.84000015258789,4.168000221252441,102.83999633789062,-0.0005830991982453959,-0.0025961900325590648,-0.00807960490712989,-0.013608959898790074,0.006642720445186434,0.0205310870847919,46.418535092001626,0.002567457012180976,-0.0039294970624259426,0.09357202079468525,0.09318440420084159,0.010472678557084716,-0.13216375312662954,0.10800027847290039,0.008037636951637284,-0.014373696114094003,-0.3139752858565309,0.0062829986511732105,1,0.005520007828496709,2,0.4272753707994412,0.3370160239549819,0.23570860524557694,0.4272753707994412
2023-08-14,444.7000122070313,448.1099853515625,444.3800048828125,448.1099853515625,47867400,370.3500061035156,95.16000366210938,177.05999755859375,14.81999969482422,4.184000015258789,103.19000244140624,0.005520007828496709,-0.005768689740206834,-0.006055387739560825,-0.007864322608223007,0.0109986471094623,0.01901249007320671,50.881163989441276,0.002216298130186306,-0.003395991668517634,0.07444012936336034,0.09458288138330476,0.010552268002790592,-0.06024101048594199,0.10599994659423828,0.011170988295514883,-0.015129609740637928,-0.17975581544788588,-0.004730970490479658,0,-0.011648860489082202,2,0.372170990027996,0.3403369605681134,0.2874920494038906,0.372170990027996
2023-08-15,446.2699890136719,446.6400146484375,442.2999877929688,442.8900146484375,75707500,366.4200134277344,94.58000183105467,176.58999633789062,16.459999084472656,4.2210001945495605,103.20999908447266,-0.011648860489082202,-0.013058463178969304,-0.024879428724163932,-0.01819339736138792,-0.0014528419350136046,0.017050766802121586,42.745614276076,0.0010094647395606133,-0.0037351779047650017,0.10569626158502621,0.0981164262856509,0.01103145301911617,0.029393328335340252,0.19500017166137695,0.006632208263647188,-0.011475610494637078,0.06090415953745243,0.008173575825729529,1,-0.007338164990194795,2,0.4298624637836969,0.3454262552033424,0.2247112810129607,0.4298624637836969
2023-08-16,442.4599914550781,444.1799926757813,439.5299987792969,439.6400146484375,80107200,362.5400085449219,93.83999633789062,175.57000732421875,16.780000686645508,4.257999897003174,103.41999816894533,-0.007338164990194795,-0.013707202134744856,-0.034182770521361316,-0.02371427161547124,-0.009340522273051599,0.014722892002328125,38.6066475510278,-0.000557501255987158,-0.004269774601790158,0.10737152815419823,0.09949931166865056,0.010586593986993716,0.051378486625225595,0.24599981307983398,0.009074059172212712,-0.012486563056117839,0.0167230192817327,0.024383519120063202,1,-0.007619884432481627,2,0.4477409107596321,0.35106584091217746,0.20119324832819027,0.4477409107596321
2023-08-17,441.1600036621094,441.4299926757813,435.75,436.2900085449219,95711300,358.5799865722656,93.44000244140624,175.3000030517578,17.889999389648438,4.308000087738037,103.44000244140624,-0.007619884432481627,-0.021573849068605155,-0.035140838578085365,-0.02944109596492117,-0.017255062364991414,0.012555686779304631,34.85975200439093,-0.00241089927221388,-0.004921341529051551,0.10781232377213625,0.10020398017944172,0.010731729476183935,0.12870655893255845,0.22800016403198242,0.008973915611243388,-0.012950467188707404,0.02909290310788082,0.016227707335948915,1,0.00048131162979969666,2,0.4653548300790811,0.32912162438946724,0.20552354553145175,0.4653548300790811
2023-08-18,433.3699951171875,437.5700073242188,433.010009765625,436.5,98852000,358.1300048828125,93.7699966430664,175.3300018310547,17.299999237060547,4.250999927520752,103.37999725341795,0.00048131162979969666,-0.020531794057669694,-0.034676440642574025,-0.027277464034944687,-0.017222584616422565,0.010336842261546186,35.28374975161428,-0.003791942928022058,-0.005040941968877652,0.1103795897265272,0.10033110506493413,0.011127480038877164,0.16576813067240215,0.08299970626831055,0.005250884235284303,-0.012781555148921875,0.439084361975167,0.016334489994988655,1,0.0065062917248353,2,0.3759119973086024,0.3483998244752971,0.2756881782161005,0.3759119973086024
2023-08-21,437.5499877929688,440.1099853515625,435.3200073242188,439.3399963378906,68719000,363.8999938964844,92.5199966430664,175.80999755859375,17.1299991607666,4.3420000076293945,103.33000183105467,0.0065062917248353,-0.019571063578936787,-0.0327168988766281,-0.01932489747611854,-0.011282915499599366,0.00820045492724586,40.88768312983668,-0.004284754580801535,-0.004420543840136964,0.1158913306446831,0.102248073276394,0.011460370884564348,0.15587041251756117,0.15799999237060547,0.0013567146655311113,-0.007059753853132955,0.4356117106840982,0.0076705857542631595,1,-0.002708613946659777,0,0.3527810764750436,0.3527810764750436,0.3010204228539166,0.3461985006710398
2023-08-22,441.1799926757813,441.1799926757813,437.5700073242188,438.1499938964844,64994200,363.3800048828125,93.2300033569336,176.10000610351562,16.969999313354492,4.328000068664551,103.55999755859376,-0.002708613946659777,-0.010702478256855108,-0.03796330680712734,-0.020090236636897907,-0.014326974305995277,0.00588142148020121,39.35009451886785,-0.004870500098897409,-0.004005326526280214,0.09357982735682942,0.10097824805487735,0.010917652408019113,0.030984219759947473,0.10699987411499023,0.00339112951483167,-0.0027747338158241597,-0.14150909751345642,0.0011183858468086783,0,0.011137749516813678,2,0.38707909629164144,0.33155726560232474,0.28136363810603376,0.38707909629164144
2023-08-23,439.25,443.6700134277344,439.1000061035156,443.0299987792969,68441000,369.1099853515625,95.54000091552734,177.88999938964844,15.979999542236328,4.197999954223633,103.36000061035156,0.011137749516813678,0.0077108179826856915,-0.027397885268755084,-0.007791561584056472,-0.0037625137433795475,0.004060686932988888,47.98799735739657,-0.004328108900436766,-0.0027779722177809895,0.11768942960561185,0.11099212103545443,0.011135972249050021,-0.047675870779067764,-0.059999942779541016,-0.0005801349802361244,0.013214056892675519,-0.14563235264745245,-0.026273580035057753,0,-0.013859070825400499,0,0.3400189363938724,0.3400189363938724,0.3346725317669161,0.3253085318392115
2023-08-24,444.6900024414063,445.2200012207031,436.8599853515625,436.8900146484375,88517300,361.2200012207031,94.91000366210938,177.85000610351562,17.200000762939453,4.235000133514404,103.9800033569336,-0.013859070825400499,0.0013752460330611616,-0.034475846809024935,-0.019830407455493915,-0.017579602244446435,0.0022963426208768567,40.225352457869825,-0.005071724241947271,-0.002799841744083524,0.15175276559790649,0.11826824874497213,0.011575320597064948,-0.038568957532118975,-0.07299995422363281,0.005220426361003172,0.014546508884001108,-0.0751635386835201,-0.014809222009593226,0,0.007049798505337934,2,0.4382986122865313,0.29201206462703705,0.26968932308643173,0.4382986122865313
2023-08-25,438.6799926757813,441.2999877929688,435.0,439.9700012207031,102325100,364.0199890136719,95.22000122070312,177.6199951171875,15.68000030517578,4.238999843597412,104.08000183105467,0.007049798505337934,0.007949601880190338,-0.037096235027823,-0.011040019712609705,-0.010777860063048816,0.0002650862065061155,45.02905955190062,-0.004951590480443304,-0.0021564897400519105,0.1591977516475142,0.11508605547204545,0.01185794775369319,-0.09364156088598896,-0.012000083923339844,0.006771180075781702,0.013061046382349506,0.03513434224901868,-0.017592086307930743,0,0.006341360859106304,2,0.4019603735964906,0.3033932704537737,0.2946463559497357,0.4019603735964906
2023-08-28,442.239990234375,443.3999938964844,439.9700012207031,442.760009765625,61595400,366.760009765625,95.31999969482422,178.1300048828125,15.079999923706056,4.211999893188477,104.05999755859376,0.006341360859106304,0.007784434506855398,-0.032831644419391126,-0.0030846645346667145,-0.00451200803805174,-0.001431760002687521,49.025333750247896,-0.004295752531828099,-0.0012146118745218581,0.15888316583568637,0.1180522292983393,0.011458959819422375,-0.11967304947426538,-0.13000011444091797,0.00706470255108127,0.013196105775756806,-0.10366274247296958,-0.03812450201125417,0,0.014454769525983568,1,0.4014865014117572,0.2955811593010688,0.4014865014117572,0.302932339287174
2023-08-29,442.6499938964844,449.4500122070313,442.4599914550781,449.1600036621094,83081900,374.7699890136719,96.30999755859376,179.8699951171875,14.449999809265137,4.122000217437744,103.5500030517578,0.014454769525983568,0.025128403329902183,-0.01603576749922131,0.012159621283956534,0.009437240892624654,-0.002689674962412014,56.78609517582012,-0.002567215381435226,0.00037601815953340677,0.1754702292807173,0.13097347929477904,0.011733007591976955,-0.14849732504739988,-0.20599985122680664,-9.650933827332064e-05,0.02140822761502803,0.2782971403602168,-0.051451633450705914,0,0.004118813092065299,1,0.46773754481266566,0.30836886536486857,0.46773754481266566,0.22389358982246574
2023-08-30,449.510009765625,451.6700134277344,448.7799987792969,451.010009765625,69053900,376.8599853515625,96.20999908447266,180.32000732421875,13.880000114440918,4.118000030517578,103.16000366210938,0.004118813092065299,0.018012349069624678,0.0019550016067948484,0.016227756211937727,0.012965236095962895,-0.0032104221677000666,58.74152140409148,-0.0008993777522721903,0.0016254263087080432,0.16693316488357007,0.12234324094794535,0.011033962091687385,-0.13141423579174427,-0.07999992370605469,-0.001934954983177084,0.013660171695473622,0.008955158457649715,-0.049865901565334325,0,-0.0014633902747576144,1,0.5024662942605683,0.2765378932858627,0.5024662942605683,0.22099581245356906
2023-08-31,451.6499938964844,452.8299865722656,450.1600036621094,450.3500061035156,66084600,377.989990234375,96.63999938964844,180.02000427246094,13.56999969482422,4.0929999351501465,103.62000274658205,-0.0014633902747576144,0.030808649783193864,0.0033642495721086796,0.014568020379762237,0.010783193184701334,-0.003730481465051727,57.73774811662537,0.000293022683544687,0.002257221546442668,0.09115497103229367,0.1219891498634078,0.01094227644876018,-0.2110465643662489,-0.1420001983642578,-0.003462210028170265,0.012201282510399647,-0.25342729613307224,-0.050782713017063164,0,0.0018652077861804894,1,0.40621515091372734,0.3111505877663282,0.40621515091372734,0.28263426131994446
2023-09-01,453.1700134277344,453.6700134277344,449.6799926757813,451.1900024414063,58944100,377.5899963378906,94.8499984741211,180.11000061035156,13.09000015258789,4.172999858856201,104.23999786376952,0.0018652077861804894,0.025501741458674676,0.009802835448502245,0.01595915348604726,0.012001638172070672,-0.0038953488438950856,58.70492179163656,0.0013711669279916254,0.0026653671780822908,0.09509833071313811,0.12081357607782127,0.010963072197219056,-0.16517857794511404,-0.06599998474121094,0.0015372408714457997,0.014018722900657865,-0.4239526763228182,-0.052926715471524055,0,-0.0043219313293284545,1,0.3773088912643672,0.2761367893548827,0.3773088912643672,0.3465543193807502
2023-09-05,450.7300109863281,451.05999755859375,449.1700134277344,449.239990234375,55166200,378.0700073242188,93.5199966430664,178.63999938964844,14.010000228881836,4.26800012588501,104.80999755859376,-0.0043219313293284545,0.014635423990030594,-0.0032615234820008165,0.011735692547262921,0.006903778841885755,-0.004775865614873975,55.52798642735566,0.0018639548448033786,0.0025310182551350384,0.11426882596576698,0.11789255027541272,0.010408053105253055,-0.07095488728366373,0.0560002326965332,0.007207380526582208,0.0028630466112178343,-0.10437792432551785,-0.06154838059287415,0,-0.006722440297659893,1,0.38317935264486547,0.30450789216315655,0.38317935264486547,0.31231275519197793
2023-09-06,448.3999938964844,448.510009765625,443.80999755859375,446.2200012207031,70758500,374.739990234375,93.75,177.8300018310547,14.449999809265137,4.289999961853027,104.86000061035156,-0.006722440297659893,-0.006545557078626141,-0.005637880288126729,0.005220738262458502,-0.0005272651865682043,-0.005718150482014739,50.93104307212682,0.0016992978771381468,0.0018967007446728343,0.07007457444946354,0.11930985106911242,0.010603352294698568,0.0,0.1679997444152832,0.012650869338352244,-0.011341487415973628,-0.14832833625615205,-0.048316968086623335,0,-0.003070223462506516,2,0.3721924441011502,0.28540513915915056,0.3424024167396991,0.3721924441011502
2023-09-07,443.1099853515625,445.5499877929688,442.75,444.8500061035156,70355400,372.05999755859375,94.01000213623048,178.02000427246094,14.399999618530272,4.260000228881836,105.05999755859376,-0.003070223462506516,-0.013658241566102958,-0.0020190552921690585,0.0022360855697876048,-0.00398316131620069,-0.006205371145115435,48.951251959758274,0.0013001178050780476,0.0011985028880255474,0.051014394824753104,0.11740087555896929,0.010281153824046697,0.037463940907921156,0.1420001983642578,0.018417931650212438,-0.012755118446853064,0.018847595863521027,-0.045745770089481,0,0.0015060872225780564,2,0.39893058352533156,0.260237541013421,0.3408318754612474,0.39893058352533156
2023-09-08,444.8999938964844,447.1099853515625,444.5299987792969,445.5199890136719,61659700,372.5799865722656,94.37000274658205,178.0800018310547,13.84000015258789,4.257999897003174,105.08999633789062,0.0015060872225780564,-0.010725029475704195,-0.0008746487973682049,0.003789641697823809,-0.002890730535474284,-0.0066551515933148675,49.975370132374664,0.0010869602239821407,0.0007883984941691763,0.059375840461404795,0.11752766968656984,0.00994824495983736,0.01989686542636049,0.16499996185302734,0.014186388268138339,-0.010776593686055325,-0.06695811126949391,-0.035868156003791785,0,0.006576636886363119,2,0.36680641663614455,0.2834774415829878,0.3497161417808676,0.36680641663614455
2023-09-11,448.239990234375,448.7699890136719,446.4700012207031,448.4500122070313,60180100,376.9700012207031,93.69000244140624,178.41000366210938,13.800000190734863,4.288000106811523,104.56999969482422,0.006576636886363119,-0.006072807951303938,0.0062829986511732105,0.010072591992923652,0.0032025767015497753,-0.006801506491547427,54.29385667696382,0.0014243656861452183,0.0009022037274815716,0.08382744427725815,0.11979680020319104,0.009637960613304986,0.054239880051231815,0.11500024795532227,0.0031657889276435203,-0.009438659388602999,0.020969019800115785,-0.03603523965263944,0,-0.005485610225651194,1,0.43326482728320714,0.32769365993488975,0.43326482728320714,0.2390415127819031
2023-09-12,446.9500122070313,448.5299987792969,445.3900146484375,445.989990234375,67565400,372.7900085449219,94.2300033569336,177.49000549316406,14.229999542236328,4.263999938964844,104.70999908447266,-0.005485610225651194,-0.0072344405454741745,-0.004730970490479658,0.004771616694458247,-0.0024215554269975126,-0.007159012059994474,50.362792777436844,0.0012472903363939826,0.000577798560979803,0.08690283954530213,0.11985519164947617,0.009615848186792902,0.015703019968619225,-0.004000186920166016,-0.0009540928961973005,-0.006437493844679287,0.22476081368664147,-0.02567318087887127,0,0.001165989243338661,1,0.42247360166877856,0.34718053319045733,0.42247360166877856,0.23034586514076408
2023-09-13,446.2200012207031,447.7099914550781,445.0799865722656,446.510009765625,60199300,374.2099914550781,94.20999908447266,177.0800018310547,13.479999542236328,4.249000072479248,104.7699966430664,0.001165989243338661,0.0006499227827718723,0.008173575825729529,0.005533138656257597,-0.0013799022991131116,-0.00687500062365809,51.167674691796755,0.0011798242114652996,0.00040888971770002523,0.0737362592475115,0.11200904436046491,0.009142331262226792,-0.06712804704722963,-0.0409998893737793,-0.0008583250692473232,-0.004217511062686308,-0.1492287145713942,-0.022821442338448295,0,0.008622372403159329,1,0.4173557824966762,0.3209455153648071,0.4173557824966762,0.26169870213851676
2023-09-14,449.0700073242188,451.0799865722656,447.7200012207031,450.3599853515625,83430800,377.2699890136719,93.52999877929688,177.1699981689453,12.81999969482422,4.288000106811523,105.41000366210938,0.008622372403159329,0.012386150775425042,0.024383519120063202,0.012980491797377702,0.006904941858234537,-0.005997696883938031,56.75818837067402,0.0017870747048321796,0.0008181845359836305,0.08717880498402907,0.11165385064307297,0.008463063924982835,-0.10972221983067754,0.0279998779296875,0.0033314878321828445,-0.004774778581707495,0.18584785247472113,-0.03708140650288172,0,-0.015520895420845227,1,0.44749318065239896,0.3222954338642528,0.44749318065239896,0.2302113854833482
2023-09-15,447.1400146484375,447.4800109863281,442.9200134277344,443.3699951171875,111848900,370.80999755859375,92.95999908447266,178.33999633789062,13.789999961853027,4.322000026702881,105.31999969482422,-0.015520895420845227,-0.004825807931186699,0.016227707335948915,-0.003535297045833774,-0.008887544394334479,-0.005371236264197998,46.37693815216209,0.001028201815820301,3.522921627506901e-05,0.15586923468755545,0.12291334545476089,0.008780144858864898,-0.0036127305045956515,0.06400012969970703,0.002188632267091206,0.0014599871078313509,0.8139708756286521,-0.026772211128202605,0,0.0005864396970667318,1,0.36049104700656887,0.31913166562941364,0.36049104700656887,0.3203772873640175
2023-09-18,443.0499877929688,444.9700012207031,442.55999755859375,443.6300048828125,55752200,370.6600036621094,93.48999786376952,179.38999938964844,14.0,4.318999767303467,105.1999969482422,0.0005864396970667318,-0.010748148495965726,0.016334489994988655,-0.003749153436945374,-0.008531497178557945,-0.0048003409564078,46.76697002162318,0.00044637175532990825,-0.00043681509356753324,0.14296583794522136,0.12290991426181566,0.008610771099878116,0.014492739601511984,0.03099966049194336,0.006024646220297969,0.005492941580759636,-0.07357747826939465,-0.01710884352805575,0,-0.0020738304839804655,2,0.3619951046845183,0.2782586132724787,0.35974628204300296,0.3619951046845183
2023-09-19,442.6799926757813,443.2900085449219,439.9400024414063,442.7099914550781,66514600,369.8699951171875,92.8000030517578,179.22000122070312,14.109999656677246,4.364999771118164,105.1999969482422,-0.0020738304839804655,-0.007354422411079642,0.0076705857542631595,-0.0061912625227095175,-0.0107225013304868,-0.00455946766908033,45.50571299365475,-0.00017989957473587697,-0.0008519374477785886,0.1399349919894265,0.12142719002873473,0.008096227554504851,-0.008432880493278172,0.10099983215332031,0.0046795708915463585,0.009747003628357565,-0.015552338919032516,-0.015111478327872963,0,-0.009193324942280201,2,0.37790605818160394,0.3055046781662163,0.3165892636521797,0.37790605818160394
2023-09-20,444.010009765625,444.4400024414063,438.4299926757813,438.6400146484375,82562600,364.5400085449219,93.08999633789062,179.35000610351562,15.140000343322754,4.348999977111816,105.16000366210938,-0.009193324942280201,-0.017625573772284464,0.0011183858468086783,-0.015381823834188513,-0.01964988348609531,-0.0043347357942618014,40.3246653128348,-0.001415629622128758,-0.0016751224668012763,0.14691414952277265,0.1257412194718741,0.008679412498673628,0.12314546420311179,0.09999990463256836,0.003722506743716547,0.012819088824195246,0.3714877083288344,-0.019218545759250638,0,-0.016528359834683037,2,0.4272671211903224,0.29762402831566565,0.27510885049401207,0.4272671211903224
2023-09-21,435.7000122070313,435.9700012207031,431.2300109863281,431.3900146484375,104095800,357.8599853515625,90.6999969482422,178.0500030517578,17.540000915527344,4.480000019073486,105.36000061035156,-0.016528359834683037,-0.04212179438703145,-0.026273580035057753,-0.030389230859503957,-0.03522254389051138,-0.0049847971834016125,33.09600257075931,-0.003746783692003875,-0.0032085100873303915,0.12246971842203071,0.13169740603302008,0.009610121689511949,0.36817483097200965,0.1919999122619629,-0.00047436723290605887,0.004967008477210433,0.24769030142345505,-0.011497767227408806,0,-0.0022485481530990503,2,0.4312228683058015,0.3429428164565491,0.22583431523764938,0.4312228683058015
2023-09-22,432.4500122070313,434.1000061035156,429.989990234375,430.4200134277344,100829700,357.9100036621094,91.43000030517578,178.6199951171875,17.200000762939453,4.438000202178955,105.58000183105467,-0.0022485481530990503,-0.02920806963049072,-0.014809222009593226,-0.03186550451105341,-0.03656708969864653,-0.004856334744294477,32.262692261609544,-0.0057040453658806735,-0.004131646959567831,0.11051161431958421,0.12318277910061744,0.009651692501767051,0.24728069691946608,0.11600017547607422,0.00246868721025284,0.001570027952486841,-0.09851862646838727,-0.021444195665584975,0,0.004205189122549191,2,0.4691810840931854,0.3008466692533126,0.22997224665350188,0.4691810840931854
2023-09-25,429.1700134277344,432.2699890136719,428.7200012207031,432.2300109863281,70874500,359.6099853515625,89.18000030517578,177.6999969482422,16.899999618530273,4.541999816894531,106.0,0.004205189122549191,-0.025697075876316644,-0.017592086307930743,-0.02694730297882264,-0.03177664793492918,-0.004963086758703494,35.524914410202385,-0.006801833922581793,-0.004188816047754485,0.1258035404945075,0.12120185782309886,0.009864116639134593,0.20714282989501953,0.22300004959106445,0.007604591967349528,-0.009420828625655076,0.2712413142441015,-0.027230916947186046,0,-0.014691266090073651,2,0.38739228438478696,0.32855140793581356,0.28405630767939943,0.38739228438478696
2023-09-26,429.0899963378906,429.8200073242188,425.0199890136719,425.8800048828125,96168400,354.2099914550781,88.87000274658203,176.27999877929688,18.940000534057617,4.558000087738037,106.2300033569336,-0.014691266090073651,-0.038015827284470394,-0.03812450201125417,-0.03941752860936887,-0.044933080704805284,-0.005741882930105469,30.056037362379072,-0.008905917159706485,-0.005003150686918069,0.13759161167844494,0.12746136498910304,0.01030974016798118,0.34231048865367475,0.19300031661987305,0.009790935727860717,-0.016404432660313106,0.44582392437149143,-0.005283178299528624,0,0.00039913334321273197,0,0.36481721805425005,0.36481721805425005,0.2874090075304464,0.3477737744153035
2023-09-27,427.0899963378906,427.6700134277344,422.2900085449219,426.0499877929688,104705800,355.0400085449219,88.41000366210938,174.10000610351562,18.21999931335449,4.625999927520752,106.66999816894533,0.00039913334321273197,-0.028702412992483994,-0.051451633450705914,-0.03652305718249549,-0.04334446696396055,-0.007079992761961917,30.365072631767248,-0.010337499593217173,-0.005149032178533758,0.14749085561223238,0.11240024665304343,0.010625844750142435,0.20343453766103226,0.27699995040893555,0.014359019154161823,-0.029272371459914237,0.2681989181542248,-0.019950710582182674,0,0.005797444646104211,0,0.3676886388483387,0.3676886388483387,0.31557816927144855,0.31673319188021276
2023-09-28,425.4800109863281,430.25,424.8699951171875,428.5199890136719,92258300,358.010009765625,88.68000030517578,173.22999572753906,17.34000015258789,4.5970001220703125,106.22000122070312,0.005797444646104211,-0.006652971875356406,-0.049865901565334325,-0.028466776553453532,-0.03664406445367907,-0.008416889616205236,34.868328548232014,-0.01081889122881273,-0.0045282642285206795,0.1289146253878996,0.11388197579496641,0.011031322820820737,-0.011402551453825849,0.11700010299682617,0.008162496254456864,-0.027071088130324883,-0.11371736419721068,-0.03726780927410489,0,-0.0024269066881511536,0,0.38527078122448455,0.38527078122448455,0.3519473071924598,0.26278191158305564
2023-09-29,431.6700134277344,431.8500061035156,425.9100036621094,427.4800109863281,115111300,358.2699890136719,88.69000244140625,171.4499969482422,17.520000457763672,4.572999954223633,106.16999816894533,-0.0024269066881511536,-0.006830543073480633,-0.050782713017063164,-0.02830545640484028,-0.037913584007308265,-0.009888012303659766,33.87500540615561,-0.011340563497077457,-0.004027706072715337,0.1290028287791592,0.11381364939367954,0.011507638343517118,0.018604632594767967,0.13499975204467773,0.005588144796916605,-0.04014107247198884,0.14164080623070374,-0.03930012603813682,0,-0.00039771082475204,0,0.39769154573285753,0.39769154573285753,0.39577408931731717,0.20653436494982538
2023-10-02,426.6199951171875,428.6000061035156,424.4599914550781,427.30999755859375,83798600,361.260009765625,86.93000030517578,169.64999389648438,17.610000610351562,4.683000087738037,106.9000015258789,-0.00039771082475204,-0.01138285936348371,-0.052926715471524055,-0.026048553734241864,-0.037218432185115446,-0.011468619399560565,33.705957484389046,-0.011635776458674935,-0.0034560075796735046,0.12038113710201896,0.11292192172834353,0.011679380649371844,0.042011893955476554,0.14100027084350586,0.008490580432819916,-0.04530108716941905,0.18235190371713372,-0.02742739764495228,0,-0.013386069255070021,1,0.44054349142664595,0.3675385133313125,0.44054349142664595,0.19191799524204167
2023-10-03,425.05999755859375,427.3699951171875,420.1799926757813,421.5899963378906,103760600,354.9200134277344,85.05999755859375,169.16000366210938,19.780000686645508,4.802000045776367,107.0,-0.013386069255070021,-0.010073280021921538,-0.06154838059287415,-0.03604844771225946,-0.04870838235818897,-0.013133372331714965,28.544720113493852,-0.012972416383252644,-0.003745333566617591,0.11195414289308583,0.1190742448583862,0.012610427842875438,0.04435058758722921,0.24399995803833008,0.007248391402937315,-0.040390260758407126,0.0789469305925854,-0.008040950118138879,0,0.007281973839242228,0,0.38234825143285245,0.38234825143285245,0.3038873869173949,0.3137643616497526
2023-10-04,422.0700073242188,425.4299926757813,420.55999755859375,424.6600036621094,87453000,359.75,86.26000213623047,169.13999938964844,18.57999992370605,4.735000133514404,106.8000030517578,0.007281973839242228,-0.00326249071865925,-0.048316968086623335,-0.02662980417145966,-0.04044822374432688,-0.014196468755759306,34.35475096195766,-0.013072031428359247,-0.003129323391021064,0.13040099951625705,0.12377642778961691,0.012569726513893839,0.01975854137863209,0.10900020599365234,0.001218757711109797,-0.028489411487545246,-0.16477406218184665,-0.004709650032385326,0,-0.0003767806262175988,1,0.37456137806003265,0.36088645814335424,0.37456137806003265,0.26455216379661317
2023-10-05,424.3599853515625,425.3699951171875,421.1700134277344,424.5,70142700,358.69000244140625,85.83000183105469,168.8300018310547,18.489999771118164,4.7170000076293945,106.33000183105467,-0.0003767806262175988,-0.009381100337757187,-0.045745770089481,-0.02472197930083808,-0.03946367845666132,-0.015115381299432018,34.19867765881017,-0.01310958022631128,-0.002530499645741949,0.11801860265635215,0.12396481715486164,0.012029286769229547,0.06632062332240762,0.11999988555908203,0.0010355922527527373,-0.02539972294062054,-0.2397139335973023,0.014746783900176696,1,0.011872811648814707,1,0.41077604758800645,0.33372304070219044,0.41077604758800645,0.2555009117098031
2023-10-06,421.9700012207031,431.1300048828125,420.6000061035156,429.5400085449219,113273300,364.7000122070313,84.79000091552734,169.6999969482422,17.450000762939453,4.783999919891357,106.04000091552734,0.011872811648814707,0.0048189330627195215,-0.035868156003791785,-0.011327801213147803,-0.027048904346537728,-0.015901229095629965,42.98517262122278,-0.011897367494692715,-0.001153933261731836,0.1523641291236528,0.1333064520096249,0.013238421966858357,-0.003995416266852847,0.2109999656677246,-0.0012244255030608997,-0.010207057632834471,-0.015967155266251032,0.011989555789995388,1,0.00640219757250482,1,0.37696162350506357,0.3232896601637555,0.37696162350506357,0.299748716331181
2023-10-09,427.5799865722656,432.8800048828125,427.010009765625,432.2900085449219,80374400,366.55999755859375,86.77999877929688,172.82000732421875,17.700000762939453,4.796999931335449,106.08000183105467,0.00640219757250482,0.011654328274042447,-0.03603523965263944,-0.00314420001503235,-0.01972610085362192,-0.016634202097073225,47.13327578289242,-0.010355546024709925,0.00025563533736733723,0.15604072603498323,0.13316258577528617,0.01351441285211739,0.005110741026038701,0.11399984359741211,-0.007670717335076183,0.01868560885223869,-0.04086225784201647,0.007865076289708117,1,0.00520483924107662,2,0.35642145888244897,0.29016334012425377,0.3534152009932973,0.35642145888244897
2023-10-10,432.9400024414063,437.2200012207031,432.5299987792969,434.5400085449219,78607300,368.5899963378906,86.66000366210938,172.52999877929688,17.030000686645508,4.65500020980835,105.83000183105467,0.00520483924107662,0.030717076589863446,-0.02567318087887127,0.0033688980302670757,-0.013583808151393262,-0.016895786001480118,50.31816183076636,-0.008628739434964693,0.0015419987249271614,0.06990242557402801,0.13463675238405368,0.013266906282760548,-0.13902931772174643,-0.14699983596801758,-0.010934562326591846,0.019921938071832512,-0.24241667839237635,0.005500032410968192,1,0.004096282837700915,1,0.36564553665005783,0.30171646747246567,0.36564553665005783,0.33263799587747656
2023-10-11,435.6400146484375,436.5799865722656,433.1799926757813,436.3200073242188,62451700,371.2200012207031,88.47000122070312,173.7899932861328,16.09000015258789,4.59499979019165,105.81999969482422,0.004096282837700915,0.027457268312433225,-0.022821442338448295,0.008665630110629152,-0.008635798763534597,-0.01715278914804108,52.74362014979921,-0.006864616533303143,0.0026117034963475025,0.07010114329756846,0.135735874588442,0.012556316942924953,-0.13401505819928405,-0.1400003433227539,-0.009176061132307733,0.02749198245988027,-0.2858827027088836,0.0021314463241886017,1,-0.006096451268467362,1,0.3740574097973799,0.2849272584948381,0.3740574097973799,0.341015331707782
2023-10-12,436.9500122070313,437.3399963378906,431.2300109863281,433.6600036621094,81154200,369.9299926757813,86.06999969482422,173.25999450683594,16.690000534057617,4.711999893188477,106.56999969482422,-0.006096451268467362,0.02157833607092896,-0.03708140650288172,0.004455263905162932,-0.013941605697291082,-0.018315270240040316,48.90154419154359,-0.005954446875794024,0.0028639995529599967,0.10370594442049781,0.131721875664789,0.012962752423699084,-0.0973498788178565,-0.005000114440917969,0.00225710391833589,0.02623936875990962,0.15698711341308513,0.00041505482235226765,0,-0.004980868984616693,2,0.44322767805344737,0.25506299940496263,0.30170932254159,0.44322767805344737
2023-10-13,435.2099914550781,436.4500122070313,429.8800048828125,431.5,95143100,365.2799987792969,87.61000061035156,178.8300018310547,19.31999969482422,4.629000186920166,106.6500015258789,-0.004980868984616693,0.004563000922120475,-0.026772211128202605,0.0008280226087429288,-0.01807873396033477,-0.018891114299333545,45.972974573264736,-0.005565560226727807,0.0026376236806573065,0.094767560621743,0.12218635831880419,0.013527561864046205,0.10716325788685888,-0.1549997329711914,0.005752551915173099,0.05380085472598517,-0.16005713614770645,0.02111236466179034,1,0.010521456651035654,2,0.64351899057097,0.13276444928106715,0.22371656014796285,0.64351899057097
2023-10-16,433.8200073242188,437.1400146484375,433.5700073242188,436.0400085449219,75433200,369.4100036621094,86.19999694824219,177.9600067138672,17.209999084472656,4.711999893188477,106.23999786376952,0.010521456651035654,0.008674732068461255,-0.01710884352805575,0.012249191185552899,-0.007260887275026384,-0.019273987700329953,52.42241766425497,-0.00428964705901949,0.0030625008403927737,0.11260017923293435,0.12914190758128005,0.013129528143848743,-0.02768370945456511,-0.08500003814697266,0.001508258200915824,0.029741923225391043,-0.06147728630011551,0.009517461276851824,1,-4.591214305493807e-05,2,0.4271074093188253,0.20248053876476133,0.37041205191641347,0.4271074093188253
2023-10-17,432.80999755859375,438.1400146484375,432.4500122070313,436.0199890136719,75324700,368.2000122070313,85.25,178.2899932861328,17.8799991607666,4.8470001220703125,106.25,-4.591214305493807e-05,0.0034058554785456607,-0.015111478327872963,0.012989331705536289,-0.0066420097199983985,-0.01937961320133763,52.39271714806494,-0.003290329631542647,0.003249724668987379,0.1085450016726277,0.12908365546468045,0.01318091461768071,0.04991182852902876,0.1919999122619629,0.003968611562681579,0.03338546657155095,-0.04175948035360588,0.029150090117216365,2,-0.013325071567788949,2,0.5521738238666424,0.181535571076841,0.26629060505651664,0.5521738238666424
2023-10-18,434.1900024414063,435.1799926757813,429.0899963378906,430.2099914550781,93559800,363.3699951171875,84.5,180.8699951171875,19.21999931335449,4.90399980545044,106.56999969482422,-0.013325071567788949,-0.01400351981705139,-0.019218545759250638,0.00047089575694081454,-0.019049897225257073,-0.01951160505016869,44.5109971305339,-0.003580415649778383,0.0024383698086306374,0.14007511586608123,0.13343657462721326,0.013616270604878411,0.19453071044646153,0.30900001525878995,0.007087507107946811,0.040738834826916426,0.49811454291876767,0.045256971263848866,2,-0.00878640397567687,2,0.7101210121047901,0.13267148158392697,0.15720750631128294,0.7101210121047901
2023-10-19,430.9500122070313,432.8200073242188,425.7300109863281,426.4299926757813,121323000,359.9700012207031,82.7699966430664,183.08999633789065,21.399999618530277,4.98799991607666,106.25,-0.00878640397567687,-0.01667207241911428,-0.011497767227408806,-0.007747377217724338,-0.026811487147143653,-0.019212959977836674,40.266781924272614,-0.004472279009034912,0.001279886963455668,0.14528579778624093,0.1239291322017263,0.013929597316735804,0.2822048492366094,0.2760000228881836,-0.003002718361082679,0.05673555432709465,0.4949688371027008,0.05581225223208497,2,-0.01228804334679856,2,0.8045071727218407,0.0970948204007953,0.09839800687736396,0.8045071727218407
2023-10-20,425.9800109863281,426.5400085449219,421.0799865722656,421.1900024414063,123919900,354.6000061035156,83.23999786376953,183.58999633789065,21.709999084472656,4.923999786376953,106.16000366210938,-0.01228804334679856,-0.02389338947530406,-0.021444195665584975,-0.018886644327429924,-0.03768428113545552,-0.019159495382813807,35.249115369913795,-0.006151027245260893,-0.00026183923859633007,0.15913873165686335,0.13069430560004794,0.014326751072482748,0.1237059745031317,0.2949995994567871,-0.004594447789582401,0.026617426931152544,0.30245808681869724,0.07027708618898987,2,-0.0017332106225140809,2,0.7459591284848434,0.1386813684668256,0.11535950304833104,0.7459591284848434
2023-10-23,419.6099853515625,424.4500122070313,417.7999877929688,420.4599914550781,92035100,355.6700134277344,84.23999786376953,182.97000122070312,20.3700008392334,4.8379998207092285,105.54000091552734,-0.0017332106225140809,-0.03573070540438417,-0.027230916947186046,-0.019242654209069898,-0.0382451400017102,-0.019375318343719083,34.60220772227689,-0.007503864241950937,-0.0012835610481010712,0.09622811274056017,0.1292182607299702,0.01425989293143253,0.18361428953309966,0.12599992752075195,-0.006588826829042049,0.02815236186685044,0.2200874416039622,0.08038819149849608,2,0.0075393937405647815,2,0.6988916387289665,0.1497204432767675,0.1513879179942659,0.6988916387289665
2023-10-24,422.6499938964844,424.8200073242188,420.739990234375,423.6300048828125,78564200,359.1300048828125,85.3499984741211,182.9499969482422,18.96999931335449,4.840000152587891,106.2699966430664,0.0075393937405647815,-0.028416092021118056,-0.005283178299528624,-0.011588964080110564,-0.029907681214017767,-0.01853350121375208,39.77129623308855,-0.007809585330214812,-0.0013086628158536229,0.1379542099010225,0.12270197147954817,0.014067198504040677,0.0609619800754595,-0.006999969482421875,0.00018820369944849702,0.02613721373936362,0.043007141083867495,0.06996667797187461,2,-0.014352187096675517,2,0.6307597707425388,0.12974711498732888,0.2394931142701324,0.6307597707425388
2023-10-25,421.8900146484375,421.9200134277344,417.0199890136719,417.5499877929688,94223200,350.3399963378906,83.44999694824219,183.72000122070312,20.190000534057617,4.953000068664551,106.52999877929688,-0.014352187096675517,-0.02942749799764066,-0.019950710582182674,-0.024807816312307218,-0.042719657088522434,-0.018367498300162266,34.1895217213557,-0.009282229522066292,-0.0021493167667099404,0.1416648474357968,0.1324721522818319,0.014684308103832259,0.05046832754198638,0.04900026321411044,-0.00037534874394196116,0.01575720783134349,0.00709065218181304,0.08973776150433421,2,-0.011974614168780984,2,0.665977008114515,0.15004387301829802,0.183979118867187,0.665977008114515
2023-10-26,416.4500122070313,417.3299865722656,411.6000061035156,412.5499877929688,115156800,343.6600036621094,84.7300033569336,184.00999450683597,20.68000030517578,4.84499979019165,106.5999984741211,-0.011974614168780984,-0.03254931670194594,-0.03726780927410489,-0.03468514605128614,-0.05300642246375187,-0.018979586129355464,30.40975225720254,-0.01133207297791081,-0.0032901689200974886,0.1474145920954605,0.13541161934644758,0.014069297693374694,-0.03364482832658777,-0.14300012588500977,0.003294103285845562,0.005024841265753643,-0.050824658143962864,0.10362380624152001,2,-0.004532772203415858,2,0.56588761385064,0.19594307025873742,0.2381693158906226,0.56588761385064
2023-10-27,414.1900024414063,414.6000061035156,409.2099914550781,410.6799926757813,107367700,345.3099975585937,84.37000274658203,186.1499938964844,21.270000457763672,4.84499979019165,106.55999755859376,-0.004532772203415858,-0.024953132089328478,-0.03930012603813682,-0.037168256424141344,-0.05618925512687567,-0.01975526755286683,29.11340760898497,-0.013141953754300585,-0.004050745276642035,0.1384441592552119,0.1357339610000769,0.01404987916471543,-0.02026709559023787,-0.07899999618530273,0.003767839889658564,0.013944101583194035,-0.1335717669236337,0.10665242790418938,2,0.011955789786880722,2,0.6370772991964355,0.17932908852558208,0.18359361227798232,0.6370772991964355
2023-10-30,413.55999755859375,416.6799926757813,412.2200012207031,415.5899963378906,86562700,349.20001220703125,83.98999786376953,185.1000061035156,19.75,4.875,106.12000274658205,0.011955789786880722,-0.01158254106492751,-0.02742739764495228,-0.024316383518730222,-0.04398643418519688,-0.02016027566128986,36.73893872175714,-0.01325751633104924,-0.0034189730226469005,0.185105913580582,0.14443374599015263,0.014067791377477297,-0.030436956980347984,0.037000179290771484,0.005495564013865417,0.011641279273115313,-0.05945992344225193,0.09466059502044843,2,0.006280266349382169,2,0.5313875628111588,0.2116641639387078,0.25694827325013336,0.5313875628111588
2023-10-31,416.1799926757813,418.5299987792969,414.2099914550781,418.2000122070313,79665200,350.8699951171875,83.58000183105469,184.08999633789065,18.13999938964844,4.875,106.66000366210938,0.006280266349382169,-0.012817771671492673,-0.008040950118138879,-0.017797978460772912,-0.037045846534751625,-0.019596648807355344,40.40867658840566,-0.012737635587101708,-0.002368396258951094,0.1810728750518264,0.13948303216881,0.014137131610028133,-0.04375329223769364,0.034999847412109375,0.0036699635961494614,0.006231207481085521,0.014014016562251097,0.08706353917203224,2,0.010664732962442303,2,0.47925688188836,0.19036506224371635,0.33037805586792374,0.47925688188836
2023-11-01,419.2000122070313,423.5,418.6499938964844,422.6600036621094,98068100,356.9599914550781,85.0999984741211,183.50999450683597,16.8700008392334,4.789000034332275,106.87999725341795,0.010664732962442303,0.012238093685861262,-0.004709650032385326,-0.007089857161248103,-0.02608145276753293,-0.01912720475589813,46.15654780461339,-0.011278954058097533,-0.0008153063855730362,0.16446352265916264,0.1424290893114873,0.013851066087850914,-0.16443782105026983,-0.1640000343322754,0.0032854452091581887,-0.0011430802986708288,0.040806298236527816,0.07982773373879026,2,0.019164354406221662,1,0.4518281556451011,0.23146687995088788,0.4518281556451011,0.316704964404011
2023-11-02,426.5799865722656,430.9200134277344,426.55999755859375,430.760009765625,94938900,363.4400024414063,87.04000091552734,184.1199951171875,15.65999984741211,4.669000148773193,106.12000274658205,0.019164354406221662,0.0441401587964525,0.014746783900176696,0.011195094251555293,-0.006855344120197837,-0.017850599230916364,54.702065882305135,-0.008422688526354347,0.0014753606717675483,0.13860095850493276,0.15812848406302893,0.013870846801137851,-0.24274663364039062,-0.17599964141845703,-0.004502774243993812,0.0005977969329673538,-0.17556844233254132,0.06579068552187639,2,0.009123392577504053,1,0.4760356088282429,0.2721796202730653,0.4760356088282429,0.2517847708986918
2023-11-03,433.1400146484375,436.2900085449219,433.010009765625,434.6900024414063,100167800,367.7099914550781,87.62999725341797,184.7899932861328,14.90999984741211,4.558000087738037,105.0199966430664,0.009123392577504053,0.0584640357305648,0.011989555789995388,0.019804180845592212,0.002307183881866459,-0.017157212426034185,58.170837799625026,-0.005477291955986431,0.0034650159054943944,0.07634723385641148,0.15585504591558763,0.013727363853859921,-0.29901271619531755,-0.2869997024536133,-0.01445196087472278,-0.007305939591423671,-0.06705834249965303,0.050610779811908646,2,0.002300489991450494,1,0.4991192900557767,0.3299003577743737,0.4991192900557767,0.17098035216984958
2023-11-06,435.4700012207031,436.1499938964844,433.6799926757813,435.6900024414063,67831700,369.2099914550781,86.77999877929688,183.3500061035156,14.890000343322754,4.662000179290772,105.22000122070312,0.002300489991450494,0.048364990208218606,0.007865076289708117,0.02174273088727441,0.004811307386528796,-0.01657112205343747,59.03054483277071,-0.0029765241622517345,0.004756207380671121,0.09948441179719522,0.15451871904585077,0.01316795819919444,-0.24607593198365807,-0.21299982070922763,-0.008480979104647735,-0.009454348688791137,-0.21638650365573164,0.0479928470815012,2,0.0028460378421049093,1,0.5089128875578576,0.31617443657584726,0.5089128875578576,0.1749126758662952
2023-11-07,435.6900024414063,437.5899963378906,434.510009765625,436.9299926757813,64256100,372.7000122070313,88.05999755859375,182.58999633789065,14.8100004196167,4.571000099182129,105.54000091552734,0.0028460378421049093,0.0447871351555047,0.005500032410968192,0.024363582467819,0.007942083966213431,-0.016030927673203688,60.124943543364594,-0.0007639535469595603,0.005557466244967833,0.10903053848952468,0.15377841478500423,0.012501195604676836,-0.1835721654947795,-0.3039999008178711,-0.010500681681299362,-0.008148188548207758,-0.19342322620165397,0.040807491792110184,2,0.0007323995367287672,1,0.542320035914409,0.3218397960522697,0.542320035914409,0.13584016803332125
2023-11-08,437.5499877929688,438.0899963378906,434.8699951171875,437.25,61746000,372.9400024414063,89.55999755859375,180.7700042724609,14.449999809265137,4.5229997634887695,105.58999633789062,0.0007323995367287672,0.03451946295243591,0.0021314463241886017,0.025002083851866974,0.009234872181163034,-0.015382614259136118,60.41879693756361,0.001029300924420116,0.005876875439844612,0.12062668642433481,0.15314474057260277,0.01185984924261568,-0.14344996500179374,-0.26600027084350586,-0.012069619654542785,-0.014931013658076253,-0.3703762997345722,0.047981728956725256,2,-0.007798750513686392,1,0.555629448890054,0.3348247821724362,0.555629448890054,0.10954576893750992
2023-11-09,438.4299926757813,438.4700012207031,433.3999938964844,433.8399963378906,83174400,370.0700073242188,87.5,181.4900054931641,15.289999961853027,4.630000114440918,105.91000366210938,-0.007798750513686392,0.007150121883276572,0.00041505482235226765,0.016986892997613134,0.0021584284210884874,-0.01458078238630689,55.70767801146606,0.0018141297999646163,0.005359845191181804,0.09643260949082233,0.15418143867773818,0.011888855190157399,-0.02362706827358152,-0.03900003433227539,-0.0019788831420797237,-0.014284106527101992,-0.12391654000625663,0.060759764179535214,2,0.01560480608246917,1,0.45746226988671607,0.32491272708879515,0.45746226988671607,0.2176250030244889
2023-11-10,435.9800109863281,440.9299926757813,433.8299865722656,440.6099853515625,89462200,378.3900146484375,87.98999786376953,179.50999450683594,14.170000076293944,4.627999782562256,105.86000061035156,0.01560480608246917,0.013618861434371743,0.02111236466179034,0.031755109913544244,0.018255114449522214,-0.013084495859829959,62.03666438306622,0.0035908057841168516,0.005665632899882864,0.13300605064307727,0.1623446156825811,0.01177913032829965,-0.04963110521068215,0.06999969482421875,0.007998514512813193,-0.028572969160300832,-0.10687666096290427,0.048523650379265426,2,-0.0009531851844463146,1,0.5629819541264022,0.28315066590475385,0.5629819541264022,0.15386737996884384
2023-11-13,439.2300109863281,441.3299865722656,438.4200134277344,440.1900024414063,52236100,377.2099914550781,87.79000091552734,180.50999450683597,14.760000228881836,4.631999969482422,105.66000366210938,-0.0009531851844463146,0.010328444478376886,0.009517461276851824,0.030271055756935228,0.017802002418237706,-0.01210269207217185,61.450045205353724,0.004892332002234578,0.005575310959500211,0.13565808402489554,0.1585733281464796,0.011555073792831229,-0.00873069922387304,-0.030000209808350498,0.004181737657304563,-0.01548956368769483,-0.2299161011739349,0.0543174618448814,2,0.019400732632628426,1,0.549924816363849,0.2943311577540215,0.549924816363849,0.15574402588212943
2023-11-14,446.3200073242188,450.05999755859375,446.0899963378906,448.7300109863281,97176900,385.3299865722656,89.77999877929688,182.1199951171875,14.15999984741211,4.440999984741211,104.11000061035156,0.019400732632628426,0.02700665669180302,0.029150090117216365,0.048699234336091246,0.037572576384641065,-0.010609960975602406,68.06322395164885,0.007260388967163657,0.006344295844255399,0.18384897564783326,0.17209877424664935,0.011854084842597812,-0.04388930140363989,-0.13000011444091797,-0.013549367943632373,-0.002574079796975326,0.5123373500726001,0.04851467136289922,2,0.0021170451411642865,1,0.616006121143316,0.2946477010279799,0.616006121143316,0.08934617782870408
2023-11-15,450.1099853515625,451.3800048828125,448.7999877929688,449.6799926757813,77327600,385.6199951171875,88.5199966430664,181.63999938964844,14.18000030517578,4.534999847412109,104.38999938964844,0.0021170451411642865,0.02842765620533183,0.045256971263848866,0.048533851297695385,0.03960282086433864,-0.008517636719409083,68.70633276450057,0.009255200412588819,0.006672834082423636,0.1818879567204458,0.16294965185305862,0.011304861881043356,-0.018685087034827297,0.012000083923339844,-0.01136468405967328,0.004812718352743106,0.2523499497943187,0.04965757305983498,2,0.001223132715498343,1,0.5629028537810246,0.2916711812967692,0.5629028537810246,0.14542596492220616
2023-11-16,449.2200012207031,450.55999755859375,448.1199951171875,450.2300109863281,66665800,385.9500122070313,89.62000274658203,183.69000244140625,14.31999969482422,4.445000171661377,104.37000274658205,0.001223132715498343,0.0377789387488201,0.05581225223208497,0.04691141434793611,0.04061553194931933,-0.0060137680345553335,69.09437369183655,0.010808982553383847,0.006583816753057257,0.147885464871919,0.15773563645753266,0.010823034740727619,-0.06344017458789131,-0.18499994277954102,-0.014540655861371543,0.012121862811476092,-0.19848174438288702,0.042422706438637325,2,0.0012438032670611943,1,0.5353360487342088,0.2975729098136166,0.5353360487342088,0.16709104145217446
2023-11-17,450.239990234375,451.4200134277344,449.2900085449219,450.7900085449219,83133200,386.0400085449219,90.04000091552734,183.6699981689453,13.800000190734863,4.440999984741211,103.81999969482422,0.0012438032670611943,0.02310438603709075,0.07027708618898987,0.04461859798610068,0.04165609337025433,-0.0028359677125772143,69.50893365386592,0.011996312042503737,0.006221115991036221,0.13251451830890154,0.14759431559423333,0.010196381331528372,-0.0261114949588519,-0.18699979782104492,-0.019270743470294893,0.02317421753333604,-0.07074496267697417,0.04698416618448764,2,0.00769760011297449,1,0.5062964783190379,0.274882033238739,0.5062964783190379,0.2188214884422231
2023-11-20,450.5299987792969,455.1300048828125,450.5199890136719,454.260009765625,69936200,390.739990234375,90.58999633789062,183.3699951171875,13.40999984741211,4.421999931335449,103.47000122070312,0.00769760011297449,0.031963486781123596,0.08038819149849608,0.04855325749208217,0.049392575913655534,0.0008004537829398028,72.01399778356598,0.013311949499367398,0.006064695210955094,0.12357992184019909,0.1470031556374861,0.01016409462504748,-0.09146343906066445,-0.21000003814697266,-0.020726882126652857,0.01584400142587805,0.3388480380426564,0.04530442066182294,2,-0.0021794142796411897,1,0.5168412470114823,0.29873339542823746,0.5168412470114823,0.18442535756028036
2023-11-21,453.1799926757813,454.1300048828125,451.9599914550781,453.2699890136719,49244600,388.4700012207031,90.5500030517578,185.3500061035156,13.350000381469728,4.418000221252441,103.58999633789062,-0.0021794142796411897,0.01011739334608941,0.06996667797187461,0.04270110207870559,0.04675343651327157,0.0038863816548071473,70.24088817373567,0.014119728489678216,0.005485315946599042,0.05674837880089326,0.1478697191557496,0.00971354445670415,-0.05720335273099719,-0.02299976348876953,-0.004994758134784116,0.017735619772280886,-0.4932478809264341,0.033070843239747294,2,0.0038608335923762116,1,0.3913046855304126,0.26676405280844306,0.3913046855304126,0.3419312616611445
2023-11-22,454.9800109863281,456.3800048828125,453.8900146484375,455.0199890136719,59394900,390.05999755859375,90.87000274658205,184.55999755859372,12.850000381469728,4.415999889373779,103.91999816894533,0.0038608335923762116,0.011875103239784801,0.08973776150433421,0.042234978773981746,0.050381926509095454,0.007816805136109828,71.57325622911955,0.014819685521169452,0.004974784638575638,0.05826544431359797,0.13211707782089924,0.008867745549000756,-0.09379406876462437,-0.11899995803833008,-0.004502358688103558,0.016075744212492582,-0.2319055550670136,0.03885548683626783,2,0.0006153548988119262,1,0.4373096568562681,0.24334286943157604,0.4373096568562681,0.31934747371215594
2023-11-24,455.0700073242188,455.5,454.7300109863281,455.2999877929688,29737400,389.510009765625,89.80000305175781,185.5200042724609,12.460000038146973,4.4720001220703125,103.4000015258789,0.0006153548988119262,0.011260859300635584,0.10362380624152001,0.0377952788549758,0.050788627631570105,0.012520146353845574,71.79087513976944,0.015281430311294081,0.004354067048874261,0.05917131575038952,0.11833843707809437,0.008115530164296616,-0.129888246949441,0.026999950408935547,-0.009293869839769653,0.009962446549797388,-0.5539332011316147,0.0403031113452601,2,-0.0018009594303207699,1,0.3860079560797633,0.2543099888616597,0.3860079560797633,0.3596820550585771
2023-11-27,454.6499938964844,455.489990234375,454.0799865722656,454.4800109863281,50506000,389.1700134277344,91.3000030517578,186.7700042724609,12.6899995803833,4.388999938964844,103.1999969482422,-0.0018009594303207699,0.00818563493303004,0.10665242790418938,0.030780786249925862,0.048358583856223936,0.01705289605780047,70.09845541063981,0.015360186019652224,0.003530486010369053,0.06598175610635502,0.11579948235199507,0.007963577244145233,-0.08043482572535054,-0.05200004577636719,-0.005971900870781144,0.016878129985410606,-0.3924689534385781,0.046580668892813204,2,0.000990102267592885,2,0.41957023797107434,0.23704748661697217,0.3433822754119535,0.41957023797107434
2023-11-28,454.0799865722656,456.2699890136719,453.5,454.9299926757813,62115000,390.1900024414063,91.4800033569336,189.25999450683597,12.6899995803833,4.335999965667725,102.75,0.000990102267592885,0.00147488860069811,0.09466059502044843,0.02721869277982103,0.048849781396292036,0.021057919573030714,70.50932267100214,0.015289087986715867,0.002776871204018303,0.0387356791687615,0.11371828479768833,0.00790702756152749,-0.05369129569138331,-0.08599996566772461,-0.006958550422429655,0.03212084608435695,-0.11183335668795269,0.04743590758418792,2,-0.0007034210304240895,2,0.48562328949480654,0.2389539749307769,0.27542273557441654,0.48562328949480654
2023-11-29,457.1499938964844,458.3200073242188,454.2000122070313,454.6099853515625,63146000,389.80999755859375,92.62999725341795,189.5399932861328,12.979999542236328,4.270999908447266,102.7699966430664,-0.0007034210304240895,0.002956287357136711,0.08706353917203224,0.022293850686996297,0.04753720084850421,0.024692851418937956,69.77504922155643,0.015025509114820236,0.002003587824226644,0.03390673150550639,0.1150089975218499,0.00805400098315423,-0.027715417877213988,-0.14700031280517578,-0.007915819324382789,0.022605810869394727,0.2822928808437879,0.04856914234465992,2,0.003937459806426347,2,0.40246855489655486,0.30296799076258296,0.2945634543408622,0.40246855489655486
2023-11-30,455.4800109863281,456.760009765625,453.3399963378906,456.3999938964844,79752700,388.8299865722656,91.55999755859376,188.75,12.920000076293944,4.352000236511231,103.5,0.003937459806426347,0.0030328445258061,0.07982773373879026,0.022440360115394187,0.05080178640101396,0.027738954164934215,71.55920543419734,0.01489479034641141,0.0015391530022233742,0.03437323015463084,0.11244997906208679,0.007764181878769234,0.005447446906317488,-0.06399965286254794,-0.004041552890161948,0.022702657655140346,0.3427533340404647,0.04143296212751113,2,0.005915890103284305,2,0.3874888706151649,0.3266330209826258,0.2858781084022094,0.3874888706151649
2023-12-01,455.7699890136719,459.6499938964844,455.1600036621094,459.1000061035156,89183400,389.9400024414063,92.98999786376952,192.00999450683597,12.630000114440918,4.22599983215332,103.2699966430664,0.005915890103284305,0.008346185838851161,0.06579068552187639,0.025234496801918693,0.0556712061001472,0.029687558693324956,74.04770908369093,0.015051683373853233,0.0014196734752374234,0.0510161589492113,0.0973756428116531,0.007312443503618471,0.013643665792414161,-0.2460002899169922,-0.001257300588916932,0.0349826977410137,1.9990315225944433,0.029514240062792796,2,-0.005249408908885811,0,0.35923106603329563,0.35923106603329563,0.35193867766141745,0.2888302563052869
2023-12-04,455.6000061035156,459.1199951171875,454.3399963378906,456.6900024414063,72430900,386.3200073242188,92.62000274658205,187.8600006103516,13.079999923706056,4.288000106811523,103.63999938964844,-0.005249408908885811,0.004862681309749872,0.050610779811908646,0.017353539749976665,0.04886240114851037,0.030971398012019646,68.30293956054902,0.014730275776517598,0.0008210626029508346,0.06862356494487351,0.09914564143241758,0.0076435133199939725,0.030732888590921048,-0.10099983215332031,0.0042635896745899515,0.005836035299868536,0.434104858828654,0.026495009829053506,2,-0.00019706220282811326,0,0.3808685284784175,0.3808685284784175,0.34976992217797,0.26936154934361256
2023-12-05,455.260009765625,457.5899963378906,454.8699951171875,456.6000061035156,69793500,387.2900085449219,94.61000061035156,187.1499938964844,12.850000381469728,4.171000003814697,104.0500030517578,-0.00019706220282811326,0.00367092399846336,0.0479928470815012,0.014789585552356987,0.047483165057701004,0.03221710192024552,68.09049808337207,0.014235448513867169,0.00025879505589020753,0.06912621578383342,0.09960427248311311,0.006526505096770617,0.012608416578181902,-0.16499996185302734,0.01265209782732657,-0.011148687898093312,0.12361748369958958,0.023390259599251895,1,-0.004029777295871284,1,0.4201682256504221,0.397029767809256,0.4201682256504221,0.182802006540322
2023-12-06,458.80999755859375,458.8399963378906,454.30999755859375,454.760009765625,69124700,385.0499877929688,95.87000274658205,187.83999633789065,12.970000267028809,4.120999813079834,104.1500015258789,-0.004029777295871284,0.0003300068605982531,0.040807491792110184,0.008701615568720067,0.041881476643146565,0.03289363332259487,63.72638491001655,0.013415860510708399,-0.0004938749077777158,0.07708015060876545,0.10212242660657474,0.006848201827779826,-0.0007703602126473141,-0.15000009536743164,0.013428091153933064,-0.008969067259994135,0.09468058150951753,0.02893834853441013,2,0.007630400972353568,0,0.3959663723941135,0.3959663723941135,0.37544433814955247,0.22858928945633408
2023-12-07,456.9100036621094,458.8999938964844,456.2900085449219,458.2300109863281,66995400,390.4299926757813,95.31999969482422,188.1499938964844,13.0600004196167,4.129000186920166,103.54000091552734,0.007630400972353568,0.004009678164585528,0.047981728956725256,0.014038963199647814,0.048285725647939426,0.03377262974218587,67.9042496807086,0.013084571807766166,-0.000575864388827659,0.09179184787113061,0.10388780771495663,0.007061334954132964,0.010835939821674856,-0.22300004959106534,0.0003864822756265429,-0.0031788402835263296,-0.15996072860229182,0.03572440635643126,2,0.004299153642213005,1,0.4204699851247045,0.4112286016132886,0.4204699851247045,0.16830141326200682
2023-12-08,457.4599914550781,460.75,457.2099914550781,460.2000122070313,83194400,392.1700134277344,94.54000091552734,185.63999938964844,12.350000381469728,4.244999885559082,104.01000213623048,0.004299153642213005,0.0023960054212408544,0.060759764179535214,0.015436781977538727,0.051268676220186826,0.0352871738335756,70.01569153645278,0.013042380243602755,-0.0004476632321559175,0.08670745393197059,0.09682314603777491,0.007249956654505802,-0.022169416503095896,0.01900005340576172,0.0071657356174976705,-0.03317533096935088,-0.06715375282844116,0.029726189293595606,2,0.003889565362589442,1,0.4495455110043547,0.40638577795077646,0.4495455110043547,0.14406871104486868
2023-12-11,459.6900024414063,462.1700134277344,459.4700012207031,461.989990234375,65002200,395.5199890136719,94.33999633789062,183.58999633789065,12.630000114440918,4.238999843597412,104.0999984741211,0.003889565362589442,0.011605219655862031,0.048523650379265426,0.016987558400078928,0.0536963192945783,0.03609558503572008,71.82911006336104,0.013163654757948633,-0.0002192972866445084,0.07153936618035389,0.08472290728358668,0.006926559829300182,-0.034403655343266726,-0.04900026321411133,0.004438431948877497,-0.022729714993015127,-0.10256258033518839,0.031537495686491335,2,0.004567232870283933,1,0.4352198440157269,0.4291539240341013,0.4352198440157269,0.1356262319501719
2023-12-12,461.6300048828125,464.2000122070313,460.6000061035156,464.1000061035156,68327600,398.6700134277344,94.62000274658205,183.4900054931641,12.06999969482422,4.205999851226807,103.87000274658205,0.004567232870283933,0.016425755365188754,0.0543174618448814,0.01895082710986018,0.05673538625357177,0.03708182783548386,73.83774877382945,0.013451151467252934,0.0001032356696833952,0.06893342507635433,0.08410152854025148,0.007095146596675739,-0.060700440738531314,0.034999847412109375,-0.0017299404122671502,-0.019556444150058083,-0.02100338856770334,0.026395173106866343,2,0.013790118104538118,0,0.45869033527901326,0.45869033527901326,0.3933182844199032,0.14799138030108364
2023-12-13,464.489990234375,470.760009765625,464.1199951171875,470.5,93278000,403.739990234375,96.83999633789062,187.6300048828125,12.1899995803833,4.0329999923706055,102.87000274658205,0.013790118104538118,0.03461164107742687,0.04851467136289922,0.030539449061585566,0.06892705080310901,0.037250007048715394,78.78000318115342,0.014470514563547521,0.0010433314329910699,0.06605359633897417,0.07055783018459438,0.0075375730828122715,-0.06013883350707072,-0.08799982070922852,-0.012289954493940214,-0.001117927274127628,0.3494163446640637,0.013134947238642614,1,0.003209372509298536,0,0.4617586119108348,0.4617586119108348,0.4182214420487259,0.12001994604043931
2023-12-14,472.5,473.7300109863281,469.25,472.010009765625,119026000,403.3900146484375,99.04000091552734,188.72999572753903,12.479999542236328,3.930000066757202,101.95999908447266,0.003209372509298536,0.03007223108245527,0.04965757305983498,0.03132475034932369,0.07005542688669664,0.03755429754231554,79.75189782537457,0.015454027704745434,0.0016558396384744984,0.07003753647829136,0.07061017390365924,0.008074891688909677,-0.04441047923009134,-0.19900012016296387,-0.015259820524279544,0.0030826566562300872,0.7766294402302247,0.006186273277565046,1,-0.00567789482831127,0,0.44273719322257377,0.44273719322257377,0.442715229152095,0.11454757762533115
2023-12-15,469.489990234375,470.7000122070313,467.4299926757813,469.3299865722656,141553700,405.3399963378906,99.1500015258789,187.0,12.279999732971191,3.927999973297119,102.5500030517578,-0.00567789482831127,0.019839144117899332,0.042422706438637325,0.023333670274546137,0.061821497647208234,0.03761024237806665,73.33223422216831,0.01572106645075522,0.001475269080754387,0.10953907349995372,0.0762088949880476,0.008603454607666193,-0.005668068529258274,-0.3169999122619629,-0.014037102725566797,0.0073260106379176015,0.7014811093054341,0.006306909972394248,1,0.0056250713228847005,1,0.441936635100883,0.4129939123080217,0.441936635100883,0.1450694525910952
2023-12-18,470.9800109863281,472.9800109863281,469.8900146484375,471.9700012207031,70375300,407.0799865722656,98.36000061035156,187.8500061035156,12.5600004196167,3.953999996185303,102.51000213623048,0.0056250713228847005,0.021602223418877742,0.04698416618448764,0.026719241268694738,0.06574820085447142,0.038013273752958376,75.43031987726185,0.016040482465878865,0.0014994963889056617,0.110164219183726,0.07714442973896679,0.008688515999621683,-0.005542335248610364,-0.28499984741210893,-0.015273740261253499,0.023203931862303406,0.08266027919055041,0.009576856584065485,1,0.0060808846108111325,1,0.40655589701381545,0.38901150119165046,0.40655589701381545,0.20443260179453407
2023-12-19,472.5299987792969,474.9200134277344,472.4500122070313,474.8399963378906,55761800,409.1600036621094,98.88999938964844,189.1300048828125,12.529999732971191,3.921999931335449,102.16999816894533,0.0060808846108111325,0.023141542971623075,0.04530442066182294,0.030655505131374827,0.07017241784229533,0.03834153362998194,77.50251242548919,0.016561214510123577,0.0016864928456894641,0.1109146753516454,0.07584936121316002,0.008460004907043857,0.03811102317958004,-0.2839999198913574,-0.016366655749343928,0.03073736563738083,-0.18390518619123164,0.015984323975290593,1,-0.013857271129248727,1,0.4204709891223239,0.38410008826196373,0.4204709891223239,0.19542892261571249
2023-12-20,473.9599914550781,475.8999938964844,467.8200073242188,468.260009765625,102921000,403.0799865722656,99.55999755859376,188.1000061035156,13.670000076293944,3.877000093460083,102.41000366210938,-0.013857271129248727,-0.0047608719115302955,0.033070843239747294,0.014722665145476377,0.05374113406897085,0.03845234788157659,64.14509264012841,0.015972331847786056,0.0007108725540160094,0.13722787396334363,0.0940048574396159,0.009289719029959209,0.12141103747799353,-0.15599989891052246,-0.0044716542450753405,0.002504936355977039,0.10337914620810906,0.03243924769277062,2,0.009481916774461752,1,0.39160692589321777,0.368943746978499,0.39160692589321777,0.23944932712828318
2023-12-21,471.3299865722656,472.9800109863281,468.8399963378906,472.7000122070313,86667500,407.7699890136719,98.93000030517578,189.42999267578125,13.649999618530272,3.8940000534057617,101.83999633789062,0.009481916774461752,0.001461838577849095,0.03885548683626783,0.022385661613484542,0.06199377195574107,0.03874087032847129,68.13582299359341,0.015753624355215445,0.0005084109825583065,0.15518123026619512,0.09780315957069684,0.009237218462229515,0.09375000955202673,-0.03600001335144043,-0.0011769590786541162,0.003708986192384467,-0.27186076991581676,0.025724503555133005,2,0.0020096925426711376,1,0.40094787772065127,0.35913685660969125,0.40094787772065127,0.2399152656696576
2023-12-22,473.8599853515625,475.3800048828125,471.7000122070313,473.6499938964844,67160400,408.3800048828125,98.4800033569336,190.2700042724609,13.029999732971191,3.901000022888184,101.6999969482422,0.0020096925426711376,0.009204626697240759,0.0403031113452601,0.022411440527110305,0.062219378424634986,0.038935340822283226,68.93257961717758,0.015649152789368778,0.00034761292679053615,0.14573886292757313,0.09768052185016998,0.009052805807182547,0.061074919894850366,-0.026999950408935103,-0.008288698958756613,0.017486653863427293,-0.5255482548319119,0.02478627869362726,1,0.004222527236930729,0,0.37612100473848326,0.37612100473848326,0.345207594689944,0.2786714005715727
2023-12-26,474.0700073242188,476.5799865722656,473.989990234375,475.6499938964844,55387000,410.8800048828125,98.76000213623048,191.72000122070312,12.989999771118164,3.885999917984009,101.47000122070312,0.004222527236930729,0.007797090209681334,0.046580668892813204,0.024388022415512856,0.06459647459170048,0.039251193196671474,70.59936299672924,0.015684331235040684,0.000357704692828114,0.1437881016697429,0.09691249778032307,0.00904627532887752,0.03423561601398317,-0.06800007820129439,-0.010145360392688763,0.02060151712241609,-0.21297671199980672,0.026027551858871067,2,0.0018080855254416495,0,0.3663237473272827,0.3663237473272827,0.36453736999097003,0.26913888268174724
2023-12-27,475.4400024414063,476.6600036621094,474.8900146484375,476.510009765625,68000300,411.5,100.51000213623048,192.58999633789065,12.43000030517578,3.7890000343322754,100.98999786376952,0.0018080855254416495,0.003517002444221262,0.04743590758418792,0.02386095527740273,0.06459274682282046,0.03978254208783838,71.3121073206461,0.01570055426509641,0.0003212716476177819,0.138477698181688,0.09680966676235357,0.008616224562204762,-0.007980800472986105,-0.13299989700317383,-0.011549381680761028,0.018294249276956442,0.21947820909654991,0.022874637831523437,1,0.00037773115379002853,1,0.3944377075858593,0.3809820626747291,0.3944377075858593,0.22458022973941164
2023-12-28,476.8800048828125,477.5499877929688,476.260009765625,476.6900024414063,77158100,411.2999877929688,99.77999877929688,191.47000122070312,12.470000267028809,3.849999904632568,101.2300033569336,0.00037773115379002853,0.018002802929937722,0.04856914234465992,0.02182380124981642,0.06306302046303736,0.0403584445408105,71.46800591673565,0.015580766165822076,0.00016583247120867227,0.05674194839461826,0.09643456553736028,0.008185918239856156,-0.08778345300422741,-0.027000188827515093,-0.01152231484210331,0.017915975586587418,-0.25031723360635827,0.030585887049430438,2,-0.002894973411954882,0,0.4268750940301243,0.4268750940301243,0.2748034086613207,0.2983214973085551
2023-12-29,476.489990234375,477.0299987792969,473.2999877929688,475.30999755859375,122283100,409.5199890136719,98.87999725341795,191.1699981689453,12.449999809265137,3.865999937057495,101.33000183105467,-0.002894973411954882,0.005521441261184812,0.04143296212751113,0.016804832645175516,0.057857554134639555,0.040374239157250136,68.3989590383422,0.015126855013220277,-0.00026626725619748314,0.041669056482372596,0.09801869831242413,0.008238238220977162,-0.08791207639567256,-0.0280001163482666,-0.005007801700462222,0.00918548044364953,0.4109452793723136,0.03277864376905537,2,-0.005596355380219964,0,0.4249031926618595,0.4249031926618595,0.2749215784203334,0.3001752289178073
2024-01-02,472.1600036621094,473.6700134277344,470.489990234375,472.6499938964844,123623700,402.5899963378906,98.30999755859376,190.72000122070312,13.199999809265137,3.946000099182129,102.1999969482422,-0.005596355380219964,-0.0021112636184653644,0.029514240062792796,0.009651106133288234,0.049777637303090705,0.039742967571715804,62.80082253142089,0.014196414088813237,-0.001026670701279044,0.06151955018297743,0.10048397540928805,0.00860498310351564,0.013046821164836686,0.04500007629394487,0.004916420993153592,0.002365044085445245,0.8407231046866903,0.021643946087871235,1,-0.008166688673242328,0,0.41076879912202713,0.41076879912202713,0.25625759573406076,0.33297360514391205
2024-01-03,470.4299926757813,471.1900024414063,468.1700134277344,468.7900085449219,103585900,398.3299865722656,98.72000122070312,189.1300048828125,14.039999961853027,3.9070000648498535,102.45999908447266,-0.008166688673242328,-0.014422338777650534,0.026495009829053506,0.00011308256262143601,0.03900751466231034,0.038890034314948085,55.67925621898091,0.012691125780188245,-0.002125843891682319,0.06541270226592606,0.10355957520622454,0.008809915842655405,0.08083142488342632,0.021000146865844727,0.009756557128803411,-0.013509265185686514,0.870220448841786,0.04353762514150006,2,-0.0032210792425203527,0,0.39725900794169117,0.39725900794169117,0.27722182064451634,0.3255191714137924
2024-01-04,468.2999877929688,470.9599914550781,467.0499877929688,467.2799987792969,84232200,396.2799987792969,97.22000122070312,189.32000732421875,14.130000114440918,3.990999937057495,102.41999816894533,-0.0032210792425203527,-0.019370025387017487,0.023390259599251895,-0.004242758254071277,0.03351583035823236,0.037919471764120916,53.140535652987936,0.011054212633901345,-0.003048510319572332,0.05073156505812918,0.10470047781833726,0.00841801909348955,0.13676587027574483,0.20199990272521973,0.014159821125105942,-0.01697901799600665,0.23870335866165293,0.05793102079039403,2,0.00136965984015891,2,0.3829989462796354,0.38096523463850585,0.23603581908185872,0.3829989462796354
2024-01-05,467.489990234375,470.4400024414063,466.4299926757813,467.9200134277344,86118900,396.75,96.29000091552734,189.3500061035156,13.350000381469728,4.041999816894531,102.41000366210938,0.00136965984015891,-0.018397677670510704,0.02893834853441013,-0.0042750903699504406,0.032907736958563305,0.03734246976138067,54.09589733763742,0.009709587373668744,-0.003499076853288187,0.05619572276568616,0.1028772192035143,0.008334758770833601,0.07056937414569875,0.19199991226196333,0.011656626158700556,-0.011072205064352914,0.1161355709899543,0.052637146645658994,2,0.014275928543528549,2,0.40438020903275546,0.35783530178051004,0.23778448918673453,0.40438020903275546
2024-01-08,468.4299926757813,474.75,468.2999877929688,474.6000061035156,74879100,404.9500122070313,97.23999786376952,187.8699951171875,13.079999923706056,4.001999855041504,102.20999908447266,0.014275928543528549,-0.0014937439959710197,0.03572440635643126,0.008183801188116124,0.045021363233303635,0.03653853791518524,62.65412595279012,0.009559649117768835,-0.0027704825818162006,0.14058333617698465,0.11058992642019057,0.00855607351376009,0.050602419605828564,0.1359999179840088,0.00868446893828323,-0.017262138846920183,-0.3876578202548022,0.04083439661521093,2,-0.0015170695563498926,0,0.4037869789818415,0.4037869789818415,0.3782533989441432,0.21795962207401534
2024-01-09,471.8699951171875,474.9299926757813,471.3500061035156,473.8800048828125,65931400,405.75,96.62000274658205,187.92999267578125,12.760000228881836,4.019000053405762,102.56999969482422,-0.0015170695563498926,0.0026023717385206258,0.029726189293595606,0.005193762197901242,0.040625419677012164,0.03524858471230252,61.3269584549025,0.009333445622917583,-0.0024123361320078163,0.13365435727234803,0.11075942994925686,0.008558516495900963,-0.033333302025842726,0.07299995422363281,0.003620379233175486,-0.01462881987764486,-0.46667669710581383,0.05110998769971853,2,0.0056554246817059894,0,0.4254940530619404,0.4254940530619404,0.35413987930828333,0.22036606762977634
2024-01-10,474.1600036621094,477.4500122070313,473.8699951171875,476.55999755859375,67310600,408.5,96.16999816894533,187.5,12.6899995803833,4.03000020980835,102.36000061035156,0.0056554246817059894,0.0165745618977442,0.031537495686491335,0.009318865220383055,0.04349135222715672,0.03385697838840285,64.35370153652728,0.009436255823644314,-0.00179477768772121,0.11097208936390753,0.11144234543312184,0.008604814102415965,-0.09615387358530669,0.1230001449584961,-0.0009759757467755481,-0.008618436211760616,-0.3501953451193647,0.04566058812552698,2,-0.00044064012118916196,0,0.46609684886788183,0.46609684886788183,0.29877137035260454,0.23513178077951358
2024-01-11,477.5899963378906,478.1199951171875,472.260009765625,476.3500061035156,77940700,409.3500061035156,96.70999908447266,187.8699951171875,12.4399995803833,3.9769999980926514,102.29000091552734,-0.00044064012118916196,0.0194102194570982,0.026395173106866343,0.007567072854534063,0.04026357098752853,0.03245093950952782,63.93148550095541,0.009419392117953665,-0.001453273935199922,0.10205620942109887,0.11107736361761925,0.00827571873908685,-0.11960371694055616,-0.01399993896484375,-0.0012692565489363927,-0.00765905425171487,-0.0746923385593633,0.052167536024163574,2,0.00069273972507089,0,0.4863262679924726,0.4863262679924726,0.3117258213021464,0.20194791070538098
2024-01-12,477.8399963378906,478.6000061035156,475.2300109863281,476.6799926757813,58026400,409.55999755859375,96.5199966430664,189.7100067138672,12.699999809265137,3.950000047683716,102.4000015258789,0.00069273972507089,0.0187211040277504,0.013134947238642614,0.007606492522531871,0.038332097918991614,0.030493655632903627,64.32755680222112,0.009344365265737262,-0.0012166192590219308,0.1032071161674103,0.10084395635522991,0.008067696827159946,-0.048689180047276626,-0.09199976921081543,-9.766757028417672e-05,0.0019012442500518922,-0.32620597801411766,0.05097763422824153,2,-0.0036712260361014826,0,0.4726758357555301,0.4726758357555301,0.32832062459845135,0.19900353964601847
2024-01-16,475.260009765625,476.6099853515625,473.05999755859375,474.9299926757813,85014900,409.5199890136719,94.81999969482422,187.91000366210935,13.84000015258789,4.065999984741211,103.36000061035156,-0.0036712260361014826,0.0006952940750568626,0.006186273277565046,0.003597617968017941,0.032169740110033374,0.02846969904120078,60.53133289110414,0.008924104907952871,-0.001340635394038153,0.05518179818914873,0.10150310586598688,0.0080884007829,0.05810399337269234,0.06400012969970703,0.011251360299186386,0.00021295867334680807,0.13536220387264275,0.04032171939403573,2,-0.0055586805878180545,0,0.4284923713390099,0.4284923713390099,0.2844219619441264,0.2870856667168638
2024-01-17,471.8200073242188,472.7900085449219,469.8699951171875,472.2900085449219,68843900,407.2099914550781,94.66999816894533,185.83999633789065,14.789999961853027,4.105999946594238,103.4499969482422,-0.0055586805878180545,-0.003355272055177383,0.006306909972394248,-0.0022930917730630274,0.02458271211547447,0.026937574218363958,55.235647640821085,0.008067583109743657,-0.0018036276378341686,0.06865934136486312,0.10141039198428939,0.00845575230947706,0.159090885310202,0.08699989318847656,0.008579479926257516,-0.01112114308170209,0.044174702797149745,0.055643774595746764,2,0.00889280233217904,0,0.43489158443991505,0.43489158443991505,0.29280948847361915,0.27229892708646586
2024-01-18,474.010009765625,477.05999755859375,472.4200134277344,476.489990234375,91856200,412.989990234375,93.79000091552734,187.3699951171875,14.130000114440918,4.144000053405762,103.54000091552734,0.00889280233217904,-0.00014690138613693282,0.009576856584065485,0.006098985667480239,0.03182279728686477,0.025567873525206286,61.0707529187516,0.007904601490297888,-0.0015036802279318527,0.08843232640484447,0.1042941254489995,0.008830936915826138,0.11347522314213676,0.11399984359741211,0.01152794351445574,-0.0006933593750000355,0.36466173232744925,0.053558353909380685,2,0.01246616416534696,0,0.41037169740765234,0.41037169740765234,0.3093285919399963,0.28029971065235143
2024-01-19,477.6499938964844,482.7200012207031,476.5400085449219,482.4299926757813,110834500,421.1799926757813,94.08999633789062,187.92999267578125,13.300000190734863,4.145999908447266,103.29000091552734,0.01246616416534696,0.012763695800067643,0.015984323975290593,0.017825590838441485,0.0425752086049862,0.02431616771018419,67.51934714630087,0.008629418288881734,-0.0005304178711874323,0.12460836290058323,0.11107091083641873,0.009453625626708763,0.06913188419296268,0.16899991035461426,0.00977612661110272,0.0003193567900841021,0.4220362403724882,0.03540413603870274,2,0.002114336891851476,0,0.42039449622671543,0.42039449622671543,0.35136732001023535,0.2282381837630491
2024-01-22,484.010009765625,485.2200012207031,482.7799987792969,483.4500122070313,75844900,421.7300109863281,94.6500015258789,187.22000122070312,13.1899995803833,4.093999862670898,103.33000183105467,0.002114336891851476,0.014202441124594678,0.03243924769277062,0.01834583478230467,0.042683061758071794,0.023898783836013626,68.48476676285989,0.009324157555863528,0.00014691801071000502,0.1236683163533657,0.09661330894622128,0.009294796559854785,0.038582659722615986,0.14399981498718262,0.00908203409489916,-0.01312532499626995,0.3070757448333863,0.02753127980663672,2,0.0029164817642561847,1,0.414145138352372,0.38367351523360393,0.414145138352372,0.20218134641402413
2024-01-23,484.010009765625,485.1099853515625,482.8900146484375,484.8599853515625,49945300,423.4800109863281,93.9000015258789,187.9499969482422,12.550000190734863,4.142000198364258,103.62000274658205,0.0029164817642561847,0.020908329288354954,0.025724503555133005,0.020009498903028167,0.04358086641588832,0.023108968630400017,69.82011926617622,0.009980022748136887,0.0006635764971151069,0.10986014359224343,0.09223437093176767,0.008884735261651738,-0.09320808870163311,0.07600021362304688,0.002515500529171266,0.00021283212896294756,-0.41251121862167694,0.025471283415068546,2,0.0010931594952936496,0,0.3944219307528843,0.3944219307528843,0.3694911309698563,0.23608693827725924
2024-01-24,487.80999755859375,488.7699890136719,484.8800048828125,485.3900146484375,81765000,425.8299865722656,93.3499984741211,186.3999938964844,13.140000343322754,4.177999973297119,103.23999786376952,0.0010931594952936496,0.02773720778865396,0.02478627869362726,0.019865115184684035,0.04240850219698178,0.022104282886678872,70.32907522088674,0.010477138889553936,0.0009366927033913403,0.07841268439859364,0.0921964590971628,0.00879115731884566,-0.11156184062109664,0.07200002670288086,-0.002029957377164049,0.003013331734981195,0.18768692651055496,0.045550968673256476,2,0.0054388925424671,0,0.4499120170276772,0.4499120170276772,0.31374781389896544,0.23634016907335728
2024-01-25,487.5799865722656,488.30999755859375,485.3900146484375,488.0299987792969,72525000,426.3500061035156,93.95999908447266,187.13999938964844,13.449999809265137,4.131999969482422,103.56999969482422,0.0054388925424671,0.024218784825355,0.026027551858871067,0.02408013648845886,0.04594771087319449,0.021353382030940393,72.79041059407163,0.011129099742435037,0.0013122098586782367,0.07260708270528977,0.09281720240612545,0.008598701354980282,-0.04812457888664967,-0.012000083923339844,0.0002897313022176551,-0.001227494975357235,-0.21045068269752065,0.04061227255249533,2,-0.0012704037021049608,0,0.4310967605135801,0.4310967605135801,0.38523865793097906,0.18366458155544096
2024-01-26,487.5899963378906,489.1199951171875,486.5400085449219,487.4100036621094,76641600,423.80999755859375,93.77999877929688,187.00999450683597,13.260000228881836,4.159999847412109,103.47000122070312,-0.0012704037021049608,0.010322764052679734,0.022874637831523437,0.02161080152481487,0.042508853689360526,0.02045598199760046,71.29462908265354,0.011470701711837766,0.0013130596407571048,0.0390298160433216,0.09323677046319409,0.00840007317699923,-0.003007515885668388,0.01399993896484375,0.0017426692185140702,-0.004895430238921361,-0.3085041210092525,0.03811983018950493,2,0.007919380649885843,0,0.42494309796125584,0.42494309796125584,0.378590529931299,0.19646637210744528
2024-01-29,487.7300109863281,491.4200134277344,487.1700134277344,491.2699890136719,61322800,428.1499938964844,94.86000061035156,188.3300018310547,13.600000381469728,4.091000080108643,103.61000061035156,0.007919380649885843,0.016175357553392278,0.030585887049430438,0.028130361912609425,0.04885621832713283,0.020158782565245614,74.77064819116035,0.012132193121385124,0.001643488989697202,0.05711898563145984,0.09620646020372957,0.0079589533866123,0.03108421638588954,-0.0029997825622558594,0.002709752969468626,0.005928856976360475,-0.1914710151902106,0.031876572989020246,2,-0.0007734532410523798,0,0.4108067897291216,0.4108067897291216,0.4031645998484839,0.18602861042239444
2024-01-30,490.55999755859375,491.6199951171875,490.1099853515625,490.8900146484375,58618400,425.2999877929688,95.72000122070312,188.58999633789065,13.3100004196167,4.059000015258789,103.4000015258789,-0.0007734532410523798,0.012436640430335322,0.03277864376905537,0.02566301906344437,0.04620401456590084,0.020027041163298342,73.8229636565861,0.012530801428128775,0.0016271827957778046,0.06395068100864129,0.09520326033635415,0.007663915224079424,0.06055778624154229,-0.08300018310546875,-0.002123153974828429,0.0034051577549358836,0.17365197526093556,0.03131046600773724,2,-0.016317320635176435,0,0.42644349380316826,0.42644349380316826,0.4247300537916733,0.14882645240515838
2024-01-31,488.6199951171875,489.0799865722656,482.8599853515625,482.8800048828125,126011100,416.9700012207031,96.66000366210938,188.4499969482422,14.350000381469728,3.9670000076293945,103.2699966430664,-0.016317320635176435,-0.00517111949128779,0.021643946087871235,0.007849830833047022,0.02770251574890059,0.019698058488975878,57.32766062191675,0.011580234442746444,0.00039659733545582295,0.14970920045592337,0.1121037712727478,0.008449298853015928,0.09208523641796185,-0.2109999656677246,0.0002905732266333949,0.010997870809460686,0.541137405980554,0.0521868402804726,2,0.013088152875065928,1,0.3808828742904936,0.36950849923841256,0.3808828742904936,0.2496086264710939
2024-02-01,484.6300048828125,489.2300109863281,483.7999877929688,489.2000122070313,91891600,421.8800048828125,98.23999786376952,190.41000366210935,13.880000114440918,3.86299991607666,103.0500030517578,0.013088152875065928,0.002397421123006671,0.04353762514150006,0.01887057869025499,0.039453795970222805,0.02020199396318545,64.13673221607048,0.011435071031038885,0.000316732857176508,0.17767446816853966,0.11418285204800842,0.008411690210550438,0.03197028336606911,-0.2690000534057617,-0.0050207265095937315,0.017473572101773804,0.2670334367459497,0.04834415942102921,2,0.010527378920638375,1,0.46247519998867925,0.33400316835643973,0.46247519998867925,0.20352163165488096
2024-02-02,489.6499938964844,496.0499877929688,489.2999877929688,494.3500061035156,99228200,429.010009765625,96.06999969482422,188.6100006103516,13.850000381469728,4.0329999923706055,103.91999816894533,0.010527378920638375,0.014238530988825104,0.05793102079039403,0.026702368927996822,0.04861003750491921,0.02133789620043114,68.54176919778722,0.012021473649363923,0.0008151704587303293,0.1894941203080665,0.11600763633113038,0.008826881628987909,0.04449473170466489,-0.1269998550415039,0.004349057146354474,0.008555725097661337,0.2947041815410951,0.03631026897508405,2,-0.00364118193248264,1,0.4972074644003104,0.30750388345739305,0.4972074644003104,0.19528865214229646
2024-02-05,493.7000122070313,494.3800048828125,490.2300109863281,492.5499877929688,75757100,428.4500122070313,94.12999725341795,187.57000732421875,13.670000076293944,4.164000034332275,104.4499969482422,-0.00364118193248264,0.0026054894618472435,0.052637146645658994,0.020354232557600938,0.04305370619823634,0.022246659950375447,65.51289401721894,0.01219116795287826,0.0007551291640759499,0.1879259211980367,0.11819581878311947,0.00893599868421735,0.005147036239762981,0.07299995422363281,0.008107290154834024,-0.004035440447336169,0.2353822721728296,0.02970257891664363,2,0.0029033057127196837,1,0.42587473345731025,0.3257277838303935,0.42587473345731025,0.2483974827122962
2024-02-06,493.5199890136719,494.3200073242188,492.0499877929688,493.9800109863281,55918600,427.5899963378906,95.0500030517578,188.5500030517578,13.0600004196167,4.090000152587891,104.18000030517578,0.0029033057127196837,0.0062946815899354025,0.04083439661521093,0.021266586541542676,0.04435873235725274,0.02261128105043575,66.76926209476468,0.012346525714470617,0.0007548744999976646,0.18807443305805144,0.10989051107708402,0.008506704329247185,-0.018782869430382765,0.031000137329101562,0.007543508392518383,-0.00021206472723600545,-0.0460572107051711,0.03192434645722608,2,0.008340408570300495,1,0.43049805125097934,0.3436495788686267,0.43049805125097934,0.225852369880394
2024-02-07,496.2900085449219,498.5299987792969,495.3599853515625,498.1000061035156,70556500,431.989990234375,94.58999633789062,188.5,12.829999923706056,4.110000133514404,104.04000091552734,0.008340408570300495,0.0315192202344281,0.05110998769971853,0.027212584589753064,0.05116678066745517,0.02331960923869425,70.14393030696542,0.012912827692177895,0.0011336447289514542,0.1060334398531305,0.11123774920603245,0.008404793161639865,-0.10592337403185448,0.14300012588500977,0.0074562244358573615,0.00026533856496446795,-0.4400771043185878,0.03354746285950738,2,0.000441680823142665,0,0.383642068605814,0.383642068605814,0.32920878943568127,0.28714914195850466
2024-02-08,498.1000061035156,498.7099914550781,497.260009765625,498.3200073242188,52343600,432.7900085449219,94.04000091552734,188.3300018310547,12.789999961853027,4.170000076293945,104.1500015258789,0.000441680823142665,0.018642671483270368,0.04566058812552698,0.025365628989579614,0.049688761668572834,0.023721423842695044,70.31727396288268,0.013318719168437156,0.001235789238037101,0.09163654621997097,0.11082663338183604,0.007715919097238769,-0.07853026971187427,0.30700016021728516,0.010674414765117657,-0.01092380542540039,-0.43037666119645324,0.026890338937898495,2,0.0057794285609300555,0,0.41423515020122303,0.41423515020122303,0.32041211337446207,0.26535273642431484
2024-02-09,498.8399963378906,501.6499938964844,498.489990234375,501.2000122070313,63979400,437.0499877929688,93.8499984741211,187.6000061035156,12.93000030517578,4.186999797821045,104.08000183105467,0.0057794285609300555,0.013856591522082962,0.052167536024163574,0.028661754614452306,0.05370136757798516,0.024341930524011568,72.5630381516991,0.013870286205911868,0.0014854299467473352,0.07387535611765483,0.11101687916687727,0.007748536762885983,-0.06642599645880443,0.15399980545043945,0.0015396811482735195,-0.005354936130468113,-0.35522966253544863,0.020111704562572497,1,-0.0004389489532021784,0,0.4125192276770194,0.4125192276770194,0.3646708588473464,0.2228099134756342
2024-02-12,501.1700134277344,503.5,500.239990234375,500.9800109863281,56502300,435.3399963378906,93.95999908447266,187.1100006103516,13.93000030517578,4.171999931335449,104.16999816894533,-0.0004389489532021784,0.017115061216695482,0.05097763422824153,0.025652590554375854,0.051189314293618615,0.024898024900848803,72.11419184154104,0.014175527327707937,0.0014281858892305098,0.058221296795714195,0.11134276828331903,0.007900225832997121,0.019019767917391572,0.007999897003173828,-0.0026806968643151574,-0.0024524534622000216,-0.2541649561559246,0.03153822101492598,2,-0.01377305334094614,0,0.4411046003110832,0.4411046003110832,0.36148456714807814,0.19741083254083872
2024-02-13,494.5299987792969,497.0899963378906,490.7200012207031,494.0799865722656,113099200,428.5499877929688,92.3499984741211,184.52999877929688,15.850000381469728,4.315999984741211,104.95999908447266,-0.01377305334094614,0.00020238791796023392,0.04032171939403573,0.00954722557267984,0.0350745131834298,0.025285877633182796,59.651454094705414,0.013333294786620225,0.0003263453055700765,0.13586959053339367,0.12385485680626414,0.008928568671139593,0.2136293929717128,0.2259998321533203,0.007487029919485577,-0.02132062692864256,1.0225685192404672,0.04430453514768651,2,0.009087639398436709,0,0.45665384869678083,0.45665384869678083,0.29986543138104116,0.2434807199221781
2024-02-14,496.7900085449219,499.0700073242188,494.3999938964844,498.5700073242188,68387800,433.2200012207031,92.81999969482422,184.4199981689453,14.380000114440918,4.267000198364258,104.72000122070312,0.009087639398436709,0.0009435880645332073,0.055643774595746764,0.015993806254096965,0.04275643218462277,0.026341327836631123,64.0101373389007,0.012973419470190465,6.688635853302695e-05,0.13880692966814176,0.12289581093202395,0.009144727657121073,0.12081061574060636,0.15700006484985352,0.006535950588157924,-0.021644572048035493,-0.030737068873881168,0.0328539716432652,2,0.00689973803251509,0,0.39345185246588704,0.39345185246588704,0.36285310193523507,0.24369504559887778
2024-02-15,499.2900085449219,502.2000122070313,498.7999877929688,502.010009765625,61683000,434.510009765625,93.3000030517578,185.66000366210935,14.010000228881836,4.239999771118164,104.3000030517578,0.00689973803251509,0.00740488518857596,0.053558353909380685,0.020350725418297966,0.047964519646609416,0.027063041697736878,66.95539361366279,0.013097733550448352,0.0002237135305319529,0.1468001567254561,0.1217707986697117,0.009231465812900163,0.0953870422726768,0.06999969482421875,0.001440245066550716,-0.014177232214655389,0.17842486951604397,0.015577332432657132,1,-0.004979980381600746,0,0.40670101387907087,0.40670101387907087,0.39541538569287743,0.19788360042805167
2024-02-16,501.7000122070313,502.8699951171875,498.75,499.510009765625,75532900,430.5700073242188,92.76000213623048,186.33999633789065,14.239999771118164,4.295000076293945,104.27999877929688,-0.004979980381600746,-0.003371912211183714,0.03540413603870274,0.013510165207985425,0.040880913249246253,0.02700589395237496,62.92513427695889,0.012781909817486004,-0.00012523475668005314,0.14696304283622008,0.11881007418734944,0.00925907807532647,0.10131472815340947,0.10800027847290039,0.00192156941510091,-0.006716469747499287,0.18058156219032995,0.02672614226930392,2,-0.0055053951797489065,0,0.4084819103174523,0.4084819103174523,0.3361982542550099,0.25531983542753794
2024-02-20,497.7200012207031,498.4100036621094,494.4500122070313,496.760009765625,71736700,427.3200073242188,92.83999633789062,187.47000122070312,15.420000076293944,4.275000095367432,104.08000183105467,-0.0055053951797489065,-0.008423492211585004,0.02753127980663672,0.006571213032613654,0.03334169605165371,0.026595716897551247,58.73685635207476,0.011964138149757284,-0.0008115669832844548,0.15087383471923535,0.12156211120938794,0.009820783961191595,0.10696336959623354,0.10300016403198242,-0.0008639372129458645,0.0019240051797189128,0.26962442236864703,0.03814721763930229,2,0.0009058331600915182,0,0.39635619222006396,0.39635619222006396,0.26611022257219785,0.33753358520773813
2024-02-21,495.4200134277344,497.3699951171875,493.55999755859375,497.2099914550781,59293400,425.6099853515625,92.18000030517578,187.47999572753903,15.34000015258789,4.324999809265137,104.01000213623048,0.0009058331600915182,0.006335016531487714,0.025471283415068546,0.00622398704425664,0.03260316475399616,0.02621600960560211,59.215217962158334,0.01119377292191757,-0.0012562960217445828,0.1058692873764827,0.12143598737786276,0.009205651488667851,-0.032176669817502335,0.008999824523925781,-0.009051038076682949,0.015986544018625537,-0.47573988144920565,0.0468011291277004,2,0.020695498324175388,0,0.4140135892974033,0.4140135892974033,0.21257234534784916,0.37341406535474764
2024-02-22,504.010009765625,508.489990234375,503.0199890136719,507.5,76402500,438.0700073242188,92.62999725341795,187.55999755859372,14.539999961853027,4.327000141143799,103.95999908447266,0.020695498324175388,0.017911211153089024,0.045550968673256476,0.024755665807491445,0.05190677585502734,0.026495203640705123,68.2731091390315,0.011876266982141106,-0.00025709269699591156,0.17151212079983305,0.13959892806403687,0.009712875333996738,0.011126553973489273,0.059999942779541016,-0.007257468748770535,0.01702634974961814,0.1171948797885003,0.028965541294642794,2,0.0006896671990455072,0,0.4247253489423797,0.4247253489423797,0.3190748245885585,0.2561998264690618
2024-02-23,509.2699890136719,510.1300048828125,507.1000061035156,507.8500061035156,61321800,436.7799987792969,93.87000274658205,188.6199951171875,13.75,4.260000228881836,103.94000244140624,0.0006896671990455072,0.011633226876526237,0.04061227255249533,0.023414501852066616,0.050634877463181294,0.026597605918085243,68.52913404300924,0.012499858393319135,0.0002998887417783951,0.16964844855271033,0.13918471219932735,0.00916890556237505,-0.018558188767609063,0.020000457763671875,-0.0034515877259649885,0.01594307549656837,-0.0058557463158406264,0.026307011339126385,2,-0.003662529972996542,0,0.414226884801746,0.414226884801746,0.34487855210965424,0.24089456308859972
2024-02-26,508.2999877929688,508.75,505.8599853515625,505.989990234375,50386700,436.5499877929688,93.58999633789062,188.1999969482422,13.739999771118164,4.298999786376953,103.83000183105467,-0.003662529972996542,0.012972673904553922,0.03811983018950493,0.017760854668966486,0.04497571104013898,0.02673993231938976,65.50397596090767,0.012606395071003763,0.0002892627291468002,0.1662812673755557,0.14019215696293869,0.009024744196978917,-0.035112360114928465,0.0039997100830078125,-0.0043152757336965,0.009981757255048906,-0.33291717913650876,0.027233798222949135,2,0.0018577490850577583,0,0.4355452080233496,0.4355452080233496,0.3115963696098284,0.252858422366822
2024-02-27,506.7000122070313,507.1600036621094,504.75,506.9299926757813,48854500,437.6000061035156,92.93000030517578,188.0,13.43000030517578,4.315000057220459,103.83000183105467,0.0018577490850577583,0.020472628050222097,0.031876572989020246,0.018048227932046856,0.045344072066222374,0.02681193619836786,66.31331068981947,0.012634925103920147,0.0002725059783598397,0.15112668201536122,0.13838508594348406,0.009027733929158161,-0.12905316220961016,0.039999961853027344,-0.0024019984204631806,0.002827112475840554,-0.31897480647980736,0.023435198261016144,1,-0.0013216478011487398,0,0.4748308350711297,0.4748308350711297,0.2825636512389027,0.24260551368996763
2024-02-28,505.3299865722656,506.8599853515625,504.9599914550781,506.260009765625,56506600,435.2699890136719,93.5199966430664,188.33999633789065,13.84000015258789,4.27400016784668,103.9800033569336,-0.0013216478011487398,0.018201601870594164,0.03131046600773724,0.015136017737799934,0.042489932945508846,0.026946059178026394,65.14023009756588,0.012442618711166892,5.1071359106614914e-05,0.15487108122883272,0.13852372685088257,0.008675669131872737,-0.09778357138718452,-0.05099964141845703,-0.00028842206211665555,0.004587159323394818,-0.04700017202589157,0.033401755655873,2,0.003594944833748892,0,0.4729817261624412,0.4729817261624412,0.2993443574881385,0.2276739163494203
2024-02-29,508.0700073242188,509.739990234375,505.3500061035156,508.0799865722656,83924800,439.0,94.18000030517578,189.30999755859372,13.399999618530272,4.251999855041504,104.16000366210938,0.003594944833748892,0.0011428306842673486,0.0521868402804726,0.016217892106179743,0.04457061847160659,0.027900243230970734,66.8554735476813,0.012379327795892216,2.5734242288288216e-05,0.044719295795286024,0.12137535480011277,0.009057913390487008,-0.07840442546861393,-0.07500028610229492,0.0019238609022516062,0.009330347743544243,0.09845620234939956,0.029503269461728765,2,0.00938826393429193,2,0.36168260554591514,0.34994345602856086,0.288373938425524,0.36168260554591514
2024-03-01,508.9800109863281,513.2899780273438,508.55999755859375,512.8499755859375,76844800,445.6099853515625,94.47000122070312,192.88999938964844,13.109999656677246,4.179999828338623,103.86000061035156,0.00938826393429193,0.009845366589210425,0.04834415942102921,0.023338085122543317,0.05260797625527447,0.02860236666480187,70.89724347402895,0.012851850461908617,0.0004905255942428311,0.07946932106751738,0.11778199170588577,0.009235509022805339,-0.04654547951438215,-0.08000040054321289,-0.0007696924107710723,0.022638131603216483,0.25313999262904874,0.018153452279990878,1,-0.0010724145835053767,0,0.3564899711936418,0.3564899711936418,0.3114717649422956,0.33203826386406265
2024-03-04,512.030029296875,514.2000122070312,512.0,512.2999877929688,49799300,444.0199890136719,94.08999633789062,196.00999450683597,13.489999771118164,4.218999862670898,103.83000183105467,-0.0010724145835053767,0.012470597601488054,0.03631026897508405,0.020413220267741172,0.04986475825212522,0.028862364186791334,69.83973775537646,0.013094303434621488,0.0005757662961659527,0.06938909922669212,0.11429764272025848,0.009097631420254479,-0.018195051249237038,-0.07999992370605469,0.0,0.04149839365163022,-0.011657838278752108,0.012766034000264215,1,-0.00999413476319766,2,0.43694675717140036,0.3285642135624943,0.2344890292661054,0.43694675717140036
2024-03-05,510.239990234375,510.7000122070313,504.9100036621094,507.1799926757813,72855600,436.0499877929688,95.43000030517578,197.19000244140625,14.460000038146973,4.13700008392334,103.8000030517578,-0.00999413476319766,0.0004931647438739528,0.02970257891664363,0.008745308594511947,0.037716915662503236,0.028720437974931068,60.75455989946964,0.01245141498303368,-0.00015479768876639898,0.11330325759698195,0.12037869476275183,0.008785272879119585,0.07669394710097222,-0.17799997329711914,-0.0002889220723090169,0.04888299170960764,0.49127715972940056,0.024113688720698523,1,0.005067249026642129,2,0.4826581221471011,0.30336094787229695,0.21398092998060203,0.4826581221471011
2024-03-06,510.5499877929688,512.0700073242188,508.4200134277344,509.75,68382400,438.7900085449219,95.98999786376952,198.80999755859372,14.5,4.104000091552734,103.37000274658205,0.005067249026642129,0.006893671566100323,0.03192434645722608,0.01226936069794271,0.04139639916332505,0.02877399988210616,63.332992584082476,0.012045453092968759,-0.00039776225430046975,0.11719697404415558,0.12095889328914963,0.008726966829579881,0.04768784972077467,-0.1700000762939453,-0.0058665184714179475,0.05559096009495201,0.21016660000778664,0.00651301093520118,1,0.00992642973731006,2,0.4708480301692935,0.31929484066280994,0.20985712916789653,0.4708480301692935
2024-03-07,513.1400146484375,515.8900146484375,509.80999755859375,514.8099975585938,58652100,445.4500122070313,95.9000015258789,199.94000244140625,14.4399995803833,4.0920000076293945,102.81999969482422,0.00992642973731006,0.013245967493684896,0.03354746285950738,0.020624214906643124,0.04996795235479978,0.028750775280048213,67.81634236932206,0.012308973174194016,-9.551599299192533e-06,0.13232223203925375,0.12225516941869354,0.008989448097658547,0.07761193966116675,-0.15999984741210938,-0.012864860984760251,0.056151312766894,-0.30113506377137633,0.007031710989209072,1,-0.00600220732414769,2,0.3767705192798388,0.3576933790282007,0.2655361016919605,0.3767705192798388
2024-03-08,515.4600219726562,518.219970703125,511.1300048828125,511.7200012207031,86532500,439.0199890136719,95.7300033569336,201.6300048828125,14.739999771118164,4.089000225067139,102.73999786376952,-0.00600220732414769,-0.0022033234260045997,0.026890338937898495,0.013152454643124978,0.042132523097165864,0.02860385751545036,62.76897910084493,0.012061506825483024,-0.00026512220855667715,0.12808503006704064,0.1252240976196329,0.0094582945872193,0.12433258254211466,-0.09099960327148438,-0.010783773733873958,0.0453108275225238,0.12606838719080526,0.01367929622786579,1,-0.0008598499967885642,2,0.40245016717108295,0.35199664989872254,0.2455531829301945,0.40245016717108295
2024-03-11,510.4800109863281,511.8800048828125,508.5,511.2799987792969,62557200,437.3900146484375,95.68000030517578,202.0,15.220000267028809,4.104000091552734,102.87000274658205,-0.0008598499967885642,-0.0019909994885342064,0.020111704562572497,0.01127218105361627,0.03976393002164014,0.028174164682686298,62.06066090041435,0.01161333005311114,-0.0005791257234413877,0.1280251732191207,0.12432876965244716,0.009231730269412687,0.12824318200616602,-0.11499977111816406,-0.009245873712250052,0.03055969420454807,0.2561863319363926,0.015725255367152524,1,0.010757374688447952,0,0.4118176688935597,0.4118176688935597,0.28310371219202807,0.3050786189144121
2024-03-12,513.4500122070312,517.3800048828125,510.8599853515625,516.780029296875,73114400,443.6600036621094,94.87999725341795,199.7899932861328,13.84000015258789,4.15500020980835,102.95999908447266,0.010757374688447952,0.018928263653394062,0.03153822101492598,0.020556134077449606,0.04923819270027319,0.028104342000502713,67.06388947073378,0.011852354212270478,-0.00016827092586565472,0.11373814308087296,0.1288499841882556,0.009508053253544533,-0.0428768937706403,0.018000125885009766,-0.008092523531683216,0.013185206209930023,0.0035522320864833645,-0.005147323868739062,0,-0.0015675114126452172,0,0.45654033282327744,0.45654033282327744,0.28567857007414355,0.25778109710257907
2024-03-13,517.1099853515625,517.2899780273438,514.489990234375,515.969970703125,55104100,440.25,94.41999816894533,201.19000244140625,13.75,4.191999912261963,102.79000091552734,-0.0015675114126452172,0.012202002360225617,0.04430453514768651,0.01675872030451675,0.04586670086290923,0.02862820842065128,65.68986344283117,0.011894993269680309,-0.00011560313415964216,0.11864662451269742,0.11621950294219878,0.008349045900094842,-0.051724137931034475,0.08799982070922852,-0.005610929821455168,0.011971253518632041,-0.19417715669529,0.003934394271256858,1,-0.001976778793354672,0,0.40550036013509655,0.40550036013509655,0.29493817198117445,0.299561467883729
2024-03-14,516.969970703125,517.1300048828125,511.8200073242188,514.9500122070312,110171800,439.1400146484375,92.97000122070312,200.3500061035156,14.399999618530272,4.297999858856201,103.36000061035156,-0.001976778793354672,0.0002719734447689248,0.0328539716432652,0.013113745607526983,0.042012373959388505,0.02852456446983842,63.91422515935842,0.01164359069291568,-0.0003126360235289751,0.10003051526870083,0.11413401540300361,0.008681840796495852,-0.0027700805412327334,0.20599985122680664,0.005251905437950732,0.0020506334755572286,0.8783948059830764,-0.007961949716135286,0,-0.009942762430127261,0,0.4091303394289443,0.4091303394289443,0.26884206200017846,0.3220275985708773
2024-03-15,510.2099914550781,511.7000122070313,508.1199951171875,509.8299865722656,107646300,433.9200134277344,92.94000244140624,199.7100067138672,14.40999984741211,4.303999900817871,103.43000030517578,-0.009942762430127261,-0.0036934547094678027,0.015577332432657132,0.00226959847989594,0.029941257394513476,0.027608997575688354,55.765395386524354,0.010607789302100245,-0.0011748073449593297,0.117489264256892,0.11938099916533032,0.00932103425673292,-0.022388054873152874,0.21499967575073242,0.006716005993315122,-0.009522383189254136,0.24399849767428416,-0.010552487117137743,0,0.005943155285291102,0,0.4122292074005196,0.4122292074005196,0.23005502978132542,0.3577157628181549
2024-03-18,514.0,515.47998046875,512.4400024414062,512.8599853515625,88893300,437.4800109863281,92.66000366210938,200.02999877929688,14.329999923706056,4.340000152587891,103.58000183105467,0.005943155285291102,0.003090256955167181,0.02672614226930392,0.006904952383505414,0.03415787079457622,0.02706602877119524,59.08959077423797,0.009998439630170813,-0.001371635944631011,0.1265488518052717,0.11866115644909411,0.009717214807502466,-0.058475711413144005,0.23600006103515625,0.006901905954272092,-0.009752481290609571,0.42099230783986497,-0.018192073545901577,0,0.005557143669806974,0,0.40201289931267287,0.40201289931267287,0.2435729708326165,0.35441412985471055
2024-03-19,512.1500244140625,516.0,511.1199951171875,515.7100219726562,60755300,438.5700073242188,92.91999816894533,199.8000030517578,13.81999969482422,4.296999931335449,103.80999755859376,0.005557143669806974,-0.002070527620184115,0.03814721763930229,0.010620470457890052,0.03790445465057202,0.026997260584203486,61.983526562556314,0.009844784040851063,-0.0011699644631000096,0.10368276973293325,0.11667009241088626,0.010066564206784678,-0.0014451197646793146,0.1419997215270996,0.008255618508929308,5.010143631500874e-05,-0.16903783659580052,-0.029396431199258832,0,0.009249303470675319,2,0.40265949208734514,0.3215910166545633,0.2757494912580916,0.40265949208734514
2024-03-20,515.77001953125,520.6199951171875,515.0800170898438,520.47998046875,69594600,443.7699890136719,92.88999938964844,202.17999267578125,13.039999961853027,4.2729997634887695,103.41000366210938,0.009249303470675319,0.008740837687664538,0.0468011291277004,0.017647695115493134,0.04557344912230055,0.027441475218629607,66.28245184068487,0.01029808490249464,-0.0004925748172543835,0.12268764609838546,0.11945372702600413,0.01013212931782333,-0.051636366410688916,0.08099985122680664,0.006031741813987912,0.004920673106822537,0.2629659136071545,-0.04027050461422421,0,0.003304702971922424,2,0.3479366911639732,0.3342071935477692,0.31785611528825763,0.3479366911639732
2024-03-21,523.3900146484375,524.1099853515625,521.9099731445312,522.2000122070312,60256100,445.8699951171875,93.08999633789062,201.97000122070312,12.920000076293944,4.270999908447266,104.0,0.003304702971922424,0.014079036465941774,0.028965541294642794,0.019545549359055725,0.04699615567268567,0.026924355003939526,67.70081104074256,0.01083438411934262,6.341349403120506e-05,0.11818382207276996,0.09798662727470804,0.009882639151812702,-0.1027777487113144,-0.026999950408935547,0.006191944522728088,0.008085825145173864,-0.453071475640772,-0.05178094200082406,0,-0.001895806609024997,1,0.36008035089393353,0.32569367187174086,0.36008035089393353,0.31422597723432555
2024-03-22,522.1099853515625,522.6099853515625,520.969970703125,521.2100219726562,79070800,446.3800048828125,93.9800033569336,200.3500061035156,13.0600004196167,4.2179999351501465,104.43000030517578,-0.001895806609024997,0.02232123590238766,0.026307011339126385,0.016287238606020216,0.04314356689713961,0.02642592297818913,65.98043049962342,0.01102734158582911,0.00018872999834562685,0.06548493577245111,0.09867893919868057,0.0098246661503548,-0.09368490229636306,-0.08599996566772461,0.009668374717678008,0.003204643573846422,-0.2654573357375033,-0.04123101983077471,0,-0.0027628065092766274,0,0.35233411564336375,0.35233411564336375,0.31853245055246115,0.3291334338041751
2024-03-25,519.7999877929688,520.9500122070312,519.6099853515625,519.77001953125,48512100,444.760009765625,93.51000213623048,200.9900054931641,13.1899995803833,4.252999782562256,104.2300033569336,-0.0027628065092766274,0.01347352957347736,0.027233798222949135,0.012119694041231588,0.03845671903567216,0.02602165055131067,63.45456331265493,0.01084629970571101,-1.787186386259332e-05,0.08031369700205933,0.0981268405452599,0.009056210639229565,-0.07955340888989526,-0.08700037002563477,0.006275357350727928,0.004799313701573604,-0.45426595705188133,-0.027165910122133763,0,-0.0018470129799368351,0,0.3505520114202477,0.3505520114202477,0.319189463120258,0.33025852545949425
2024-03-26,521.22998046875,521.5800170898438,518.4000244140625,518.8099975585938,65463700,443.3200073242188,93.7699966430664,201.63999938964844,13.239999771118164,4.234000205993652,104.29000091552734,-0.0018470129799368351,0.006011082689608482,0.023435198261016144,0.009083125558192684,0.0347966537544151,0.025482071342733503,61.757158991843454,0.01042883953162676,-0.0003643483480700547,0.08086372672637374,0.09875802311686097,0.008837536623791336,-0.041968157490139046,-0.06299972534179688,0.0046238644467999634,0.009209190739671635,0.0774977656270317,-0.025828326284269454,0,0.008403819070718743,0,0.3610865880464264,0.3610865880464264,0.2967932651452584,0.34212014680831526
2024-03-27,521.7100219726562,523.2100219726562,519.489990234375,523.1699829101562,82999800,444.8299865722656,94.6999969482422,203.1000061035156,12.779999732971191,4.196000099182129,104.3499984741211,0.008403819070718743,0.005168311063537212,0.033401755655873,0.015892651141287573,0.041488709630963516,0.025195633082807145,66.18165073642243,0.010548936576662631,-0.00012344256990126277,0.07562076836354979,0.10149009100981415,0.008526325062954025,-0.01993866791736476,-0.07699966430664062,0.009089979486734512,0.004550467212696363,0.19261839280633852,-0.03761682305683978,0,-0.00019109579907738983,1,0.37342602342967723,0.3527784019837374,0.37342602342967723,0.2737955745865854
2024-03-28,523.2100219726562,524.6099853515625,522.780029296875,523.0700073242188,96294900,444.010009765625,94.62000274658205,205.72000122070312,13.010000228881836,4.205999851226807,104.5500030517578,-0.00019109579907738983,0.0016660189522219593,0.029503269461728765,0.014222436431049257,0.039188672058090956,0.02461613422287856,65.99310989224485,0.010577684348131548,-7.738770804610037e-05,0.0730557269519095,0.10142425432878824,0.0078096665781127944,0.0069659560415196164,-0.06500005722045898,0.005288490882286556,0.01856711381559184,0.5980938029510705,-0.028313604969160355,0,-0.0017397942282005863,0,0.37072242579676024,0.37072242579676024,0.33694030177739603,0.2923372724258437
2024-04-01,523.8300170898438,524.3800048828125,520.969970703125,522.1599731445312,62477500,444.9500122070313,92.5500030517578,207.82000732421875,13.649999618530272,4.328999996185303,105.0199966430664,-0.0017397942282005863,0.0018225880774120906,0.018153452279990878,0.011544882645615262,0.035501613536949694,0.023683309858360202,64.20022329799534,0.010357317038599817,-0.00025305996665435864,0.07276254231686821,0.09752474273954174,0.007827385311395076,0.04517604746990411,0.11100006103515625,0.005649682430015179,0.03728475664155262,-0.20985370073402576,-0.02317292823704875,0,-0.006358101845817976,2,0.4638624928869543,0.31879006995196285,0.21734743716108298,0.4638624928869543
2024-04-02,518.239990234375,518.97998046875,516.47998046875,518.8400268554688,74230300,441.1099853515625,92.04000091552734,210.88999938964844,14.609999656677246,4.364999771118164,104.81999969482422,-0.006358101845817976,-0.001789238780297353,0.012766034000264215,0.004477062568484014,0.027434067805109263,0.022854683389109454,58.00859844831439,0.00960606639707977,-0.0008577633118279906,0.08582678567893039,0.10070826705826275,0.007761824796266171,0.10765732535775263,0.1119999885559082,0.00566052306330822,0.04925615018613971,0.5301399032406349,-0.03249559593796958,0,0.0010985010013910834,2,0.5509370295583751,0.2843207190353191,0.16474225140630588,0.5509370295583751
2024-04-03,517.719970703125,520.9500122070312,517.6699829101562,519.4099731445312,59155800,442.1000061035156,92.0199966430664,212.7400054931641,14.329999923706056,4.355000019073486,104.25,0.0010985010013910834,0.0011564456906398846,0.024113688720698523,0.00439141740583171,0.027099913790361585,0.022609209906613748,58.74419671898494,0.008933900407070627,-0.0012147579098544903,0.08512693076314858,0.09251751423730092,0.00781932245159739,0.08232629693586757,0.12099981307983398,-0.0003835546569775916,0.05504863190396092,-0.09635721781689699,-0.03669541985423519,0,-0.012206091812080655,2,0.6085104609652543,0.24372946668032447,0.14776007235442132,0.6085104609652543
2024-04-04,523.52001953125,523.8699951171875,512.760009765625,513.0700073242188,96858100,435.3399963378906,92.68000030517578,211.5200042724609,16.350000381469727,4.309000015258789,104.12000274658205,-0.012206091812080655,-0.019305342270892423,0.00651301093520118,-0.008186646134212272,0.013432381646045322,0.021797476002912486,48.55476709512935,0.007430716862035945,-0.002274678103483456,0.0863807952193275,0.10271670281378599,0.008723407806060375,0.2793427795845935,0.11299991607666016,-0.002204079836149564,0.04145739988138564,0.16696787221174025,-0.015670392792695886,0,0.010446888874904303,2,0.58058067199916,0.26652060994518884,0.15289871805565122,0.58058067199916
2024-04-05,514.4600219726562,520.4400024414062,514.010009765625,518.4299926757812,74546500,440.4700012207031,91.38999938964844,215.13999938964844,16.030000686645508,4.377999782562256,104.3000030517578,0.010446888874904303,-0.008870733522217455,0.007031710989209072,0.001824189668193421,0.022684755690909553,0.020822581684342367,55.571122995107345,0.006843710783210663,-0.0022090730166897336,0.1345692537765608,0.1033751444418997,0.00870761497178019,0.2321291625390871,0.17199993133544922,-0.0023912003127942727,0.04579038553883352,-0.2258520440854085,-0.013772320721661346,0,0.0005593388334788063,2,0.5048742727702081,0.2997477527289665,0.19537797450082536,0.5048742727702081
2024-04-08,519.1500244140625,520.1799926757812,517.8900146484375,518.719970703125,48401800,440.6000061035156,91.37999725341795,216.47999572753903,15.1899995803833,4.423999786376953,104.13999938964844,0.0005593388334788063,-0.006588024012430527,0.01367929622786579,0.0017070504377241225,0.02201930566399235,0.020277640271566755,55.921375042265794,0.006407041397366328,-0.0021125453277389635,0.13556826243460013,0.10059670586098807,0.008240067616328102,0.11282051317880137,0.09499979019165039,-0.008379330427983445,0.04167061927685278,-0.22529230522988275,-0.00414474764870143,0,0.0011567640634317922,2,0.43920930302996297,0.3248192394342419,0.23597145753579515,0.43920930302996297
2024-04-09,520.5,520.75,514.3499755859375,519.3200073242188,68049200,442.2300109863281,92.2300033569336,217.6699981689453,14.979999542236328,4.366000175476074,104.1500015258789,0.0011567640634317922,0.0009251030065260402,0.015725255367152524,0.002087859948484594,0.021916554811845623,0.019787381581870767,56.6823624293755,0.006080148401424616,-0.0019436756470681649,0.12817155159024105,0.10043689418147164,0.008439614099939569,0.02532511254303693,0.0010004043579101562,-0.006391892490898332,0.03214945610943776,-0.08326923102829975,-0.004197782956627427,0,-0.010013117410638928,2,0.38658046827122433,0.3445692174767626,0.26885031425201306,0.38658046827122433
2024-04-10,513.47998046875,516.1599731445312,512.0900268554688,514.1199951171875,82652800,438.3699951171875,90.22000122070312,215.6100006103516,15.800000190734863,4.559999942779541,105.25,-0.010013117410638928,-0.01018459078734657,-0.005147323868739062,-0.007691495270950477,0.010775010926228568,0.018609642171938834,48.816796329862115,0.0050119643725507895,-0.0024744126351681326,0.14631572435174567,0.1001844290718227,0.008759773903110123,0.10258201499338404,0.2049999237060547,0.00959232613908867,0.01349062255843414,0.39720534588324385,0.0059713828549285974,1,0.007546885784763369,2,0.43642248528917843,0.3302410054228041,0.23333650928801752,0.43642248528917843
2024-04-11,515.6799926757812,519.47998046875,512.0800170898438,518.0,70099000,445.3699951171875,89.80999755859375,219.8000030517578,14.90999984741211,4.576000213623047,105.27999877929688,0.007546885784763369,0.0096088108940382,0.003934394271256858,-0.0003984873188053184,0.017318772463902343,0.017724322700538142,53.95144402504892,0.004636807545116742,-0.002234795061441552,0.12529830212538612,0.10374222492821632,0.009214010938254103,-0.08807342510460381,0.2670001983642578,0.01114095276714644,0.03914522793140329,-0.2762711636920402,0.00418915619721294,1,-0.013803077020240084,2,0.6422629604474674,0.2259889533768817,0.13174808617565079,0.6422629604474674
2024-04-12,514.3699951171875,515.8200073242188,509.0799865722656,510.8500061035156,92561100,438.2699890136719,90.29000091552734,216.88999938964844,17.309999465942383,4.499000072479248,106.04000091552734,-0.013803077020240084,-0.014621041759453224,-0.007961949716135286,-0.013805929773329173,0.0021756271286543782,0.016205285941650605,44.993797576308346,0.0032633976920716855,-0.0029635053681893713,0.1390797931989232,0.11494694656873551,0.010360883851589954,0.07985020115209562,0.12100028991699219,0.01668262524312758,0.008134238193570509,0.24165587921632814,0.019555682945276986,1,-0.012528127278102597,2,0.5209784733897241,0.2721358202164779,0.206885706393798,0.5209784733897241
2024-04-15,515.1300048828125,515.2999877929688,503.5799865722656,504.4500122070313,92101400,431.05999755859375,88.88999938964844,220.9499969482422,19.229999542236328,4.627999782562256,106.20999908447266,-0.012528127278102597,-0.027509946217707304,-0.010552487117137743,-0.025655116291950497,-0.010971535021364054,0.015070209241213828,38.78616187993826,0.0011138887714260458,-0.00415361236771632,0.14917681160169782,0.1181236761792536,0.011925289022713807,0.2659644551320708,0.20399999618530273,0.01987708572072422,0.02064856480470878,0.9028507204277527,0.032629518364932775,2,-0.0018237950351299714,2,0.7129571572885175,0.17580539591243216,0.11123744679905043,0.7129571572885175
2024-04-16,504.9400024414063,506.5,502.2099914550781,503.5299987792969,73484000,431.1000061035156,88.30000305175781,221.22000122070312,18.399999618530277,4.658999919891357,106.26000213623048,-0.0018237950351299714,-0.03040516121510406,-0.018192073545901577,-0.026555005697628253,-0.013130560898872212,0.013790655740519409,37.97506745694996,-0.0007622095595000483,-0.0048314680751935825,0.14209484384704366,0.11569365290332698,0.012104540058491384,0.22830441794415335,0.2929997444152832,0.020259247042135664,0.016309105901689103,0.07986574419684578,0.03926278287609497,2,-0.005918239218224319,2,0.7292895384503112,0.16391515662560846,0.10679530492408024,0.7292895384503112
2024-04-17,506.0499877929688,506.2200012207031,499.1199951171875,500.5499877929688,75910300,425.8399963378906,89.27999877929688,219.58999633789065,18.209999084472656,4.585000038146973,105.9499969482422,-0.005918239218224319,-0.02639463053975477,-0.029396431199258832,-0.03089596077068324,-0.01927862915689682,0.011987703222272383,35.39326161947909,-0.0027131629617892223,-0.005445318159516851,0.13794771484918808,0.11437239432166538,0.012561891977186018,0.15253157371169013,0.02500009536743164,0.006650802358595831,0.01845923526864457,-0.08157618374695108,0.058395848999592825,2,-0.002057734101320041,2,0.6409287557258679,0.21332849596516168,0.14574274830897047,0.6409287557258679
2024-04-18,501.9800109863281,504.1300048828125,498.55999755859375,499.5199890136719,74548100,423.4100036621094,88.83000183105469,220.33999633789065,18.0,4.646999835968018,106.1500015258789,-0.002057734101320041,-0.03567569688480332,-0.04027050461422421,-0.030923854613573165,-0.021509111793260538,0.00971517343103967,34.51969603599062,-0.004380376598411373,-0.005694532350076483,0.09014132270930005,0.10713564273591447,0.013122600775261218,0.20724347311943236,0.0709996223449707,0.008263703995721405,0.002456748310443402,0.06346880839954916,0.05839608838343402,2,-0.00872835011101658,2,0.5777270612362242,0.23774277531970844,0.1845301634440674,0.5777270612362242
2024-04-19,499.4400024414063,500.4599914550781,493.8599853515625,495.1600036621094,102212600,414.6499938964844,89.1500015258789,221.02999877929688,18.709999084472656,4.614999771118164,106.1500015258789,-0.00872835011101658,-0.030713521100021124,-0.05178094200082406,-0.036856059513966866,-0.02993798993909802,0.0071827992515614,31.02853990027201,-0.006384299187282241,-0.006168021079818607,0.07223600667294908,0.10769963867299764,0.013698312630949313,0.08087808559929699,0.11599969863891602,0.0010373501452456413,0.019088014206735338,0.10427166487865858,0.06925036006809826,2,0.00920913952029423,2,0.7093348882587922,0.18952632110349932,0.10113879063770854,0.7093348882587922
2024-04-22,497.8299865722656,502.3800048828125,495.4299926757813,499.7200012207031,67961000,418.8200073242188,89.0,215.57000732421875,16.940000534057617,4.623000144958496,106.08000183105467,0.00920913952029423,-0.009376570268347928,-0.04123101983077471,-0.02595054019025589,-0.021058252635218877,0.005022627450553374,38.08172704292311,-0.007051776703052531,-0.005469977724849572,0.10831072311359928,0.11562963950511591,0.013793438577642378,-0.11908471464853698,-0.004999637603759766,-0.0012239643587096394,-0.024349353692381892,-0.26210676493516927,0.060713992363277125,2,0.011866630635747333,0,0.363069286147531,0.363069286147531,0.2773658397770291,0.35956487407543986
2024-04-23,501.7799987792969,506.0899963378906,499.5299987792969,505.6499938964844,64633600,425.0700073242188,89.02999877929688,215.0399932861328,15.6899995803833,4.5980000495910645,105.69000244140624,0.011866630635747333,0.004210265768329613,-0.027165910122133763,-0.013033660088784815,-0.00961418483494847,0.0034646320908411354,45.838497208301106,-0.006516060815621882,-0.003962249863833725,0.14576204115557875,0.12570220358690481,0.014095007764564162,-0.147282613822328,-0.06099987030029297,-0.005364198036562073,-0.02793602703403275,-0.12043982363507699,0.050845430169907946,2,-0.00047461729906428385,1,0.3902821442093943,0.3842556286574162,0.3902821442093943,0.2254622271331895
2024-04-24,506.55999755859375,507.3699951171875,503.1300048828125,505.4100036621094,55928100,426.510009765625,88.4000015258789,214.63999938964844,15.970000267028809,4.651999950408936,105.86000061035156,-0.00047461729906428385,0.009709351688468537,-0.025828326284269454,-0.012210302833333242,-0.010255994431660365,0.001978466071552054,45.58958179279115,-0.006127645811918708,-0.002858097761380508,0.13446600388394775,0.12572409668339835,0.013130778190171263,-0.12300927677442086,0.06699991226196378,-0.0008494227511360863,-0.022541996588157365,-0.26323437003937544,0.048317234029384926,2,-0.003798922486342393,0,0.3782867058491627,0.3782867058491627,0.3498418307104976,0.27187146344033963
2024-04-25,499.1799926757813,504.2699890136719,497.489990234375,503.489990234375,69122400,424.4500122070313,87.77999877929688,215.9199981689453,15.369999885559082,4.705999851226807,105.5999984741211,-0.003798922486342393,0.007947632343086264,-0.03761682305683978,-0.014066731124626641,-0.014379207756368362,-0.00031693486933259685,43.551955832431304,-0.006077211990668795,-0.002236156652064491,0.13826068331953287,0.12061892543897018,0.013258880622939838,-0.1461111174689399,0.05900001525878906,-0.005181375825262902,-0.020059899439080042,-0.07278119764286417,0.044628557020212956,2,0.009473911346339792,0,0.3911335618538905,0.3911335618538905,0.32733287883343787,0.2815335593126716
2024-04-26,506.3500061035156,509.8800048828125,505.7000122070313,508.260009765625,64306100,431.0,88.23999786376953,216.6199951171875,15.029999732971191,4.669000148773193,105.94000244140624,0.009473911346339792,0.026456107130282014,-0.028313604969160355,-0.003280798409073582,-0.005418846614468009,-0.0021450857994727013,49.581064401509046,-0.0051456318123147835,-0.0010724998184579683,0.10996752913569587,0.1271256412544658,0.0137106467164822,-0.1966862389937517,0.0540003776550293,-0.0019783238949975246,-0.019952059387707166,-0.3708593656750734,0.041671570197993724,2,0.0035414704253415863,0,0.39076894603906,0.39076894603906,0.32786742368356464,0.2813636302773753
2024-04-29,510.0899963378906,510.75,507.25,510.05999755859375,46415400,432.75,88.9800033569336,216.17999267578125,14.670000076293944,4.613999843597412,105.58000183105467,0.0035414704253415863,0.020691579910014246,-0.02317292823704875,0.0014371862707556193,-0.0022109203370498376,-0.0036428711234406386,51.67845401037122,-0.00410475952647753,-3.680120329640844e-05,0.10434672069127579,0.1283175979861484,0.013256144111225044,-0.1340023840731216,-0.009000301361083984,-0.004713423749712176,0.0028296392394007164,-0.31702888421300457,0.03872093497732343,2,-0.015841247325688257,0,0.33952475475495497,0.33952475475495497,0.3302825156373262,0.3301927296077189
2024-04-30,508.55999755859375,509.55999755859375,501.9800109863281,501.9800109863281,77483600,424.5899963378906,88.22000122070312,211.8699951171875,15.649999618530272,4.685999870300293,106.22000122070312,-0.015841247325688257,-0.007257951061910961,-0.03249559593796958,-0.012792878066212876,-0.01811203089809199,-0.005388081906722575,43.02595231288524,-0.004593161031142445,-0.00036777912655317944,0.15014189940568187,0.13751734220582282,0.013590468555277407,-0.002549392155691277,0.08799982070922852,0.005014653865588858,-0.014741435397681135,0.1988130012872562,0.04804965152340768,2,-0.0032471509764099293,2,0.3617093073600726,0.3203106941698825,0.3179799984700449,0.3617093073600726
2024-05-01,501.3800048828125,508.1900024414063,499.8699951171875,500.3500061035156,80242800,421.5199890136719,88.55999755859375,213.7899932861328,15.390000343322754,4.59499979019165,105.76000213623048,-0.0032471509764099293,-0.010011668787578198,-0.03669541985423519,-0.014150818301615353,-0.021437801402486967,-0.007391580006505527,41.515840970545156,-0.005147449445209282,-0.0007266419120967528,0.15033227914916505,0.13724505758199465,0.013766085530790775,-0.03631809104621653,-0.057000160217286044,-0.0009446294496932017,-0.0039601477167942045,0.4347492584228678,0.04448881578197006,2,0.009353437830903255,2,0.37597224965596293,0.3141790221769725,0.30984872816706455,0.37597224965596293
2024-05-02,504.1499938964844,505.8900146484375,499.5499877929688,505.0299987792969,62550200,426.8999938964844,88.94000244140625,213.1300048828125,14.68000030517578,4.571000099182129,105.3000030517578,0.009353437830903255,0.0030586676493906673,-0.015670392792695886,-0.0041409500622224815,-0.012586911046945537,-0.0084810807164436,47.241338103288285,-0.004721036131538747,-0.0002729561348659784,0.16820999658126412,0.1369669578202691,0.013273619864946632,-0.044892621048852055,-0.13499975204467773,-0.002840865783126034,-0.012921421405115985,-0.09508061062694584,0.04423498879648413,2,0.012395322615995186,1,0.4435622883782132,0.3140229346536224,0.4435622883782132,0.24241477696816427
2024-05-03,511.1600036621094,512.5499877929688,508.55999755859375,511.2900085449219,72756700,435.4800109863281,89.83999633789062,212.9600067138672,13.489999771118164,4.5,105.02999877929688,0.012395322615995186,0.005961513243377459,-0.013772320721661346,0.008913278678966963,-0.0004957350430508933,-0.009325889470240378,53.76195830434149,-0.003340317607934517,0.0008426416444458327,0.17880316531060422,0.13923612038623365,0.012524350652741979,-0.10246174246262574,-0.16900014877319336,-0.008589802162905058,-0.016895893665496264,0.13141210553897675,0.03229083098070418,2,0.010326817835387025,1,0.5596863439796579,0.3178454442385022,0.5596863439796579,0.12246821178183998
2024-05-06,513.75,516.6099853515625,513.2999877929688,516.5700073242188,47264700,440.25,90.19000244140624,215.1999969482422,13.489999771118164,4.488999843597412,105.0500030517578,0.010326817835387025,0.012763223536025547,-0.00414474764870143,0.019548411906806118,0.009481801851261906,-0.00987359691602796,58.42887844448355,-0.0014272478118715548,0.002170365045419377,0.1904163142884716,0.1445815352751946,0.012538754519183853,-0.08043628486973264,-0.125,-0.005019878481769324,-0.004533239711081105,0.01829780633151934,0.022881714301310696,1,0.0011034464179817682,1,0.577074539637282,0.2841481099882733,0.577074539637282,0.1387773503744448
2024-05-07,517.5599975585938,518.5700073242188,516.4500122070312,517.1400146484375,52561300,440.3200073242188,90.73999786376952,214.2100067138672,13.229999542236328,4.4629998207092285,105.41000366210938,0.0011034464179817682,0.03020041302505616,-0.004197782956627427,0.02089305505197725,0.010155497433507854,-0.010517808467139123,58.91103429810817,0.00014897116966340124,0.002994094903629797,0.1065935552772929,0.1445751784971258,0.011837083323596318,-0.1546325965036165,-0.22300004959106445,-0.0076256594735932826,0.011044563414396746,-0.3216461289872954,0.033897915003997525,2,9.666200942248793e-05,1,0.4682551119981357,0.3295591425171972,0.4682551119981357,0.20218574548466703
2024-05-08,515.260009765625,517.739990234375,515.1400146484375,517.1900024414062,42047200,440.05999755859375,90.19000244140624,213.5800018310547,13.0,4.492000102996826,105.5500030517578,9.666200942248793e-05,0.03365643276200281,0.0059713828549285974,0.020682442148355795,0.009848365773440726,-0.010614541729659921,58.95599298982877,0.001388547074469386,0.003386716655711656,0.08964061378821864,0.13982256860031445,0.011425751254474233,-0.1552956653675256,-0.10299968719482422,-0.0019856191398538448,-0.0009822323853908577,-0.4760003389712223,0.03377863187737118,2,0.005761867891264316,1,0.43496304053911583,0.33536694128686334,0.43496304053911583,0.2296700181740209
2024-05-09,517.3800048828125,520.2100219726562,516.7100219726562,520.1699829101562,43643700,441.0199890136719,90.62999725341795,216.9499969482422,12.6899995803833,4.448999881744385,105.2300033569336,0.005761867891264316,0.029978385774021454,0.00418915619721294,0.026343713962004633,0.015115564607243392,-0.010939950429877943,61.64993764155507,0.0027874872122185174,0.00381936764939695,0.08639725181559654,0.1387407570547,0.010934608875316172,-0.13555862966098553,-0.12200021743774414,-0.0006647644140124198,0.01792329553752925,-0.3022612237850558,0.026606738778041317,2,0.0012881249732326072,1,0.4201280932495104,0.3132808962799522,0.4201280932495104,0.26659101047053746
2024-05-10,521.8099975585938,522.6400146484375,519.5900268554688,520.8400268554688,52233200,442.05999755859375,90.12000274658205,218.7100067138672,12.550000190734863,4.504000186920166,105.30999755859376,0.0012881249732326072,0.018678280723156027,0.019555682945276986,0.02665394185562775,0.0159172068721114,-0.010457988369586446,62.249910295817216,0.003955650118662442,0.0039889624598734245,0.0681440439859255,0.1284320288543512,0.010348661646385203,-0.06968121544344441,0.004000186920166016,0.0026658933880905344,0.02700037480617512,-0.2820839867668544,0.02845393119752493,2,0.0001342951490974631,2,0.3832298730259249,0.25289186431360666,0.36387826266046847,0.3832298730259249
2024-05-13,522.5599975585938,522.6699829101562,519.739990234375,520.9099731445312,36716400,443.0799865722656,90.3499984741211,216.25999450683597,13.600000381469728,4.480999946594238,105.22000122070312,0.0001342951490974631,0.00840150562126718,0.032629518364932775,0.025128798442002998,0.01573426605468753,-0.009164245899240475,62.31618782155912,0.004838671580487318,0.0038975835588905476,0.037266011199781394,0.11819951987478819,0.009849516060887225,0.008154233670713218,-0.007999897003173828,0.0016182595336200478,0.00492563928264711,-0.22317501221842095,0.030792343954700208,2,0.004588152985457228,1,0.448856402186625,0.2643864943245883,0.448856402186625,0.28675710348878675
2024-05-14,521.1099853515625,523.8300170898438,520.5599975585938,523.2999877929688,57535900,445.9299926757813,90.86000061035156,218.08999633789065,13.420000076293944,4.445000171661377,105.01000213623048,0.004588152985457228,0.011911615752107085,0.03926278287609497,0.027832777281949994,0.01995706598748548,-0.007662444191837814,64.60302387144387,0.005815098047878016,0.003902646529275794,0.04182096303723083,0.11790331612196772,0.009672133848996076,0.014361340939661016,-0.017999649047851562,-0.003794720728414802,0.018113017610826176,0.0946437778365452,0.03451174848056504,2,0.012383033929039389,1,0.4124511603464166,0.2750061213780774,0.4124511603464166,0.31254271827550595
2024-05-15,525.8300170898438,530.0800170898438,525.1799926757812,529.780029296875,59504900,452.8999938964844,92.0999984741211,220.88999938964844,12.449999809265137,4.355999946594238,104.3499984741211,0.012383033929039389,0.024343136557236633,0.058395848999592825,0.037581992893875205,0.031678332058374004,-0.005689825841170948,69.93098772488477,0.007427001341976029,0.004430353686370049,0.07636682185502491,0.11958203542577983,0.009400127999922054,-0.04230770697960484,-0.1360001564025879,-0.011369062462729285,0.03422603940408275,0.415192926045016,0.023915554021490593,1,-0.002057508390634233,1,0.45967943159209357,0.2644158020922524,0.45967943159209357,0.2759047663156542
2024-05-16,529.8800048828125,531.52001953125,528.5399780273438,528.6900024414062,50244800,451.9800109863281,92.01000213623048,220.02999877929688,12.420000076293944,4.376999855041504,104.45999908447266,-0.002057508390634233,0.016379298712285717,0.05839608838343402,0.0324978342809088,0.028796738630806118,-0.003584603790167229,68.07478469547745,0.008514363890118221,0.004409230315865059,0.0894228427134002,0.11958191209886908,0.008958804885655747,-0.02127655736937395,-0.07200002670288086,-0.007317345318797797,0.014196828183359989,0.15124977946416096,0.02665082901209259,2,0.0014375338328991294,1,0.4829838727581339,0.2826389708627826,0.4829838727581339,0.23437715637908352
2024-05-17,528.8099975585938,529.52001953125,527.3200073242188,529.4500122070312,59187600,451.760009765625,91.38999938964844,223.66000366210935,11.989999771118164,4.420000076293945,104.4499969482422,0.0014375338328991294,0.01653095942634164,0.06925036006809826,0.030531545855679187,0.02968898230560879,-0.0008176009297908848,68.69864254659954,0.009358481187148158,0.004207392328160846,0.08922058281524377,0.11169008768879049,0.008770562279498637,-0.04462154670165852,-0.0840001106262207,-0.008166371952226692,0.022632695333040243,0.1331413736857019,0.03333641131734377,2,0.0011521113183465825,1,0.4253598128010409,0.2643974242297729,0.4253598128010409,0.31024276296918624
2024-05-20,529.5700073242188,531.5599975585938,529.1699829101562,530.0599975585938,37764200,454.9100036621094,91.12000274658205,224.55999755859372,12.149999618530272,4.436999797821045,104.56999969482422,0.0011521113183465825,0.017565462144691457,0.060713992363277125,0.028681427552054384,0.03014043496574459,0.001418327749108883,69.21854971397623,0.010003134613175379,0.0038863788419846467,0.08721760532942473,0.10975497200842682,0.007993713465402518,-0.10661770016676697,-0.04400014877319336,-0.006177547218570223,0.03837974319145454,0.028537656197230588,0.03476963506144215,2,0.0024525295229904653,2,0.4007002800505291,0.26862243475503056,0.33067728519444034,0.4007002800505291
2024-05-21,529.280029296875,531.52001953125,529.0700073242188,531.3599853515625,33437000,455.7999877929688,91.58999633789062,224.22999572753903,11.859999656677246,4.414000034332275,104.66000366210938,0.0024525295229904653,0.015402250614579671,0.050845430169907946,0.02863809965032993,0.031861531870997384,0.003133689313824961,70.34888732712004,0.010572361202108811,0.0035764562026903966,0.08685705941274666,0.10460494457070425,0.007185076934078799,-0.11624444193352834,-0.031000137329101562,-0.0033330013046476425,0.028153512278186188,-0.41884979638799424,0.02943393382941628,2,-0.0028793441431358424,1,0.3768708438316151,0.30814762438709503,0.3768708438316151,0.3149815317812898
2024-05-22,530.6500244140625,531.3800048828125,527.5999755859375,529.8300170898438,48390000,455.7099914550781,91.6999969482422,220.1100006103516,12.289999961853027,4.434000015258789,104.94000244140624,-0.0028793441431358424,9.435575182981104e-05,0.048317234029384926,0.023257637480837756,0.028369226599967545,0.004995407736915647,67.22030621679693,0.010718197783753944,0.0029616727986843012,0.03717017795994118,0.10585378610076698,0.006860701147014461,-0.01285139356331877,0.07800006866455078,0.005654086975683592,-0.0035311638437779402,-0.18678965933897884,0.027706985641192894,2,-0.007304220207159928,1,0.4102572310300676,0.3422021802033087,0.4102572310300676,0.24754058876662366
2024-05-23,532.9600219726562,533.0700073242188,524.719970703125,525.9600219726562,57211200,453.6600036621094,91.11000061035156,215.72000122070312,12.770000457763672,4.474999904632568,105.11000061035156,-0.007304220207159928,-0.005163669553317374,0.044628557020212956,0.013584251000598346,0.02046205392418199,0.006785625286495955,59.95687461980686,0.01017806346677209,0.0018915729975993397,0.06436728448188411,0.10924593453009245,0.007023907457701966,0.028180384808352388,0.09800004959106445,0.006222492165190108,-0.019588226980435164,0.13864917364582996,0.03190350513482776,2,0.006616435324681147,1,0.40022122960900197,0.3700655891221295,0.40022122960900197,0.22971318126886853
2024-05-24,527.8499755859375,530.27001953125,526.8800048828125,529.4400024414062,41291100,457.9500122070313,91.37999725341795,215.9199981689453,11.93000030517578,4.4670000076293945,104.72000122070312,0.006616435324681147,-1.890596920239851e-05,0.041671570197993724,0.01821258551672722,0.02663663171328512,0.008273366796269332,63.75002569471962,0.010038491631806229,0.001445174252642636,0.08428506083346186,0.10717653045145271,0.006841479920715298,-0.005004125695390993,0.04699993133544922,0.0025850098645261443,-0.03460612253613804,-0.3023690773067331,0.02906847721643535,2,0.0006988423909817243,1,0.48433709907922273,0.3951463384602507,0.48433709907922273,0.12051656246052651
2024-05-28,530.27001953125,530.510009765625,527.1099853515625,529.8099975585938,36269600,459.6799926757813,90.06999969482422,218.19000244140625,12.920000076293944,4.541999816894531,104.61000061035156,0.0006988423909817243,-0.0004716447216380759,0.03872093497732343,0.01699273590174255,0.02655864513630557,0.009406074298142553,64.1389800868494,0.009915974541899807,0.0010629266746564373,0.08395805811218383,0.10713215039462085,0.0070092746967805935,0.06337452526248022,0.10500001907348633,0.00038252764314883336,-0.028366562105636706,-0.03957716567542802,0.029633287932236296,2,-0.007002551838871107,1,0.44622506816139335,0.42501902474409026,0.44622506816139335,0.12875590709451634
2024-05-29,525.6799926757812,527.3099975585938,525.3699951171875,526.0999755859375,45190300,456.4400024414063,88.9800033569336,216.16000366210935,14.279999732971191,4.624000072479248,105.0999984741211,-0.007002551838871107,-0.009899145420490862,0.04804965152340768,0.007538774856210351,0.01884736938591436,0.011223979475447843,57.47910413617761,0.009218419645234201,0.00024235253946295747,0.09237848423742334,0.09108612013835228,0.007308524003223608,0.20404722987757196,0.21000003814697266,0.004204039715421937,-0.03598979716895456,0.35150581690941163,0.038528835719246146,2,-0.0066337015706721125,1,0.4390734207385428,0.38013573245775617,0.4390734207385428,0.1807908468037009
2024-05-30,524.52001953125,525.2000122070312,521.3300170898438,522.6099853515625,46377600,451.5499877929688,89.83999633789062,216.57000732421875,14.470000267028809,4.553999900817871,104.72000122070312,-0.0066337015706721125,-0.01362707190116963,0.04448881578197006,-0.0012737359912310398,0.01181823162226725,0.013108664591385155,52.008322850742424,0.008036188618955591,-0.0007998565406938616,0.09834823466026328,0.09457976655233932,0.007530903984100397,0.17738000910840457,0.11999988555908203,-0.002096447642317756,-0.01608283711015701,-0.041587104773713524,0.041350119510298544,2,0.009108149287317735,0,0.3580643363112199,0.3580643363112199,0.353806520325602,0.28812914336317813
2024-05-31,523.5900268554688,527.5,518.3599853515625,527.3699951171875,90785800,450.7099914550781,90.4499969482422,215.3000030517578,12.920000076293944,4.513999938964844,104.66999816894533,0.009108149287317735,0.0026807610571675244,0.04423498879648413,0.0056760692651109945,0.020761690735527694,0.015000477719868899,57.89465670106257,0.007627233517588554,-0.0009032464251433343,0.11738338317398979,0.09433725091141934,0.008287781973813803,0.01174625005115626,0.03900003433227539,-0.004186113964905647,-0.0019469597931052185,0.586853623066812,0.034074808776878074,2,0.0008153529396106585,0,0.36676066898254756,0.36676066898254756,0.34330141520827107,0.2899379158091813
2024-06-03,529.02001953125,529.3099975585938,522.5999755859375,527.7999877929688,46835700,453.1300048828125,91.5999984741211,217.22000122070312,13.109999656677246,4.401999950408936,104.13999938964844,0.0008153529396106585,-0.0030976402252850255,0.03229083098070418,0.004914116868636631,0.021372555648946134,0.016377955592459026,58.39113777856208,0.007335796948118664,-0.0009501866473296726,0.10510092072631463,0.08632644754056706,0.008792591396415056,0.0989102532536843,-0.0650000572204581,-0.005538596488671721,0.006020762610143393,0.13428075299519748,0.040185718952642224,2,0.0011178985773303562,1,0.37467273775143306,0.34004778872321584,0.37467273775143306,0.28527947352535116
2024-06-04,526.4600219726562,529.1500244140625,524.9600219726562,528.3900146484375,34632700,454.3699951171875,92.66999816894533,215.2700042724609,13.15999984741211,4.335999965667725,104.11000061035156,0.0011178985773303562,-0.0026801738674234743,0.022881714301310696,0.0049067420457789,0.02223028169348118,0.01723895255437835,59.103735668190765,0.007109961884242275,-0.0009334153322726298,0.10546933841302161,0.07993787231360443,0.008907137845591205,0.018575833568184486,-0.20599985122680664,-0.004779657748616106,-0.013382822935388616,-0.045131459955444764,0.04366094491692518,2,0.011885100186643571,1,0.4761184469935788,0.3509684758456056,0.4761184469935788,0.1729130771608155
2024-06-05,530.77001953125,534.6900024414062,528.72998046875,534.6699829101562,47610400,463.5299987792969,93.3499984741211,217.82000732421875,12.630000114440918,4.289000034332275,104.2699966430664,0.011885100186643571,0.01628969344595399,0.033897915003997525,0.015157942915797973,0.033783601001695196,0.01834754701559005,65.81448699564535,0.007714825912574225,-0.00018726222967689306,0.11693474912395117,0.08856173923539348,0.008738388477368913,-0.11554619393448429,-0.33500003814697266,-0.0078972582597997,0.007679513480691069,0.05355352808014113,0.03735020176293857,2,-1.8721390661391446e-05,1,0.4842387358746465,0.3434181589406346,0.4842387358746465,0.17234310518471893
2024-06-06,534.97998046875,535.4199829101562,532.6799926757812,534.6599731445312,30808500,463.3699951171875,93.20999908447266,219.42999267578125,12.579999923706056,4.281000137329102,104.0999984741211,-1.8721390661391446e-05,0.02305732406712946,0.03377863187737118,0.013458138635973782,0.03313102245742816,0.01941163928875489,65.79595433213477,0.008164891529086818,0.0002101243567895102,0.08737311131650806,0.08859009264226739,0.008706482124006975,-0.1306150869692302,-0.27299976348876953,-0.0059205761970470006,0.01320582377448476,-0.33570301179879947,0.038566672629465115,2,-0.0012156574487586225,1,0.4039055267388606,0.3546004191831825,0.4039055267388606,0.24149405407795702
2024-06-07,533.6599731445312,536.8900146484375,532.5399780273438,534.010009765625,43224500,462.9599914550781,91.5,211.6000061035156,12.220000267028809,4.429999828338623,104.88999938964844,-0.0012156574487586225,0.012590808559296285,0.026606738778041317,0.01090012129860951,0.03144298998318629,0.02032136335901047,64.52539005414258,0.008337506711542816,0.00029844599778629813,0.08436558059641805,0.0877816463824985,0.009004663925959767,-0.05417955148077114,-0.0840001106262207,0.0021018555894880553,-0.01718530838735166,-0.523884792555664,0.04084192648030349,2,0.003089761144422054,1,0.4274168965391504,0.3763789431291248,0.4274168965391504,0.19620416033172497
2024-06-10,533.1799926757812,535.989990234375,532.5700073242188,535.6599731445312,35686100,464.8299865722656,90.88999938964844,213.5399932861328,12.739999771118164,4.468999862670898,105.1500015258789,0.003089761144422054,0.014891977137835077,0.02845393119752493,0.012603147823134764,0.034126953124905546,0.021255913877062493,66.30425358795998,0.008589882174174657,0.00046046698268466685,0.08301009349719209,0.08800338653753327,0.009114270390466507,-0.02822272274970139,0.066999912261962,0.009698503381505352,-0.01694138621623198,-0.2380577209265582,0.047903587100326384,2,0.0024083170801936227,1,0.3832382573402119,0.37612776960803257,0.3832382573402119,0.24063397305175552
2024-06-11,534.0700073242188,537.010009765625,532.0499877929688,536.9500122070312,36383400,468.0199890136719,91.83000183105467,214.1499938964844,12.850000381469728,4.40399980545044,105.2300033569336,0.0024083170801936227,0.016200150118826695,0.030792343954700208,0.013505250262487944,0.03602582277395361,0.022220479376533264,67.6693178914258,0.008880571947439759,0.0006165503425214456,0.08168959493568229,0.08793347119740048,0.009426270843379943,-0.023556190694283496,0.06799983978271573,0.010757878590106129,-0.005202816712722047,0.05055049129868583,0.03637204175011477,2,0.008213005017738695,0,0.3548792251867221,0.3548792251867221,0.34436925016986747,0.30075152464341043
2024-06-12,541.6300048828125,544.1199951171875,540.2999877929688,541.3599853515625,63251300,474.1499938964844,92.5199966430664,214.72000122070312,12.039999961853027,4.295000076293945,104.6500015258789,0.008213005017738695,0.012512395786636876,0.03451174848056504,0.020090498445305638,0.04362776518704381,0.02307370451701174,71.86533747269073,0.009599613016649603,0.0011223287734365196,0.0578628585305105,0.09050805312352171,0.009796763580118082,-0.04671418426301477,0.006000041961669922,0.0036444317161850037,-0.014231962167283174,0.328518558970309,0.03441333934334656,2,0.002013497275312748,1,0.41232609906822437,0.3826897912514163,0.41232609906822437,0.20498410968035938
2024-06-13,543.1500244140625,543.3300170898438,539.5900268554688,542.4500122070312,44760900,476.7200012207031,93.87999725341795,212.97000122070312,11.9399995803833,4.23799991607666,105.1999969482422,0.002013497275312748,0.014570080899611648,0.023915554021490593,0.020925759292268475,0.0448009823166593,0.02338585622615863,72.80484468603296,0.010250227276630277,0.0014319821782737697,0.05396766012219298,0.08131223623047254,0.0091700371438174,-0.05087443141527559,-0.043000221252441406,0.010566748225213196,-0.029439874541777322,0.4528750182579484,0.03517377944598832,2,0.0006083824913212244,1,0.47686098957128004,0.39183823742051804,0.47686098957128004,0.13130077300820192
2024-06-14,540.8800048828125,542.8099975585938,539.8499755859375,542.780029296875,40089900,479.1900024414063,94.66999816894533,215.72999572753903,12.65999984741211,4.2129998207092285,105.5500030517578,0.0006083824913212244,0.01642294970294489,0.02665082901209259,0.020194180076724244,0.04424151124176112,0.023571327532204256,73.0977524537069,0.010700291365686652,0.001509926297076924,0.04619402068983871,0.08044397807164298,0.008986808043314644,0.03600651151951917,-0.21700000762939453,0.006292341175992977,0.019517908813306173,-0.07251905747897602,0.040679381817511295,2,0.007958926371441244,1,0.39487069665148306,0.3354470402697722,0.39487069665148306,0.26968226307874466
2024-06-17,542.0800170898438,548.530029296875,541.6099853515625,547.0999755859375,55839500,485.05999755859375,93.7300033569336,214.6100006103516,12.75,4.27899980545044,105.31999969482422,0.007958926371441244,0.021356836454008432,0.03333641131734377,0.026610971414096074,0.051392708800396925,0.024139365423073045,76.64396713505938,0.011479384402713526,0.0018892697685002873,0.05674787076535784,0.08382134598573121,0.0093754160636914,0.0007849473360672654,-0.1900000572204581,0.0016167205561425924,0.005010805272364305,0.5647408935131606,0.017985792898144837,1,0.0025406958699802917,1,0.44541920582746386,0.3774757063909603,0.44541920582746386,0.17710508778157585
2024-06-18,547.1599731445312,548.6199951171875,546.72998046875,548.489990234375,41376400,485.2099914550781,94.58999633789062,215.47000122070312,12.300000190734863,4.2170000076293945,105.26000213623048,0.0025406958699802917,0.02149171759939228,0.03476963506144215,0.027442668209542997,0.05285928124109218,0.024737743348581143,77.664209828341,0.012196850007440124,0.0021048313514125064,0.05648579451142096,0.08385594069698128,0.009019577389602962,-0.04280156999279083,-0.1869997978210458,0.0002850781938601443,0.006163938182770945,0.1372329139112891,0.007602660001824857,1,-0.002716531314889248,1,0.4415375516046713,0.3792350561693945,0.4415375516046713,0.17922739222593428
2024-06-20,549.4400024414062,550.1199951171875,545.1799926757812,547.0,70328200,481.4700012207031,93.95999908447266,218.16000366210935,13.279999732971191,4.254000186920166,105.58999633789062,-0.002716531314889248,0.010418233340195648,0.02943393382941628,0.02315281263681257,0.04888454002969689,0.02514944695951149,73.93592850720957,0.012459908522811465,0.0018723199237852324,0.06145649417368274,0.08525571745377966,0.009066350841746377,0.10299001453878076,-0.0409998893737793,0.008982272320170681,0.01602087566062549,0.11188544741372897,0.003638007741087801,1,-0.004552084523537503,1,0.36851440783339273,0.34164263484770985,0.36851440783339273,0.2898429573188974
2024-06-21,544.4000244140625,545.6500244140625,543.02001953125,544.510009765625,64338600,480.1799926757813,93.95999908447266,214.77999877929688,13.199999809265137,4.256999969482422,105.8000030517578,-0.004552084523537503,0.003797580444716786,0.027706985641192894,0.0170989269156967,0.042894466275489096,0.02536187845366844,68.05623645041634,0.01219034777182464,0.0012434745447262568,0.07749402762840432,0.08658271570395168,0.008430919465435697,0.10552766106892841,0.01900005340576172,0.005703480236893821,0.008498838090901017,0.43738396681031877,0.018622274093367253,1,-0.003250664817000981,0,0.3690472893119323,0.3690472893119323,0.3530715391142687,0.27788117157379894
2024-06-24,544.3300170898438,546.9500122070312,542.6199951171875,542.739990234375,45528700,473.9599914550781,94.33999633789062,215.6300048828125,13.329999923706056,4.248000144958496,105.47000122070312,-0.003250664817000981,-7.37666464107889e-05,0.03190350513482776,0.01220637114629719,0.03852017591486656,0.025996482060046233,64.15082840327628,0.011573901867127994,0.0004730623787787138,0.08266466297812153,0.08227792272000242,0.00814518880353047,0.05292259750152417,0.03500032424926758,-0.0007579519539705482,-0.00046349996155758966,0.1356650927041474,0.020341303867681626,1,0.0038508805193555595,0,0.37680762967890824,0.37680762967890824,0.35371759876036163,0.2694747715607301
2024-06-25,543.989990234375,545.2000122070312,542.4400024414062,544.8300170898438,37936200,479.3800048828125,94.5,214.55999755859372,12.84000015258789,4.23799991607666,105.61000061035156,0.0038508805193555595,-0.00414907438747858,0.02906847721643535,0.01464812161889606,0.041165462504549444,0.026134519268950385,66.58890679458378,0.011191981039500264,0.00010698045736796262,0.05968512311838889,0.08060311430031768,0.00792646737925372,0.007058835497089522,-0.040999889373780185,0.0027535218037186837,-0.00023299497514406298,-0.32062070756364225,-0.00660763267105402,0,0.0012480822540090752,1,0.39742601456116317,0.35513056088827477,0.39742601456116317,0.24744342455056215
2024-06-26,543.6900024414062,546.239990234375,543.030029296875,545.510009765625,38550600,480.3699951171875,93.1500015258789,212.5800018310547,12.550000190734863,4.315999984741211,106.0500030517578,0.0012480822540090752,-0.005433062629778607,0.029633287932236296,0.014431465499739282,0.04083153943870599,0.02602450223284558,67.36652936419623,0.010885972241554026,-0.00014816847500051563,0.055662088429688096,0.08055915987567887,0.0075119815959004315,0.020325202936851694,0.0989999771118164,0.007505233702207903,-0.013412537120136014,-0.06829497007956231,-0.013015410338930833,0,0.0015764795075565718,1,0.40392873179732736,0.3846247829043445,0.40392873179732736,0.21144648529832816
2024-06-27,545.3699951171875,546.9600219726562,544.6099853515625,546.3699951171875,35041500,481.6099853515625,93.5199966430664,214.9900054931641,12.239999771118164,4.288000106811523,105.91000366210938,0.0015764795075565718,-0.0011517456724177144,0.038528835719246146,0.014119376640301606,0.04077096599420127,0.02628052472697484,68.36920347553368,0.010642077476717802,-0.00029975641837067256,0.056072308236460464,0.07408279653356271,0.0074491779574129054,-0.07831325171422598,0.03399991989135742,0.0030306594878053428,-0.014530611091550072,-0.5017432551949289,-0.003532391406975588,0,-0.003935107039692687,1,0.4202725160535814,0.3696380507906719,0.4202725160535814,0.21008943315574657
2024-06-28,547.1599731445312,550.280029296875,542.9500122070312,544.219970703125,76144500,479.1099853515625,91.77999877929688,215.00999450683597,12.4399995803833,4.3429999351501465,105.87000274658205,-0.003935107039692687,-0.0005326606624271868,0.041350119510298544,0.008106931037871412,0.03495354353949964,0.02663071909840853,63.14552834212172,0.010068849391780089,-0.000732969516248538,0.05316898548091669,0.07049096240790018,0.007869727872083055,-0.057575775747238156,0.08599996566772461,0.000661622805341544,0.0010708433226849223,0.18349637698053733,0.0009923176134132294,0,0.00205809454382333,2,0.35074034267993387,0.33754266063619826,0.31171699668386793,0.35074034267993387
2024-07-01,545.6300048828125,545.8800048828125,542.52001953125,545.3400268554688,40297800,481.9200134277344,89.91000366210938,215.57000732421875,12.220000267028809,4.479000091552734,105.9000015258789,0.00205809454382333,0.0047905749859540325,0.034074808776878074,0.008503183734544173,0.03527935627135537,0.02655040952638088,64.66034152350912,0.00961644148637644,-0.0009305535335682903,0.046273654431073355,0.06536743276888411,0.007845706020807095,-0.08327079242537927,0.23099994659423828,0.004076991563468191,-0.0002782430887869891,-0.1148923645963974,-0.0061246684471850665,0,0.006729714910746587,2,0.38568882717813313,0.34831797059800795,0.26599320222385886,0.38568882717813313
2024-07-02,543.7000122070312,549.010009765625,543.6500244140625,549.010009765625,40434800,486.9800109863281,90.61000061035156,215.55999755859372,12.029999732971191,4.435999870300293,105.72000122070312,0.006729714910746587,0.00767210422455844,0.040185718952642224,0.013302837074572249,0.04011987397215844,0.026464977612228546,69.13665784695631,0.009640569187749502,-0.0006687376264116362,0.06006398758544053,0.06765532666163437,0.007845296567005786,-0.06308414408028218,0.1979999542236328,0.0010415738066076319,0.004660701022458413,0.06586321244615956,0.003278606511632143,1,0.004462600250361826,0,0.36667863645434445,0.36667863645434445,0.30360948156383116,0.32971188198182433
2024-07-03,548.6900024414062,551.8300170898438,548.6500244140625,551.4600219726562,32789900,491.0400085449219,91.8000030517578,217.9900054931641,12.09000015258789,4.355000019073486,105.4000015258789,0.004462600250361826,0.01090724661420528,0.04366094491692518,0.015662451875696703,0.042717299432753375,0.02663763685178333,71.71262302815951,0.009911731837246258,-0.0002814184459219451,0.0633409713885017,0.06812978229502488,0.007293633050720311,-0.03665338893672454,0.03900003433227539,-0.006129198558925575,0.025449259645829336,-0.14943217485590365,-0.01532298239282015,0,0.005766497205737409,0,0.35916654420889044,0.35916654420889044,0.3208000624986454,0.32003339329246416
2024-07-05,551.77001953125,555.0499877929688,551.1199951171875,554.6400146484375,41488400,496.1600036621094,92.55999755859376,220.92999267578125,12.479999542236328,4.271999835968018,104.87999725341795,0.005766497205737409,0.015136298854544927,0.03735020176293857,0.01964413067505899,0.04679080320846496,0.02662367360996165,74.66797674642947,0.010444560890427878,0.00024788190047315257,0.06766947113955578,0.05943874622110732,0.007276284686971914,0.01960782480441492,-0.01600027084350586,-0.009725298584423725,0.02762913173099113,0.18397899633291948,-0.039196577347840766,0,0.0011539280101222626,0,0.3901358024555985,0.3901358024555985,0.36417080929098145,0.24569338825342
2024-07-08,555.4400024414062,556.25,554.1900024414062,555.280029296875,36110500,497.3399963378906,92.76000213623048,218.19000244140625,12.369999885559082,4.269000053405762,105.01000213623048,0.0011539280101222626,0.02032277238826885,0.038566672629465115,0.018889539387901833,0.046029649331760236,0.02663695022343915,75.22890898686747,0.01086702826075913,0.0005456815540512017,0.037775942779365294,0.059096676125531294,0.007152123212948643,-0.005626985304292287,-0.07399988174438477,-0.008123175479744948,0.014790047048111488,-0.525763515421337,-0.06825389427754769,0,0.000972442729531453,0,0.405359689099069,0.405359689099069,0.3810537676968968,0.21358654320403417
2024-07-09,556.260009765625,557.1799926757812,555.52001953125,555.8200073242188,27289700,497.7699890136719,92.3499984741211,218.55999755859372,12.510000228881836,4.300000190734863,105.12000274658205,0.000972442729531453,0.019217332219641836,0.04084192648030349,0.01784367601582626,0.044986586155139285,0.026667071554208777,75.71745512180053,0.011150342925062786,0.0006712187088579383,0.041913440055561406,0.058067872980606054,0.006500043100821332,0.023731583921113852,-0.1789999008178711,-0.007365427460416574,0.013870158801256638,-0.3227992595129263,-0.060577133724004306,0,0.009895289711641775,1,0.4186709898904555,0.4086987238330738,0.4186709898904555,0.1726302862764706
2024-07-10,557.0700073242188,561.6699829101562,556.77001953125,561.3200073242188,38701200,502.9599914550781,92.63999938964844,219.3600006103516,12.850000381469728,4.28000020980835,105.0500030517578,0.009895289711641775,0.022422173256638755,0.047903587100326384,0.02550611470822206,0.05322569658755105,0.027030147828241535,80.03634219599743,0.011924882725461052,0.0012387491610529227,0.058511075185317306,0.06442361356562384,0.006940262783711286,0.06816298143807287,-0.15599966049194336,-0.00633747787749861,0.01762851686210909,-0.042873960054210736,-0.07599948981516891,0,-0.008622580332635743,1,0.44619733387235294,0.3953885096024779,0.44619733387235294,0.15841415652516924
2024-07-11,561.4400024414062,562.3300170898438,555.8300170898438,556.47998046875,53054200,491.9299926757813,93.54000091552734,223.25,12.920000076293944,4.192999839782715,104.44000244140624,-0.008622580332635743,0.009103032488441576,0.03637204175011477,0.014853089498515493,0.042328446682020404,0.02707323598638478,68.49158893514817,0.011896152631999397,0.0008936604880463277,0.10969324371198234,0.07527649338711055,0.007200864171702685,0.06865177115224341,-0.16200017929077148,-0.009108150574712814,0.02412952141973701,0.6180043245023621,-0.0464166851661576,0,0.006307522083127459,1,0.3908628168178872,0.3876699388427778,0.3908628168178872,0.22146724433933504
2024-07-12,557.6300048828125,563.6699829101562,557.1500244140625,559.989990234375,53084400,494.8200073242188,93.94000244140624,223.1100006103516,12.460000038146973,4.189000129699707,104.08999633789062,0.006307522083127459,0.009645852164720914,0.03441333934334656,0.01952235571052352,0.04662848591158619,0.02658708761925266,71.68172663616193,0.012083759974184713,0.0009201850430134481,0.11097520184372206,0.07340353724793508,0.007565178148301016,-0.0016025244249144865,-0.08299970626831055,-0.007532426928067881,0.009867415049298112,0.2794998119956422,-0.048215147539868664,0,0.002750118911688748,1,0.41447739141016365,0.40028220844678547,0.41447739141016365,0.18524040014305101
2024-07-15,562.030029296875,564.8400268554688,559.6300048828125,561.530029296875,40584300,496.1499938964844,92.86000061035156,223.8300018310547,13.119999885559082,4.229000091552734,104.19000244140624,0.002750118911688748,0.011255582175202727,0.03517377944598832,0.0205536028976816,0.04711217171503823,0.026023688262868605,72.97462035536472,0.012336913656302994,0.000963164546716845,0.11084017961169888,0.07349134187884891,0.007656369748206061,0.060630558362054776,-0.039999961853027344,-0.007808777051165561,0.025849027574776473,0.123891942786724,-0.0503268005114722,0,0.005930147776526118,0,0.3882325732566932,0.3882325732566932,0.3677403766115481,0.2440270501317586
2024-07-16,562.8699951171875,565.1599731445312,562.0999755859375,564.8599853515625,36475300,496.3399963378906,94.16999816894533,228.2899932861328,13.1899995803833,4.166999816894531,104.2699966430664,0.005930147776526118,0.01626421846680781,0.040679381817511295,0.024549915612178452,0.05097659730425419,0.02579345455929838,75.57167557478988,0.012817676220336824,0.0012087820039978344,0.11278151660735539,0.07482017409031884,0.007721240291113693,0.05435646195525634,-0.13300037384033203,-0.008086054806950349,0.044518648591815424,0.33659585851072027,-0.04039940501364392,0,-0.014021143496696697,1,0.3576947414556812,0.3570691682989474,0.3576947414556812,0.2852360902453714
2024-07-17,558.7999877929688,560.510009765625,556.6099853515625,556.9400024414062,57119000,481.7699890136719,94.19000244140624,227.22999572753903,14.479999542236328,4.145999908447266,103.75,-0.014021143496696697,-0.0078030442985486115,0.017985792898144837,0.00928387129442676,0.03448340130691285,0.02496773279470621,60.64467694671964,0.012157214904016628,0.00030658883240421874,0.14672831960211785,0.09063491954876732,0.008477434637871376,0.12684817995158437,-0.13400030136108398,-0.012375088186501904,0.0358770746503001,0.4758973881946813,-0.02368298628862442,0,-0.007684901925006371,0,0.3595460602103286,0.3595460602103286,0.3133252065217111,0.32712873326796027
2024-07-18,558.510009765625,559.52001953125,550.4299926757812,552.6599731445312,56270400,479.489990234375,93.47000122070312,225.77999877929688,15.93000030517578,4.189000129699707,104.16999816894533,-0.007684901925006371,-0.006864590745925825,0.007602660001824857,0.0011493483551456851,0.025159067154375103,0.023982154948885892,54.39213352564747,0.010828584298035059,-0.0008910543709662556,0.14399890021575248,0.09533679341800864,0.009414197869611646,0.2329721525624977,-0.0039997100830078125,-0.0025852572400348883,0.011332581318238999,0.06062102529111746,0.0007419284905951784,0,-0.0066405802636198,0,0.3789877317250459,0.3789877317250459,0.27921731941575817,0.34179494885919587
2024-07-19,552.4199829101562,554.0800170898438,547.9099731445312,548.989990234375,65509100,475.239990234375,92.91999816894533,221.72999572753903,16.520000457763672,4.238999843597412,104.4000015258789,-0.0066405802636198,-0.019643208256983513,0.003638007741087801,-0.005678085216309192,0.01714954702616267,0.02295798966418028,49.66382131136138,0.00912130491227807,-0.002141343373827617,0.1292393983830461,0.09801581406071075,0.00932620850701061,0.3258427293087307,0.04999971389770508,0.0029782418954262813,-0.006185311635683477,0.23405557941692856,0.009690536109679293,1,0.01030990415193389,0,0.39276242206742784,0.39276242206742784,0.30518237642553836,0.3020552015070338
2024-07-22,553.0,555.27001953125,551.02001953125,554.6500244140625,43346700,482.3200073242188,92.6500015258789,221.8000030517578,14.90999984741211,4.260000228881836,104.30999755859376,0.01030990415193389,-0.01225224747361664,0.018622274093367253,0.0036516535706661024,0.02621178448347594,0.02247804886540883,56.0144890043202,0.008359290514262482,-0.002230740707409185,0.16108801843876436,0.10255165975430232,0.009607084558121082,0.13643292511177862,0.031000137329101562,0.0011516951183008217,-0.009069377485995345,0.06806572985119863,0.00894250557861187,1,-0.0015685478750434578,1,0.37939387685070686,0.37408096241708355,0.37939387685070686,0.24652516073220967
2024-07-23,554.5399780273438,556.739990234375,553.280029296875,553.780029296875,34439600,480.6199951171875,92.5199966430664,222.5800018310547,14.720000267028809,4.238999843597412,104.4499969482422,-0.0015685478750434578,-0.01961540265202444,0.020341303867681626,0.0010774417795682556,0.023329403187522857,0.022228012019128496,54.86859245980859,0.007626770775131151,-0.002383918010836809,0.14454274156575211,0.1018105067726654,0.009377105313326676,0.11599702314782379,0.07200002670288086,0.0017262905051389499,-0.025012009387206824,-0.055810370305384716,0.008884363194539668,1,-0.022662516096977336,1,0.42157632745961615,0.3753445343125477,0.42157632745961615,0.20307913822783613
2024-07-24,548.8599853515625,549.1699829101562,540.2899780273438,541.22998046875,74515300,463.3800048828125,91.5199966430664,221.8000030517578,18.040000915527344,4.285999774932861,104.38999938964844,-0.022662516096977336,-0.02820774572447604,-0.00660763267105402,-0.021291027468755885,-0.0006149238763190068,0.021125895616305845,41.63640743949202,0.005267187172002427,-0.003980503691410124,0.18882067639285466,0.13128821041804478,0.010955206891338694,0.24585645620408636,0.1399998664855957,0.006168668815888623,-0.023896460757285243,0.30456240480400565,0.03582583254468674,2,-0.005210367913795921,0,0.42226270590507814,0.42226270590507814,0.2547592330711143,0.32297806102380755
2024-07-25,541.3499755859375,547.4600219726562,537.4500122070312,538.4099731445312,61158300,458.2699890136719,92.2699966430664,218.3300018310547,18.459999084472656,4.25600004196167,104.36000061035156,-0.005210367913795921,-0.02578438948440609,-0.013015410338930833,-0.02576504956526937,-0.006464187684358302,0.019811301034004636,39.340586164765746,0.0028189742057888605,-0.005181722320014686,0.18795528458690908,0.13227683967363324,0.011819196642390116,0.15881975711418295,0.06699991226196289,0.0018239651026785708,-0.03299670913509334,0.08686449714236977,0.03307887752259897,2,0.011199698366761712,0,0.4467449476179071,0.4467449476179071,0.2571665428829005,0.2960885094991924
2024-07-26,542.280029296875,547.1900024414062,541.489990234375,544.4400024414062,53763800,462.9700012207031,92.98999786376952,220.6300048828125,16.389999389648438,4.199999809265137,104.31999969482422,0.011199698366761712,-0.008287924869133323,-0.003532391406975588,-0.014681862744545637,0.003879887068353405,0.018838331611962023,46.17502040859115,0.0017212648416525505,-0.0049526549877150945,0.21915195010428262,0.13865466308203653,0.012569935315463535,-0.007869313832502889,-0.03900003433227539,-0.0007663010525421621,-0.0049609473951292005,-0.179292647891667,0.032492106314891966,2,0.0005877733502015481,0,0.37539869334913945,0.37539869334913945,0.26501288744799656,0.359588419202864
2024-07-29,546.02001953125,547.0499877929688,542.719970703125,544.760009765625,39515800,463.8999938964844,93.48999786376952,220.32000732421875,16.600000381469727,4.177999973297119,104.55999755859376,0.0005877733502015481,-0.017831090260719606,0.0009923176134132294,-0.014150895150326193,0.003915353427864421,0.01832557182363659,46.51939086394527,0.0009124338504654694,-0.004606052424815902,0.19549573597291914,0.13794058947203106,0.012881178414555937,0.11334678412830068,-0.0820002555847168,0.002396702193953937,-0.006672658733885117,-0.0883781233634856,0.029425743399585036,2,-0.005066469116946526,2,0.3413058018763098,0.33287474417934965,0.3258194539443405,0.3413058018763098
2024-07-30,546.260009765625,547.3400268554688,538.52001953125,542.0,46853600,457.5299987792969,93.8499984741211,222.5200042724609,17.690000534057617,4.14300012588501,104.5500030517578,-0.005066469116946526,-0.02127203704299685,-0.0061246684471850665,-0.01884914442420249,-0.0016607067307027323,0.01751864924320179,43.909990390960736,-0.00013572197287566674,-0.0045458478915311575,0.19485998537264088,0.1389043068338027,0.013338184507507742,0.20176631882821927,-0.09599971771240234,0.0009574543459791585,-0.0002695550278560832,0.3604571481666454,0.03608855638116926,2,0.01625460804168588,2,0.37486390423816396,0.32773380655614953,0.2974022892056865,0.37486390423816396
2024-07-31,548.97998046875,553.5,547.5800170898438,550.8099975585938,65663400,471.0700073242188,94.80999755859376,226.5500030517578,16.360000610351562,4.109000205993652,104.0999984741211,0.01625460804168588,0.017700455325011077,0.003278606511632143,-0.003063343379140604,0.013769190054150116,0.016884255706220097,52.97704948373912,0.0003322431098070963,-0.0032058756103819836,0.15466188426195795,0.1490175117431905,0.013773241033819522,-0.09312639799977929,-0.17699956893920898,-0.002778052660436181,0.021415689515980718,-0.1187930532387308,0.01359813777450225,1,-0.014160940846283387,2,0.44775910727154944,0.31750430798240376,0.23473658474604678,0.44775910727154944
2024-08-01,552.5700073242188,554.8699951171875,539.4299926757812,543.010009765625,76428700,459.6600036621094,95.30999755859376,225.7700042724609,18.59000015258789,3.9760000705718994,104.41999816894533,-0.014160940846283387,0.008543743337865228,-0.01532298239282015,-0.01642876401128046,-0.0010629203360199568,0.015622502075118394,45.90219934746444,-0.00044251879819340605,-0.0032251682454291545,0.19452793810815608,0.15643968071283862,0.01505630545931665,0.0070423117314553085,-0.2799999713897705,0.0005749095270493054,0.03407686703160184,0.2496864693753751,0.028249876695520815,2,-0.01861841433811906,2,0.5711447790758544,0.25769003310791216,0.17116518781623347,0.5711447790758544
2024-08-02,535.75,536.989990234375,528.5999755859375,532.9000244140625,82789100,448.75,98.27999877929688,225.33999633789065,23.38999938964844,3.7920000553131104,103.20999908447266,-0.01861841433811906,-0.021196050943346534,-0.039196577347840766,-0.0328370375469621,-0.019717089589973202,0.013565395353552834,38.68997519603991,-0.002581515505810749,-0.004333565092647345,0.2172511434202377,0.16663233661175297,0.01657509457479083,0.4270897047391624,-0.40799975395202637,-0.010640343305202582,0.02134791891782739,0.5398669736886157,0.0577593673326664,2,-0.0291236982927795,2,0.42136113609122333,0.3606249054371648,0.21801395847161192,0.42136113609122333
2024-08-05,511.6400146484375,523.5800170898438,510.2699890136719,517.3800048828125,146267400,435.3699951171875,98.8000030517578,222.47999572753903,38.56999969482422,3.785000085830689,102.69000244140624,-0.0291236982927795,-0.050260673309320825,-0.06825389427754769,-0.057763816572559246,-0.047830419492666865,0.010542364276182825,30.712327230195314,-0.0067409505210466346,-0.006836445536151259,0.2715942592937839,0.19190746683764576,0.019695422327933546,1.3234939041253995,-0.3929998874664302,-0.01788442196681972,0.00980386860709248,2.7014915552766237,0.06706871521811286,2,0.00921956682947278,0,0.5609497890989613,0.5609497890989613,0.20285356485133854,0.23619664604970006
2024-08-06,519.219970703125,529.75,517.8699951171875,522.1500244140625,84826300,439.5299987792969,96.58999633789062,220.6999969482422,27.709999084472656,3.888000011444092,102.97000122070312,0.00921956682947278,-0.036623571191766624,-0.060577133724004306,-0.046152371646934975,-0.038917050033442924,0.0075854060946660695,35.13895434398407,-0.00904343535291033,-0.007310446390643486,0.3052663586760743,0.19660832482285792,0.020079100977681275,0.5664216081352891,-0.25500011444091797,-0.015112403490533555,-0.008179072844121671,0.8104542660542626,0.05515653824834543,2,-0.0066840009697359815,0,0.47848163167283486,0.47848163167283486,0.22153151995202092,0.2999868483751442
2024-08-07,528.469970703125,531.5900268554688,518.0499877929688,518.6599731445312,70698300,434.7699890136719,95.91000366210938,220.5500030517578,27.850000381469727,3.9679999351501465,103.1999969482422,-0.0066840009697359815,-0.05836862903099804,-0.07599948981516891,-0.04882162165356796,-0.04496193203858645,0.004057797888227244,33.45483748738798,-0.011401971958016082,-0.007725857401664734,0.2273083143509237,0.19085778105872153,0.020827057493959515,0.7023226981940347,-0.14100027084350586,-0.00864554792575356,-0.026484219462266978,0.07667741847056342,0.059673030134536065,2,0.023117363765007726,0,0.44574856645536237,0.44574856645536237,0.266253268126502,0.28799816541813567
2024-08-08,523.9099731445312,531.2899780273438,521.8400268554688,530.6500244140625,63276600,448.0700073242188,95.31999969482422,224.00999450683597,23.790000915527344,3.996999979019165,103.20999908447266,0.023117363765007726,-0.02276198436359822,-0.0464166851661576,-0.024522469103245292,-0.022914196526710118,0.0016487028410143711,43.477412993929384,-0.010974395091588162,-0.005905073952320905,0.3331129916042807,0.21242232202783706,0.021226017796161924,0.27972031846463263,0.020999908447265625,-0.011587809861047571,-0.007795587245066238,-0.17208326191600798,0.018298238934826516,1,0.004409621620005133,0,0.38002111614481743,0.38002111614481743,0.2715669679846883,0.3484119158704942
2024-08-09,529.8099975585938,534.510009765625,528.5599975585938,532.989990234375,45619600,450.4100036621094,96.26000213623048,224.55999755859372,20.3700008392334,3.941999912261963,103.13999938964844,0.004409621620005133,0.00016882307410548414,-0.048215147539868664,-0.017783451576762976,-0.018854565499954234,-0.0010905068998385836,45.21171106531208,-0.010318912638467823,-0.004217477718642859,0.3106243150453147,0.2115085826722594,0.021088602822596083,-0.12911494780763366,0.14999985694885254,-0.0006782259029662896,-0.003461430691280132,-0.4489661078571937,0.02517867719102007,2,0.000525393163109511,2,0.5153407985796659,0.29651416931756563,0.1881450321027686,0.5153407985796659
2024-08-12,534.2100219726562,535.72998046875,530.9500122070312,533.27001953125,42542100,451.3800048828125,96.61000061035156,228.41000366210935,20.709999084472656,3.908999919891357,103.13999938964844,0.000525393163109511,0.03071246375676351,-0.0503268005114722,-0.014701746943815874,-0.018724196573792762,-0.004082469056958304,45.42751238719661,-0.009678515066181299,-0.002864227292164033,0.17689308248328314,0.2109391146897787,0.02125433651769748,-0.46305420668043795,0.12399983406066806,0.004382091124196519,0.026654117441788028,-0.7091484500305605,0.029103377140413667,2,0.016445624495827982,2,0.8043848711682254,0.1437935548859506,0.05182157394582402,0.8043848711682254
2024-08-13,536.530029296875,542.280029296875,536.280029296875,542.0399780273438,52333100,462.5799865722656,97.27999877929688,228.05999755859372,18.1200008392334,3.8519999980926514,102.55999755859376,0.016445624495827982,0.038092411535556314,-0.04039940501364392,0.00361789869518625,-0.0031247040085828903,-0.006718296587311934,51.827046892235394,-0.007633292057106412,-0.000743405069716983,0.1916954445911907,0.21963257549501086,0.020320083262928505,-0.34608439415694636,-0.03600001335144043,-0.003981777772640527,0.03334844001868098,-0.3830557268205733,0.022839652764852003,1,0.0031547893918812964,2,0.634478662706279,0.23644357845487743,0.12907775883884356,0.634478662706279
2024-08-14,542.8499755859375,544.9600219726562,540.1199951171875,543.75,42446900,462.7300109863281,97.88999938964844,226.1999969482422,16.190000534057617,3.819999933242798,102.56999969482422,0.0031547893918812964,0.04837471205528532,-0.02368298628862442,0.008014990964321456,-0.0005661192520226566,-0.008512879563561726,52.98476306259044,-0.0057966564922787055,0.0008572501680241317,0.1548042995974713,0.21555583566559047,0.01957703538716133,-0.41867144300544445,-0.14800000190734863,-0.006104624729145525,0.02561774571890818,-0.3996050824418692,0.028211543642241432,2,0.017140243354885065,2,0.5900653370523089,0.25172973228972784,0.15820493065796326,0.5900653370523089
2024-08-15,549.5,553.3599853515625,548.8800048828125,553.0700073242188,60846800,474.4200134277344,97.0999984741211,226.91000366210935,15.229999542236328,3.9260001182556152,102.9800033569336,0.017140243354885065,0.04225003651872461,0.0007419284905951784,0.02525364692034615,0.01564297256178593,-0.009373947985875208,58.79680769141358,-0.0028935373279415704,0.0029185933189818337,0.12462946528860923,0.22338243974610356,0.01935432300675954,-0.3598150922181782,-0.0709998607635498,-0.002228424857855349,0.012945891819058364,-0.03839966117016402,0.016164323364158628,1,0.0022420131591913695,2,0.5131570393893709,0.24911488363851214,0.23772807697211704,0.5131570393893709
2024-08-16,551.4199829101562,555.02001953125,551.260009765625,554.3099975585938,44430700,475.0299987792969,97.44000244140624,231.9900054931641,14.800000190734863,3.891999959945679,102.45999908447266,0.0022420131591913695,0.04000076495778759,0.009690536109679293,0.02704584459298065,0.017186332534541604,-0.009599875322358509,59.51391279302365,-0.0004826381829090135,0.0042531925925247275,0.1297745744210241,0.22203201819975063,0.01923757609496088,-0.2734413558673253,-0.049999952316283736,-0.006592983412835207,0.03308696123685917,-0.02606116669150982,0.01538855393993388,1,0.009561414761256382,2,0.6333005514656337,0.19414247053971975,0.1725569779946465,0.6333005514656337
2024-08-19,554.72998046875,559.6099853515625,553.8599853515625,559.6099853515625,39121800,481.2699890136719,97.88999938964844,231.6100006103516,14.649999618530272,3.867000102996826,101.88999938964844,0.009561414761256382,0.04939329955857197,0.00894250557861187,0.03638963500493775,0.0259725999020628,-0.01005127294892827,62.51674158757064,0.002148859556730742,0.005471870353748054,0.11206459200821899,0.22161228389644802,0.01866352422969264,-0.2926122517545583,-0.041999816894530806,-0.01211944936394338,0.014009880902484673,-0.08039800574019618,0.006182916787095261,1,-0.0016260845380726696,2,0.45397332104276694,0.2975294888537287,0.2484971901035043,0.45397332104276694
2024-08-20,559.1500244140625,560.8400268554688,557.3300170898438,558.7000122070312,33732300,480.260009765625,98.66999816894533,232.4600067138672,15.880000114440918,3.818000078201294,101.44000244140624,-0.0016260845380726696,0.03073580336328452,0.008884363194539668,0.034233194774477615,0.023377798780460646,-0.010496081588624806,61.67098759198472,0.004059389380095629,0.005910249979554257,0.11695508607301879,0.22161963228694254,0.017672419396616092,-0.12362034332484328,-0.03399991989135742,-0.01092038946810292,0.01929320881511898,-0.3554308840867443,0.0048326689601552175,1,0.003436518468241667,2,0.46139776214089495,0.2843974450942711,0.2542047927648339,0.46139776214089495
2024-08-21,559.77001953125,562.1099853515625,554.72998046875,560.6199951171875,41514600,482.5,98.7300033569336,232.1499938964844,16.270000457763672,3.7780001163482666,101.04000091552734,0.003436518468241667,0.03102527837643687,0.03582583254468674,0.03592819274250547,0.02595652936393744,-0.009625824886731915,62.81407587658869,0.005761578734971648,0.006084880480778152,0.11652527581454734,0.20405336801960375,0.016584971820966733,0.004941316928172235,-0.04199981689453125,-0.014916630436278333,0.026304142477966863,-0.021963912558985443,0.01847951454067731,1,-0.007848497114596786,2,0.4829978144094833,0.25548010472348803,0.26152208086702877,0.4829978144094833
2024-08-22,562.5599975585938,563.1799926757812,554.97998046875,556.219970703125,56121500,474.8500061035156,97.75,229.3699951171875,17.549999237060547,3.861999988555908,101.51000213623048,-0.007848497114596786,0.005695415294974859,0.03307887752259897,0.026109262001362765,0.01718689510019744,-0.008695338042035483,58.507740242233474,0.006465086316354034,0.005432756454042672,0.10221879812743193,0.20547230835452987,0.015918690966901742,0.1523309103450936,-0.06400012969970703,-0.014274627818839924,0.010841264886414237,-0.07765897302734082,0.021628186563793506,1,0.010625354160183287,2,0.42369468033910784,0.28522018530893073,0.2910851343519615,0.42369468033910784
2024-08-23,559.530029296875,563.0900268554688,557.2899780273438,562.1300048828125,50639400,480.0,98.38999938964844,232.0200042724609,15.859999656677246,3.806999921798706,100.72000122070312,0.010625354160183287,0.014107642580255098,0.032492106314891966,0.03532268235049818,0.027214529048658065,-0.007831522905913935,62.25120370154041,0.007672961115671093,0.005321187840775738,0.12304902993551996,0.20513025760522297,0.01374874308910347,0.071621584613625,-0.0850000381469731,-0.016982216272859785,0.00012931065384935714,0.139738964274702,0.013413228188941195,1,-0.002383837980234005,1,0.4097590341440152,0.37940693132719905,0.4097590341440152,0.21083403452878566
2024-08-26,563.1799926757812,563.9099731445312,559.0499877929688,560.7899780273438,35788600,475.3399963378906,98.13999938964844,232.75999450683597,16.149999618530273,3.818000078201294,100.8499984741211,-0.002383837980234005,0.002108598321454158,0.029425743399585036,0.03133220074783738,0.024079401405445067,-0.0070324569882846966,60.90936965172328,0.008415011037384974,0.004846094495774521,0.11045695164710391,0.20561067939697092,0.012825036167972263,0.1023890811643915,-0.04900002479553223,-0.010207095119808218,0.004965216931280381,-0.08520057870547881,0.018741436504617015,1,0.0013730978823098816,1,0.38129700907336184,0.36546521827889666,0.38129700907336184,0.25323777264774144
2024-08-27,559.489990234375,562.0599975585938,558.3200073242188,561.5599975585938,32693900,476.760009765625,97.97000122070312,233.38999938964844,15.43000030517578,3.8329999446868896,100.5500030517578,0.0013730978823098816,0.005118999980445071,0.03608855638116926,0.030894143733837254,0.02478266838390364,-0.005928324830518861,61.42393659606629,0.008983326632123095,0.004335443074125888,0.10896358507243198,0.2041354386757516,0.011560916538462022,-0.028337519270917322,0.014999866485595703,-0.008773653077961185,0.004000656667475511,-0.030783551670061082,0.015100755939912114,1,-0.005805274200081922,0,0.39007005197228867,0.39007005197228867,0.34607867212136495,0.2638512759063464
2024-08-28,561.2100219726562,561.6500244140625,555.0399780273438,558.2999877929688,41066000,471.3500061035156,97.8499984741211,231.75,17.110000610351562,3.8410000801086426,101.08999633789062,-0.005805274200081922,-0.004138288581258642,0.01359813777450225,0.024205385091728537,0.018417220716839156,-0.005651370769126363,57.94620506770971,0.008923961655566177,0.0033991506441023124,0.11570528744680265,0.1984327936587365,0.010858232778479953,0.051628772523301336,0.06299996376037598,0.0004948082136804199,-0.00172299766099826,-0.010805836982651917,0.025076124495978958,1,8.953572284031708e-05,0,0.4208090276034031,0.4208090276034031,0.3364921335412139,0.24269883885538296
2024-08-29,560.3099975585938,563.6799926757812,557.1799926757812,558.3499755859375,38715200,470.6600036621094,97.52999877929688,232.9499969482422,15.649999618530272,3.867000102996826,101.33999633789062,8.953572284031708e-05,0.003829428993928241,0.028249876695520815,0.022857861649284494,0.018142159512739342,-0.004610320078042296,57.98548651583206,0.008741015511064062,0.002573359298608941,0.09757826763966398,0.19051982396096015,0.01092761948029205,-0.10826209123234731,0.005000114440917969,-0.0016747689366778395,0.015607977971249687,-0.31015386260167677,0.023497798318016017,1,0.009546014727143781,2,0.3932457220091479,0.347571061848467,0.2591832161423851,0.3932457220091479
2024-08-30,560.77001953125,564.2000122070312,557.1400146484375,563.6799926757812,62700100,476.2699890136719,96.48999786376952,231.2899932861328,15.0,3.91100001335144,101.6999969482422,0.009546014727143781,0.0027573475521767143,0.0577593673326664,0.02971895333550556,0.027236477289790617,-0.0024108287389229544,62.05536971139917,0.009172638185474936,0.0024506414305927094,0.09078141908498928,0.17689012442509702,0.011113212082955135,-0.05422444358724665,0.10400009155273393,0.00972990186320244,-0.0031463277859044014,0.2381683037318767,0.017882517067874026,1,-0.020579008899841544,2,0.3635834674746572,0.2900867906700283,0.34632974185531445,0.3635834674746572
2024-09-03,560.469970703125,560.8099975585938,549.510009765625,552.0800170898438,60600100,461.80999755859375,97.75,230.2899932861328,20.71999931335449,3.8440001010894775,101.83000183105467,-0.020579008899841544,-0.015531591645304488,0.06706871521811286,0.005341963439758235,0.005819455165441134,0.00047495453591639425,50.573367285676646,0.007993905432852043,0.0009045360775278026,0.17800247107408623,0.1579817336525868,0.012014317871550136,0.2829721240104963,0.026000022888183594,0.009717435515728345,-0.010611794462087487,0.6932794241741784,0.029959385442947628,2,-0.0020468135919301522,2,0.4263520962025506,0.23677365461929395,0.3368742491781554,0.4263520962025506
2024-09-04,550.2000122070312,554.4299926757812,549.4600219726562,550.9500122070312,47224900,460.6099853515625,99.01000213623048,230.42999267578125,21.31999969482422,3.767999887466431,101.36000061035156,-0.0020468135919301522,-0.01889376985128899,0.05515653824834543,0.0006602345644348695,0.003460542723074056,0.002798460518277812,49.610383924766566,0.0066786904017866015,-0.00034017546603015974,0.17423423406780345,0.15744163180096973,0.012055806102344368,0.38172386734643937,-0.06500005722045854,0.00805566915971978,-0.01268266301730181,0.44445599943720393,0.03250743760361541,2,-0.0024322113182296823,1,0.36513137776962656,0.2734923459837111,0.36513137776962656,0.3613762762466624
2024-09-05,550.8900146484375,553.7999877929688,547.0999755859375,549.6099853515625,44264300,461.0400085449219,99.56999969482422,232.3500061035156,19.899999618530277,3.7309999465942383,101.11000061035156,-0.0024322113182296823,-0.01556511307793318,0.059673030134536065,-0.004571374423769536,0.0008456496148372405,0.00544190100568076,48.43263457915959,0.005378354031118603,-0.0013260998592837267,0.17338213511945127,0.15476875622364597,0.011707013093161162,0.16306247274420094,-0.1100001335144043,0.00019788577688806264,0.002589023100390886,0.07788194613548916,0.03313262578555243,2,-0.01683011634892906,2,0.47556600351847567,0.24654011122983566,0.27789388525168873,0.47556600351847567
2024-09-06,549.9400024414062,551.5999755859375,539.4400024414062,540.3599853515625,68493800,448.6900024414063,99.55999755859376,230.6300048828125,22.3799991607666,3.7100000381469727,101.18000030517578,-0.01683011634892906,-0.03221991765199983,0.018298238934826516,-0.022184359032748735,-0.01581410029850039,0.006514785065154793,41.16744272184611,0.002993327049423928,-0.00306071611512101,0.19422399940175394,0.150622123602974,0.013017782347954358,0.4300319301137696,-0.15700006484985352,-0.0015788044059266149,-0.009959184785673814,0.7691707649708641,0.06036715523257086,2,0.011196217256969065,2,0.3685026067277135,0.34125601549794377,0.29024137777434267,0.3685026067277135
2024-09-09,544.6500244140625,547.7100219726562,542.6799926757812,546.4099731445312,40445800,454.4599914550781,99.98999786376952,231.6000061035156,19.450000762939453,3.697000026702881,101.5500030517578,0.011196217256969065,-0.03063798565790754,0.02517867719102007,-0.012435638615342026,-0.004796390440739873,0.007735443352665294,46.789599714288556,0.0018904508940647447,-0.003277248313126491,0.20295324770038095,0.15456450496609342,0.013082808441048891,0.29666671752929696,-0.21399998664855913,-0.0014748662830417203,0.0013403641592020232,-0.35493244827360726,0.03914645723858268,2,0.0043557127427886755,2,0.37791390998304797,0.27997909754646355,0.3421069924704886,0.37791390998304797
2024-09-10,548.3599853515625,549.1500244140625,543.3800048828125,548.7899780273438,36394600,458.6600036621094,100.69000244140624,232.6199951171875,19.07999992370605,3.6459999084472656,101.62999725341795,0.0043557127427886755,-0.005959351834255222,0.029103377140413667,-0.009523249918422128,-0.0006279364874824944,0.008980840216801678,48.85999853449053,0.0013722841553513803,-0.003018402924923173,0.1647924419570073,0.15491106240360056,0.01332022553359668,-0.0791505523164483,-0.19800019264221191,-0.0019641026616943336,0.010117685956765321,-0.39943003394383836,0.04442501842043067,2,0.010258942597767273,2,0.5134972529706353,0.2528950682422893,0.2336076787870754,0.5134972529706353
2024-09-11,548.7000122070312,555.3599853515625,539.9600219726562,554.4199829101562,75248600,468.6199951171875,100.61000061035156,232.25,17.690000534057617,3.6530001163482666,101.68000030517578,0.010258942597767273,0.0062981588642221364,0.022839652764852003,-0.00047866590538159226,0.009290791234988216,0.00977413568587715,53.471981068194175,0.0017574455182798523,-0.002070924131652221,0.18275778356244873,0.14840423316023668,0.01421821128238737,-0.17026262723858498,-0.1149997711181645,0.0031570609007232076,0.00789830917010681,0.5934094090193944,0.04097982114393428,2,0.008423296578884854,2,0.4867423666936986,0.26198706801698934,0.25127056528931213,0.4867423666936986
2024-09-12,555.010009765625,559.4000244140625,552.739990234375,559.0900268554688,51819600,473.2200012207031,100.13999938964844,236.3300018310547,17.06999969482422,3.680000066757202,101.37000274658205,0.008423296578884854,0.017248670432802093,0.028211543642241432,0.0065487753017647865,0.017418951882647304,0.01079945338726751,56.94086004326563,0.0026993069833867126,-0.0008776676278861005,0.18499046120388468,0.15050163931110053,0.013902701984127894,-0.14221105416860647,-0.05099987983703613,0.002571477941459621,0.017129311913019363,0.17068608336740887,0.030478057573630757,2,0.005222741901835137,2,0.5044442870283781,0.25141378096630324,0.24414193200531872,0.5044442870283781
2024-09-13,559.7100219726562,563.030029296875,559.4500122070312,562.010009765625,39310500,475.3399963378906,100.41000366210938,238.67999267578125,16.559999465942383,3.650000095367432,101.11000061035156,0.005222741901835137,0.04006592827182942,0.016164323364158628,0.010992124349598509,0.022340118065454106,0.011224611391662531,58.99917219247953,0.0038146784950134783,0.00020503074928144405,0.04790894483585984,0.13955417846121096,0.013458074310887504,-0.2600536154186729,-0.05999994277954057,-0.0006918333130370158,0.03490433864864673,-0.4260721408361049,0.0312628014073022,2,0.0014768724318450221,2,0.6401226121406166,0.22629923893142564,0.13357814892795772,0.6401226121406166
2024-09-16,561.739990234375,563.1099853515625,559.9000244140625,562.8400268554688,36656100,473.239990234375,101.33000183105467,238.66000366210935,17.139999389648438,3.621000051498413,100.76000213623048,0.0014768724318450221,0.030069095584738914,0.01538855393993388,0.01170901960802384,0.02354463069203505,0.01169863157748341,59.59048989375323,0.004766834009292905,0.0009300075129797733,0.0548553707612207,0.1394785582410555,0.013228827433912446,-0.11876613278558601,-0.07599997520446777,-0.007779427787162785,0.030483581055858133,-0.09369823319108539,0.0381635623691452,2,0.00040860716682655784,2,0.5356416845403451,0.2866616705194042,0.17769664494025067,0.5356416845403451
2024-09-17,565.0999755859375,566.5800170898438,560.7899780273438,563.0700073242188,49321000,473.489990234375,100.83999633789062,237.33999633789065,17.610000610351562,3.641999959945679,100.88999938964844,0.00040860716682655784,0.026020936731034006,0.006182916787095261,0.011807768567606569,0.023672824163665895,0.011726590726671704,59.763645074024936,0.0054932601917316096,0.00132640064791083,0.06771989565045906,0.13558319001212685,0.013483484377724687,-0.07704398947759328,-0.00399994850158647,-0.0072812937495639884,0.02029060837321972,0.35517356970539593,0.029676633021290533,2,-0.0029658530705484187,2,0.47642032015295294,0.3322799242397015,0.1912997556073456,0.47642032015295294
2024-09-18,563.739990234375,568.6900024414062,560.8300170898438,561.4000244140625,59044900,471.4400024414063,99.58999633789062,235.50999450683597,18.229999542236328,3.684999942779541,100.5999984741211,-0.0029658530705484187,0.012589808663223012,0.0048326689601552175,0.008562229151105827,0.020429724242418956,0.011766745519809607,57.82597158551871,0.005781877591572707,0.0012820983941337274,0.07000737486904489,0.13592424211099666,0.013682626768622409,0.03052566375784327,0.031999826431274414,-0.010621575804614869,0.014036574841059135,-0.21533556770491413,0.037228290826527344,2,0.01706440263283948,2,0.4728158979910979,0.3292793439187705,0.19790475809013172,0.4728158979910979
2024-09-19,571.010009765625,572.8800048828125,568.0800170898438,570.97998046875,75315500,483.3599853515625,99.26000213623048,239.1699981689453,16.329999923706055,3.740000009536743,100.61000061035156,0.01706440263283948,0.02126661725689294,0.01847951454067731,0.02481905247068905,0.03747841730694157,0.01235278052816513,64.86374341742732,0.007168250451737136,0.0021951751798255457,0.12287880145452294,0.14818217868882236,0.014076044988442464,-0.04335089539237302,0.059999942779541016,-0.0074973080362880085,0.0120170791515537,0.4534172398088754,0.019913123937993715,1,-0.004781219240837187,2,0.3756064379650829,0.34486252076604695,0.27953104126887024,0.3756064379650829
2024-09-20,567.8400268554688,569.3099975585938,565.1699829101562,568.25,77503100,482.4400024414063,98.87999725341795,242.2100067138672,16.149999618530273,3.7279999256134033,100.72000122070312,-0.004781219240837187,0.011102987715427393,0.021628186563793506,0.018819250324895842,0.03207655984388946,0.013012425427538776,61.70377641547597,0.007905143085133003,0.002326540975276553,0.13749965515061088,0.14615066602128432,0.013986544968398434,-0.024758445690491904,0.07799983024597124,-0.0038571791839996372,0.01478973582373544,0.9715623052365143,0.02875499666602499,2,0.0024988700574681832,2,0.4542799254233279,0.30021521030999965,0.24550486426667253,0.4542799254233279
2024-09-23,569.3400268554688,570.3300170898438,568.0999755859375,569.6699829101562,44116900,483.0400085449219,98.66999816894533,242.67999267578125,15.890000343322754,3.739000082015991,100.91999816894533,0.0024988700574681832,0.012134808700166255,0.013413228188941195,0.02067524848144786,0.03429190405019078,0.013340830581521024,62.7210835267409,0.008543403673861954,0.0023829656142864662,0.13733337290329473,0.14191938398364873,0.01245458148322709,-0.07292876842694695,0.11800003051757812,0.0015878923116587895,0.016843999631221518,0.2035350187281244,0.02450545472194543,1,0.0028613143253319873,2,0.44093945800139095,0.3089980684018074,0.2500624735968017,0.44093945800139095
2024-09-24,570.47998046875,571.3599853515625,567.5999755859375,571.2999877929688,46805700,485.3699951171875,98.6500015258789,246.07000732421875,15.390000343322754,3.736000061035156,100.37000274658205,0.0028613143253319873,0.01461626504998903,0.018741436504617015,0.022632874547955817,0.03688348685089404,0.013935218256343695,63.90635371034189,0.0091635759308093,0.0024165716228500707,0.13614085739509055,0.14162649324984636,0.012267767528804738,-0.1260647467396362,0.09400010108947665,-0.005154095016475346,0.03678272150092887,-0.05099856045092355,0.021039768577075346,1,-0.0022055133774685487,2,0.5313449839153669,0.26952415939753044,0.19913085668710265,0.5313449839153669
2024-09-25,571.1400146484375,571.8900146484375,568.9099731445312,570.0399780273438,38428600,485.8200073242188,97.83000183105467,245.72999572753903,15.40999984741211,3.7809998989105225,100.91999816894533,-0.0022055133774685487,0.015390012891963956,0.015100755939912114,0.019603603032768646,0.03440212883025695,0.01451399912031559,62.25848607721267,0.009408948538398939,0.0021176245842052066,0.1341570113105063,0.14205932579451302,0.011828755010669314,-0.154690058455058,0.09599995613098145,0.0031809115276135724,0.043395191113243525,-0.34916309452636896,0.013946411678954052,1,0.003964651345061521,2,0.619929180398494,0.22317737122806527,0.15689344837344069,0.619929180398494
2024-09-26,574.3800048828125,574.7100219726562,569.9000244140625,572.2999877929688,48336000,489.4700012207031,98.05999755859376,246.97999572753903,15.369999885559082,3.7909998893737793,100.55999755859376,0.003964651345061521,0.00231182768113003,0.025076124495978958,0.022365915468554043,0.03792458293727474,0.015218296339222004,64.04912821020804,0.00975568877768112,0.001994526580009263,0.05980968799092809,0.1402671435948627,0.010864695304665472,-0.05878751026528495,0.05099987983703613,-0.000496998821731931,0.03265458719064296,-0.35821975556160424,0.012126511601319168,1,-0.0014503182029491635,2,0.508292551552885,0.26998645600837273,0.22172099243874227,0.508292551552885
2024-09-27,573.3900146484375,574.219970703125,570.4199829101562,571.469970703125,42100900,486.75,98.56999969482422,245.0200042724609,16.959999084472656,3.749000072479248,100.41999816894533,-0.0014503182029491635,0.005666468461284602,0.023497798318016017,0.019688198667912715,0.03571261901664702,0.01571501991458568,62.86937804163167,0.00984386799968088,0.0016571466387845114,0.043971328044629505,0.1405461643610052,0.010436751499998138,0.05015476687770337,0.021000146865844727,-0.0029785846715829623,0.011601492426831506,-0.45678430927279035,0.013246553121426086,1,0.0040072780371684935,0,0.36966833737666294,0.36966833737666294,0.28613175741388525,0.3441999052094519
2024-09-30,570.4199829101562,574.3800048828125,568.0800170898438,573.760009765625,63557400,488.0700073242188,98.0999984741211,243.05999755859372,16.729999542236328,3.802000045776367,100.77999877929688,0.0040072780371684935,0.0071796425617773885,0.017882517067874026,0.02285451832893015,0.03893020737362951,0.015716496096593202,64.79605413685532,0.010068991722440353,0.0015319567122568808,0.04803745190349038,0.13752617247204246,0.010461072308313365,0.05286338456666906,0.06299996376037598,-0.0013872313930692881,0.0015658681979613398,0.440658795155598,0.012322237876262632,1,-0.0089584749040581,0,0.4281269087557856,0.4281269087557856,0.3175477006256813,0.25432539061853315
2024-10-01,573.4000244140625,574.0599975585938,566.0,568.6199951171875,72668800,481.2699890136719,98.48999786376952,245.6100006103516,19.26000022888184,3.743000030517578,101.19000244140624,-0.0089584749040581,-0.004691042767451359,0.029959385442947628,0.01219900765977,0.029102334041169575,0.016699607738680067,57.5747639005094,0.009532164349598924,0.0007343673590025539,0.08500216776355428,0.11826709549670894,0.009633607196258344,0.25146197525838,0.006999969482422319,0.008169768580106096,-0.0018694139886014094,0.5525630425354178,0.023126208235699552,1,0.00042205732551758857,1,0.38027375248484063,0.33148220841486675,0.38027375248484063,0.28824403910029256
2024-10-02,567.7100219726562,569.9000244140625,565.27001953125,568.8599853515625,38097800,481.9500122070313,97.66000366210938,245.66000366210935,18.899999618530277,3.785000085830689,101.68000030517578,0.00042205732551758857,-0.002070017404506741,0.03250743760361541,0.011014580716336653,0.028975017010399062,0.017764764857631343,57.81118025337935,0.008961520014238925,0.00013394770543955056,0.08456088113159665,0.11760698118374516,0.009374643535469664,0.226476301471493,0.00400018692016646,0.007530738704118578,-0.00028483321794903205,-0.008608172038533812,0.0196006481404587,1,-0.0018281792604923908,1,0.3667492764117304,0.3294489874591076,0.3667492764117304,0.303801736129162
2024-10-03,567.3599853515625,569.7999877929688,565.489990234375,567.8200073242188,40846500,481.5899963378906,96.73999786376952,245.4900054931641,20.489999771118164,3.849999904632568,101.98999786376952,-0.0018281792604923908,-0.00782802824446438,0.03313262578555243,0.007535869118672656,0.026106812510063415,0.018432041935772858,56.34586663607878,0.008284767477734297,-0.0004471782188621662,0.07519244538261058,0.11734974086540656,0.009438356764099633,0.33311645567216885,0.05900001525878862,0.014220369330682603,-0.006032837720260753,-0.15494662363455813,0.0014441324955825063,1,0.009087339434985742,1,0.368530748055859,0.31192446183662115,0.368530748055859,0.3195447901075199
2024-10-04,572.3499755859375,573.3599853515625,568.0999755859375,572.97998046875,42939100,487.3200073242188,95.5500030517578,245.0,19.209999084472656,3.9809999465942383,102.5199966430664,0.009087339434985742,0.002642325656704525,0.06036715523257086,0.013757839275710504,0.03413931046571994,0.020104871597906637,61.552899341254,0.008296795716119295,-0.00028521153127022107,0.10676183587800885,0.09759470914050306,0.009643823148115571,0.13266510150109245,0.23199987411499023,0.02091215407700031,-8.16434254840015e-05,0.01990931310257027,-0.0033858119088543415,0,-0.009040442689714157,2,0.47093356089174615,0.2160905090655062,0.3129759300427475,0.47093356089174615
2024-10-07,571.2999877929688,571.9600219726562,566.6300048828125,567.7999877929688,49964700,482.1000061035156,94.83000183105467,244.1699981689453,22.63999938964844,4.026000022888184,102.54000091552734,-0.009040442689714157,-0.010387656635551967,0.03914645723858268,0.0026956803059752232,0.023926835201768526,0.021174076355165328,54.52211155876582,0.007617816644571861,-0.0008339868403248596,0.11953225071711159,0.10129009645225026,0.009802242311848255,0.35325762158521323,0.2239999771118164,0.017463803905026776,0.004566776193124955,-0.21386494727600558,0.0035399961409612324,1,0.009457547081078044,2,0.48579110442014434,0.22994974151122002,0.28425915406863567,0.48579110442014434
2024-10-08,570.4199829101562,573.780029296875,569.530029296875,573.1699829101562,37398700,489.2999877929688,94.98999786376952,242.3699951171875,21.420000076293945,4.0329999923706055,102.5500030517578,0.009457547081078044,0.008001807590376941,0.04442501842043067,0.010004514994226499,0.03255266923343014,0.022324805388946878,59.66562874037728,0.007622100034780187,-0.0006004152090370675,0.12402409390511178,0.10447210785418613,0.009476126670189764,0.11214952345499052,0.28999996185302734,0.013440068954826412,-0.013191667623926318,-0.4853540996961557,0.0061587825638600435,1,0.006926447400689373,2,0.3661474595132364,0.3054205535636588,0.32843198692310477,0.3661474595132364
2024-10-09,573.1599731445312,577.7100219726562,572.5499877929688,577.1400146484375,37912200,493.1499938964844,94.4499969482422,241.0500030517578,20.86000061035156,4.066999912261963,102.93000030517578,0.006926447400689373,0.014555478518598619,0.04097982114393428,0.014968502940290396,0.03838990761996719,0.02307599163109675,62.99755299199459,0.008091006954266748,-5.995778989257897e-05,0.12857974407217843,0.10169372468712126,0.008628766850809431,0.10370375827413358,0.28199982643127397,0.01229346967199385,-0.01876577603854601,-0.004871672380032388,0.02408421358095114,1,-0.0017500255397128184,1,0.4002921484482833,0.3619111076007353,0.4002921484482833,0.23779674395098133
2024-10-10,575.77001953125,577.5800170898438,574.489990234375,576.1300048828125,44138100,492.5899963378906,94.08000183105467,242.82000732421875,20.93000030517578,4.0960001945495605,102.98999786376952,-0.0017500255397128184,0.014634915028361783,0.030478057573630757,0.011676446710954913,0.03562912175511235,0.023676220912357326,61.603304715806665,0.008282148108896811,9.351516915295174e-05,0.12839897201898479,0.09960047078119402,0.008306672043570721,0.02147391600647186,0.24600028991699263,0.00980488303701832,-0.010876199067988868,0.08058462781388864,0.033811779118694485,2,0.005988252959907792,0,0.37971724432397935,0.37971724432397935,0.35508550424589586,0.26519725143012474
2024-10-11,576.0499877929688,580.3300170898438,575.9099731445312,579.5800170898438,42268000,493.3599853515625,93.6999969482422,245.47000122070312,20.459999084472656,4.072999954223633,102.88999938964844,0.005988252959907792,0.011518790963157777,0.0312628014073022,0.016167046654950612,0.04046279623152449,0.023909208290656014,64.49397299602839,0.00875169410617958,0.0004894439057397515,0.12069969787957568,0.10001403733339875,0.008527125858569663,0.0650702789991473,0.09200000762939453,0.003609078801184884,0.0019183723294005084,-0.015629111928289086,0.03210943235242292,2,0.008178318945803564,1,0.39563772160705274,0.36123596833323096,0.39563772160705274,0.24312631005971627
2024-10-14,581.219970703125,585.27001953125,580.72998046875,584.3200073242188,36217200,497.5,93.7699966430664,245.07000732421875,19.700000762939453,4.0980000495910645,103.3000030517578,0.008178318945803564,0.02909478669674348,0.0381635623691452,0.022552095902504732,0.047039005755498575,0.023946858014487704,68.05259231486575,0.009632090471645864,0.0011494907612873305,0.06979969997647101,0.10273283027736761,0.008693880590874574,-0.12985860008694283,0.07200002670288086,0.0074117625262803966,0.003685994028843398,-0.27514425184180036,0.024712490177311253,1,-0.0077696775233381254,0,0.3539594312070259,0.3539594312070259,0.3464831434321239,0.2995574253608502
2024-10-15,584.5900268554688,584.9000244140625,578.5399780273438,579.780029296875,54203600,490.8500061035156,94.91000366210938,245.9199981689453,20.63999938964844,4.038000106811523,103.26000213623048,-0.0077696775233381254,0.011532436421666015,0.029676633021290533,0.013125888697412158,0.036585750716941146,0.023155919991040497,61.67642595572485,0.009723458813003695,0.000939548761499634,0.10864529197370003,0.10825466625192376,0.009178372868741529,-0.03641459775290812,0.005000114440917969,0.006923442840994776,0.01464704015875129,0.4493444959316768,0.029528431908821817,2,0.00434640444437151,2,0.37485636873966444,0.3201434154216441,0.3050002158386914,0.37485636873966444
2024-10-16,579.780029296875,582.8300170898438,578.9600219726562,582.2999877929688,30725400,490.9100036621094,95.30999755859376,247.1499938964844,19.57999992370605,4.015999794006348,103.58999633789062,0.00434640444437151,0.00894059156108673,0.037228290826527344,0.015674657931977976,0.03885676086022949,0.022824339218478595,63.70896386497366,0.009928709502918957,0.0009462501250711084,0.10315071229096477,0.10737503479989619,0.009023345988933291,-0.06136148845606082,-0.051000118255615234,0.006412086182435051,0.02530591482057276,-0.1895643091142165,0.025571037198323765,2,8.584543021927793e-05,2,0.43386384048463467,0.27165027838008,0.29448588113528545,0.43386384048463467
2024-10-17,585.9099731445312,586.1199951171875,582.1599731445312,582.3499755859375,34393700,491.25,93.8000030517578,248.6300048828125,19.11000061035156,4.0960001945495605,103.83000183105467,8.584543021927793e-05,0.010796123531858326,0.019913123937993715,0.014755613586564964,0.03659025665899063,0.02151714440411223,63.75003488611768,0.010015327087272936,0.0008269109970598493,0.09994527971617365,0.09115813460374404,0.009042200554304559,-0.086956505890454,0.0,0.008156170353516012,0.023927178088072987,-0.22077071736209763,0.018888985079688947,1,0.0038465722734466468,2,0.4347008403999577,0.28600500304152937,0.2792941565585128,0.4347008403999577
2024-10-18,584.0700073242188,585.3900146484375,582.5800170898438,584.5900268554688,37416800,494.4700012207031,93.87000274658205,251.2700042724609,18.030000686645508,4.072999954223633,103.48999786376952,0.0038465722734466468,0.00864420721539183,0.02875499666602499,0.017210802442878315,0.03858320791854131,0.021010792870402417,65.62731168315743,0.010237193775918876,0.0008671889282664009,0.09585794472121183,0.08901775575804242,0.008609233069484003,-0.11876825545272407,0.0,0.0058314557068746,0.023628154246607913,-0.11477240465600458,0.0019842506564313744,1,-0.0016422140791901851,2,0.4095838201210372,0.2880180440010634,0.3023981358778995,0.4095838201210372
2024-10-21,583.8499755859375,584.8499755859375,580.5999755859375,583.6300048828125,36439000,495.4200134277344,92.2300033569336,251.22000122070312,18.3700008392334,4.182000160217285,104.01000213623048,-0.0016422140791901851,-0.0011808639662468368,0.02450545472194543,0.014308395515477246,0.035015285497459026,0.020414787133313794,64.09532506450545,0.010210189758186144,0.0006598176363413549,0.07797224167728009,0.08957228895850065,0.008157101363378081,-0.06751268386791698,0.0840001106262207,0.006873175832501577,0.025094845198042393,0.006124162000375577,0.007744666129969824,1,-0.0005311542518380286,2,0.4424892235500541,0.28812743950757813,0.2693833369423679,0.4424892235500541
2024-10-22,581.0499877929688,584.5,580.3800048828125,583.3200073242188,34183800,495.9599914550781,92.31999969482422,253.92999267578125,18.200000762939453,4.203999996185303,104.08000183105467,-0.0005311542518380286,0.006105726048613258,0.021039768577075346,0.012711865843582304,0.03263242123472443,0.019670506550793387,63.579209135945106,0.010022436308223432,0.00037359101583231,0.0429040682287098,0.08956046705793035,0.008098984742930117,-0.11821699122397833,0.1659998893737793,0.007941116384467817,0.03257154589490985,-0.3693444715849131,0.011965954160852998,1,-0.009137380893711078,2,0.556386403443109,0.2633049965722359,0.18030859998465523,0.556386403443109
2024-10-23,581.260009765625,581.7100219726562,574.4199829101562,577.989990234375,49314600,488.3599853515625,92.06999969482422,250.8699951171875,19.239999771118164,4.242000102996826,104.43000030517578,-0.009137380893711078,-0.0074016789437511,0.013946411678954052,0.0027663151097865324,0.021896172804383385,0.019077084467583383,55.32959871387791,0.009111213789056768,-0.0005012877645452059,0.0754608110361356,0.09605399240196734,0.00874091071823059,-0.017364665674806212,0.22600030899047852,0.008108929404198717,0.015051593415216447,0.6050108379386436,0.021643990340649566,1,0.0021626672107126765,2,0.5179090172935831,0.2952118834576965,0.18687909924872043,0.5179090172935831
2024-10-24,579.97998046875,580.0599975585938,576.5700073242188,579.239990234375,34979900,492.3200073242188,92.66000366210938,252.8000030517578,19.07999992370605,4.199999809265137,104.05999755859376,0.0021626672107126765,-0.005340406082155913,0.012126511601319168,0.004330340594570714,0.02282261500361149,0.018412541831697826,56.74702473195078,0.008375457213235411,-0.000973040448269248,0.07950053076717636,0.09545531926766326,0.008469255030521794,-0.0015698945937896447,0.10399961471557617,0.0022151182074843234,0.016771902373210246,0.017043819071516086,0.024911941369832658,1,-0.00034530110213959464,2,0.42702326062170376,0.33476018633124044,0.23821655304705583,0.42702326062170376
2024-10-25,581.510009765625,584.4600219726562,578.0800170898438,579.0399780273438,47268200,495.3200073242188,92.13999938964844,253.32000732421875,20.32999992370605,4.23199987411499,104.26000213623048,-0.00034530110213959464,-0.009493916374144984,0.013246553121426086,0.003325089339457854,0.021532528478931612,0.018147098415988605,56.43843131792863,0.007694079036199773,-0.0013261182295070454,0.06792834321417225,0.09521773399942855,0.008475884804480457,0.1275651219893803,0.15899991989135742,0.0074403738366539685,0.008158566549531177,0.2632881486391139,0.028443686728489626,2,0.003091391148152267,2,0.38554047133701425,0.346229615761405,0.2682299129015809,0.38554047133701425
2024-10-28,582.5800170898438,582.7100219726562,580.52001953125,580.8300170898438,30174700,495.3999938964844,91.88999938964844,253.3300018310547,19.799999237060547,4.277999877929688,104.31999969482422,0.003091391148152267,-0.004797539142167628,0.012322237876262632,0.0058106766289460765,0.023732554596889832,0.017818341348304623,58.60789203506805,0.007294344315133712,-0.001358443144189367,0.07678890928346674,0.09484743255155229,0.008165687353932305,0.07784422060411966,0.09599971771240323,0.002980459111881384,0.008399015206189242,-0.17191196245780616,0.028751978574909076,2,0.0016183778622804734,0,0.3734576508300154,0.3734576508300154,0.3108343545829455,0.31570799458703913
2024-10-29,579.8499755859375,582.9099731445312,578.4299926757812,581.77001953125,42899700,500.1600036621094,92.02999877929688,256.0899963378906,19.34000015258789,4.27400016784668,104.27999877929688,0.0016183778622804734,-0.0026571826330435977,0.023126208235699552,0.006292713072826306,0.02458897667029869,0.018181850429585866,59.74173901505571,0.0070343304333050395,-0.0012835809381203504,0.07901505850900394,0.08783817874660473,0.008068997890352272,0.06263732647582132,0.07000017166137695,0.00192156941510091,0.008506295925693408,0.25497165323925364,0.032452694791706094,2,-0.0030252672130528513,0,0.35808585556111217,0.35808585556111217,0.3344990402457355,0.30741510419315227
2024-10-30,581.2899780273438,583.3200073242188,579.2899780273438,580.010009765625,41435800,496.3800048828125,92.3000030517578,257.5,20.350000381469727,4.265999794006348,103.98999786376952,-0.0030252672130528513,0.0034949040041867274,0.0196006481404587,0.002281893499092469,0.020723160821845665,0.018399282120494354,56.614675481003964,0.006538134281302777,-0.0014440138825728404,0.03861768463964159,0.08906522373170518,0.008209244688244115,0.05769234010167823,0.023999691009521484,-0.004213372020687944,0.02642805043191987,-0.1597660733332522,0.03244772850010591,2,-0.01960310154264744,2,0.43177786653317307,0.3301580004816516,0.23806413298517534,0.43177786653317307
2024-10-31,575.5599975585938,575.6300048828125,568.4400024414062,568.6400146484375,60182500,483.8500061035156,92.4499969482422,253.50999450683597,23.15999984741211,4.283999919891357,103.9800033569336,-0.01960310154264744,-0.018299799331272792,0.0014441324955825063,-0.01743555528948204,0.0004314207066880016,0.018184024561802792,41.50158169191256,0.004584229364108667,-0.002846017908848436,0.1461435542377192,0.11506711256923223,0.009271517350002652,0.21383647484384105,0.0840001106262207,-0.0007687315350466406,0.0028085104687787243,0.7204880517096961,0.05963346277257009,2,0.004220532001058652,2,0.3895572977647697,0.3719552802238656,0.23848742201136475,0.3895572977647697
2024-11-01,571.3200073242188,575.5499877929688,570.6199951171875,571.0399780273438,45667500,487.4299926757813,90.83999633789062,252.47000122070312,21.8799991607666,4.361000061035156,104.27999877929688,0.004220532001058652,-0.013815971787050296,-0.0033858119088543415,-0.013123201717644695,0.004130150999106741,0.01748278280204829,44.84825001189725,0.0032218089879768167,-0.003341768389209401,0.15592111739099396,0.11125768411090145,0.009385151184583182,0.07624196964472962,0.12900018692016602,0.00019179592035944992,-0.003355463757064081,-0.03386420468729501,0.05707135771483274,2,-0.0021539305759273875,0,0.3793009652865427,0.3793009652865427,0.2639582661434828,0.3567407685699746
2024-11-04,571.1799926757812,572.5,567.8900146484375,569.8099975585938,38217000,486.010009765625,92.25,252.8300018310547,21.979999542236328,4.309000015258789,103.88999938964844,-0.0021539305759273875,-0.018972882266767188,0.0035399961409612324,-0.015419873526598349,0.0016967724760539316,0.017384716126620514,43.47550011670158,0.001965174063436552,-0.0036900570565224972,0.14779816562123602,0.10654132465616255,0.009186030762886741,0.11010102975637381,0.031000137329100674,-0.004121935452776948,-0.0019737101661312373,0.2665246050499259,0.05984446698380541,2,0.012091775640930225,0,0.3636009076200438,0.3636009076200438,0.3150839311716677,0.32131516120828835
2024-11-05,570.739990234375,576.739990234375,570.52001953125,576.7000122070312,39478300,492.2099914550781,92.73999786376952,253.3999938964844,20.489999771118164,4.289000034332275,103.41999816894533,0.012091775640930225,-0.00871479649003537,0.0061587825638600435,-0.003818365580710026,0.013242277143841186,0.017126036191679406,52.28596245631533,0.0018944658130362216,-0.0029545603996120593,0.18576379787396313,0.109934052309426,0.009455285773084724,0.05946223420150232,0.014999866485595703,-0.00824703318391573,-0.010504129329038547,-0.0797534714694974,0.05368468923559799,2,0.024865554910313614,1,0.4259614518702153,0.39611293052161856,0.4259614518702153,0.17792561760816614
2024-11-06,589.2000122070312,591.9299926757812,585.3900146484375,591.0399780273438,68182000,505.5799865722656,90.1999969482422,245.6999969482422,16.270000457763672,4.426000118255615,105.08999633789062,0.024865554910313614,0.019016858461073483,0.02408421358095114,0.01972803167370185,0.03736249814158299,0.017293303626200407,64.63953547558913,0.0037267816655553072,-0.0008036769685674191,0.26274672711987024,0.13885003336575896,0.01058788015842929,-0.20049139298401264,0.16000032424926758,0.010577925730531845,-0.04582525456993325,0.6454853049778211,0.026427984058406295,2,0.0077321458684938005,1,0.5572477742291003,0.3631193785406768,0.5572477742291003,0.07963284723022285
2024-11-07,593.0800170898438,596.6500244140625,593.0,595.6099853515625,47233200,513.5399780273438,91.33000183105467,249.6499938964844,15.199999809265137,4.341000080108643,104.51000213623048,0.0077321458684938005,0.047428900549320696,0.033811779118694485,0.02588876109822391,0.04401619749148078,0.017669982439276533,67.52520321375158,0.00572841443710932,0.0009861737519061876,0.16062285713660357,0.14022640537360867,0.010814849593433212,-0.3436960315453724,0.057000160217285156,0.005097122159897882,-0.015226226555132838,-0.2151671997673742,0.020483223094102554,1,0.004331722357409529,1,0.42607599390996254,0.38770384849083833,0.42607599390996254,0.1862201575991992
2024-11-08,596.1699829101562,599.6400146484375,596.1699829101562,598.1900024414062,46444900,514.1400146484375,92.48999786376952,247.9600067138672,14.9399995803833,4.306000232696533,105.0,0.004331722357409529,0.047544875067858205,0.03210943235242292,0.028683946645023273,0.04707616229535705,0.017879364901453698,69.06029686226216,0.007566541934264946,0.0022758037762427687,0.16040088698475743,0.13967688049231267,0.010741938495491925,-0.31718463649795436,-0.05499982833862305,0.006904499703984213,-0.017863486691606645,0.017023047024689264,0.010849379307389384,1,0.0009528867448342915,1,0.46469783803407777,0.3813810628626109,0.46469783803407777,0.15392109910331117
2024-11-11,599.8099975585938,600.1699829101562,597.0,598.760009765625,37586800,513.8400268554688,92.04000091552734,242.13999938964844,14.970000267028809,4.308000087738037,105.54000091552734,0.0009528867448342915,0.05080643079459879,0.024712490177311253,0.028387325005172492,0.04678836076491133,0.01789309855568888,69.40440102724038,0.00900723004467202,0.002977222849224222,0.14731742282938443,0.1375139678427185,0.010618381482331272,-0.3189262703002903,-0.0009999275207519531,0.015882197859010683,-0.0422813841869506,-0.016490043697830803,0.006747240900281781,1,-0.003106395419244068,1,0.46500150948407526,0.41659997402082516,0.46500150948407526,0.11839851649509955
2024-11-12,598.6799926757812,599.2899780273438,594.3699951171875,596.9000244140625,43006100,512.9099731445312,90.66000366210938,240.0500030517578,14.710000038146973,4.432000160217285,106.0199966430664,-0.003106395419244068,0.03502689748475252,0.029528431908821817,0.02368771765876665,0.04190381222366657,0.017794581541489274,66.79389715579153,0.009821677713769763,0.003018304450047606,0.1712554386191896,0.134415436362332,0.010175193956755797,-0.28208881393539276,0.14300012588500977,0.025140190680275953,-0.0526834694801932,0.08936048411405761,0.017691400781830735,1,0.000485806693723001,1,0.46371437071625693,0.3894986681933821,0.46371437071625693,0.14678696109036118
2024-11-13,597.3699951171875,599.22998046875,594.9600219726562,597.1900024414062,47388600,512.25,89.80000305175781,237.6300048828125,14.020000457763672,4.451000213623047,106.4800033569336,0.000485806693723001,0.01040542880802886,0.025571037198323765,0.022878995589958873,0.04072996625334224,0.017451693445994954,67.00227978701227,0.010359580868653694,0.0028476088994648908,0.06532101398443074,0.13402533857035984,0.010263543453242811,-0.1382913298521975,0.02500009536743164,0.013226825268636944,-0.03284490095915493,-0.30496905341585756,0.011956018384849054,1,-0.006430159312396544,1,0.42267547509231146,0.3835796016910756,0.42267547509231146,0.19374492321661302
2024-11-14,597.3200073242188,597.8099975585938,592.6500244140625,593.3499755859375,38904100,508.6900024414063,90.31999969482422,237.00999450683597,14.3100004196167,4.418000221252441,106.66999816894533,-0.006430159312396544,-0.003794445729936924,0.018888985079688947,0.01534521370250208,0.032463890995779066,0.016859957640271928,61.498489101615135,0.010219459121299353,0.002127097094691056,0.06548484665653136,0.13677395047239865,0.010183097100105124,-0.05855259215897746,0.07700014114379883,0.02066784028861912,-0.05063088202954058,-0.17633994732518654,0.018302935592092062,1,-0.012808588351979733,1,0.4295628983469814,0.38763858633578113,0.4295628983469814,0.18279851531723748
2024-11-15,589.719970703125,590.2000122070312,583.8599853515625,585.75,75988800,496.5700073242188,90.08000183105467,236.58999633789065,16.139999389648438,4.427999973297119,106.69000244140624,-0.012808588351979733,-0.020796072135332522,0.0019842506564313744,0.002240604684897507,0.017632008093578566,0.015356994454959416,52.335604939516436,0.009034641294584391,0.0006698261406841902,0.09007459686288218,0.1446787984269178,0.01102492678609536,0.08032127462980498,0.12199974060058594,0.01609526134672601,-0.04585421063122053,0.6361064401042957,0.03591972347817962,2,0.004097352819568911,0,0.4271168886687108,0.4271168886687108,0.33861108439300575,0.23427202693828358
2024-11-18,586.219970703125,589.489990234375,585.3400268554688,588.1500244140625,37001700,500.0199890136719,90.23999786376952,241.08999633789065,15.579999923706056,4.414000034332275,106.27999877929688,0.004097352819568911,-0.01771992981915338,0.007744666129969824,0.005958137766537197,0.02032182050879916,0.014278608823775407,54.634310829779565,0.008192806750399885,-0.00011029973001931385,0.1031791946202089,0.14517549276836386,0.010939858792135352,0.040748139331751476,0.10599994659423828,0.007011539296477798,-0.004336346966236415,-0.01556663509529943,0.027441899078998633,2,0.003655467635231613,2,0.38594055847810443,0.3530601095108246,0.26099933201107084,0.38594055847810443
2024-11-19,584.7100219726562,591.0399780273438,584.030029296875,590.2999877929688,49412000,503.4599914550781,90.6999969482422,243.25,16.350000381469727,4.379000186920166,106.20999908447266,0.003655467635231613,-0.01105718939712319,0.011965954160852998,0.009033073339324904,0.02257882508691278,0.01342448736864399,56.65113101932217,0.007732108680322127,-0.0004326052870256978,0.11545720279405113,0.14556970175230577,0.011260595868631354,0.11148880619101242,-0.05299997329711914,0.0017921377798748583,0.013330543251658389,0.14895328802193175,-0.0068100263920446436,0,0.000338831460557909,2,0.3639318041837156,0.3433120819093129,0.2927561139069715,0.3639318041837156
2024-11-20,590.3800048828125,590.7899780273438,584.6300048828125,590.5,50032600,503.1700134277344,90.41000366210938,244.6199951171875,17.15999984741211,4.406000137329102,106.68000030517578,0.000338831460557909,-0.011202468919533914,0.021643990340649566,0.008296891151320818,0.021648215117815006,0.013241461005844446,56.84335054905789,0.007330971523237464,-0.0006647815353588894,0.11524632674021748,0.14094531796840543,0.010602368485960747,0.22396571234843576,-0.04500007629394531,0.0018782582826539773,0.029415436143352958,0.055794009529718025,-0.007451353791807835,0,0.005368302980789608,2,0.42485726536684276,0.2999658163168702,0.275176918316287,0.42485726536684276
2024-11-21,593.4000244140625,595.1199951171875,587.4500122070312,593.6699829101562,46750300,504.9800109863281,90.33999633789062,246.66000366210935,16.8700008392334,4.432000160217285,106.97000122070312,0.005368302980789608,0.0005393230595531762,0.024911941369832658,0.012462398107239592,0.025905171140840455,0.013277305960924135,59.87981219046505,0.0073241209516695495,-0.0005031501428605324,0.11854423798904444,0.14172047752824665,0.010637197743827759,0.17889590108658227,0.01399993896484375,0.0028124407697340814,0.04071562119290739,0.2016805426677395,-0.004244712666355399,0,0.003099410292649374,2,0.4789061954989665,0.28797245535113214,0.23312134914990146,0.4789061954989665
2024-11-22,593.6599731445312,596.1500244140625,593.1500244140625,595.510009765625,38226400,505.7900085449219,90.38999938964844,249.83999633789065,15.239999771118164,4.409999847412109,107.48999786376952,0.003099410292649374,0.01666241530623136,0.028443686728489626,0.014176101194876445,0.027894766349324085,0.013526906361020163,61.57002767102602,0.0074899887381362044,-0.00025047791274481433,0.02953688471147889,0.14172759115878933,0.010411220546145435,-0.05576206025803809,-0.018000125885009766,0.0074983166562643255,0.056004058519349975,-0.4969469184932517,-0.0013769832761357792,0,0.003392083253218603,2,0.6689698967571662,0.20304732400970602,0.12798277923312765,0.6689698967571662
2024-11-25,599.52001953125,600.8599853515625,595.2000122070312,597.530029296875,42441400,506.5899963378906,92.7300033569336,242.47999572753903,14.600000381469728,4.264999866485596,106.81999969482422,0.003392083253218603,0.0159483201452848,0.028751978574909076,0.016171237190639287,0.030147816715963893,0.013754157777546405,63.39331698490479,0.007796463720878516,6.573169184441964e-05,0.02876970508126346,0.14177803930331903,0.010224206431085089,-0.06290112625387057,-0.1490001678466797,0.005080927001596125,0.005765479326235834,0.1470121643059643,0.006309236877232616,1,0.005221486727384761,0,0.38918848492533953,0.38918848492533953,0.31701156478150616,0.29379995029315426
2024-11-26,598.7999877929688,601.3300170898438,598.0700073242188,600.6500244140625,45621300,509.30999755859375,92.37000274658205,242.9499969482422,14.100000381469728,4.302000045776367,107.01000213623048,0.005221486727384761,0.017533519964638256,0.032452694791706094,0.019839925843163853,0.03418665534776255,0.014067628792565179,66.0708882241755,0.008340547868615895,0.000519977663194608,0.03235626304214724,0.14240820478178295,0.008811857329393567,-0.1376146756883282,-0.07700014114379883,0.007532276232500079,-0.0012333116207926542,-0.07671618230389377,0.0011487595327734912,0,-0.0030300628489846604,0,0.41601594784386187,0.41601594784386187,0.349234942390239,0.23474910976589916
2024-11-27,600.4600219726562,600.8499755859375,597.280029296875,598.8300170898438,34000200,505.2999877929688,93.01000213623048,243.4900054931641,14.100000381469728,4.242000102996826,106.08000183105467,-0.0030300628489846604,0.014106718187711698,0.03244772850010591,0.015127858065104194,0.029725766964378897,0.014380364781929167,63.168310729682155,0.008487507857605861,0.0005145350494937944,0.05435083264909449,0.142410287826976,0.00859529538866515,-0.17832164878508772,-0.1640000343322754,-0.005624282643463707,-0.004619367372164618,-0.320439073723932,-0.0063791179720464886,0,0.006212064520751737,0,0.44985158855003776,0.44985158855003776,0.3573797704459273,0.1927686410040349
2024-11-29,599.6599731445312,603.3499755859375,599.3800048828125,602.5499877929688,30177400,509.739990234375,93.97000122070312,245.58999633789065,13.510000228881836,4.177999973297119,105.73999786376952,0.006212064520751737,0.014957813496452976,0.05963346277257009,0.018506522213036725,0.034998758443369304,0.01619256810893832,66.41588201322486,0.008926162642549418,0.0008019301443585818,0.05711262396502879,0.11888414742331212,0.00860030857567369,-0.1991701507528939,-0.254000186920166,-0.011498582246398548,-0.004337984709042897,-0.35449825990421446,-0.023782287578051453,0,0.0017924107737512518,1,0.4358267450301642,0.369162687467966,0.4358267450301642,0.19501056750186993
2024-12-02,602.969970703125,604.3200073242188,602.469970703125,603.6300048828125,31746000,515.2899780273438,93.87000274658205,243.44000244140625,13.34000015258789,4.196000099182129,106.4499969482422,0.0017924107737512518,0.013635362939379059,0.05707135771483274,0.01752943124344375,0.03559519433979874,0.0177545361752125,67.31690530583188,0.009335420510129361,0.0009805791355835662,0.05768983885578942,0.1188461191740078,0.008428729367894013,-0.1246718928520607,-0.21399974822998047,-0.009675327343902196,-0.02561637043825793,-0.16952681916162649,-0.029074081226919568,0,0.000463807728996235,1,0.4719863234938242,0.4068967509655612,0.4719863234938242,0.1211169255406147
2024-12-03,603.3900146484375,604.1599731445312,602.3400268554688,603.9099731445312,26906600,516.8699951171875,93.05999755859376,243.92999267578125,13.300000190734863,4.2230000495910645,106.37000274658205,0.000463807728996235,0.010677193672029572,0.05984446698380541,0.015083927571504008,0.0348597053120443,0.019481913961392427,67.55987241214709,0.009594739048574608,0.0009950167340740512,0.0592572935059721,0.1177555557995149,0.008058159293077497,-0.08904110662797116,-0.04199981689453125,-0.0042126656948865415,0.005979862148593362,-0.3660293958257739,-0.031908660815379464,0,0.006209534809425099,0,0.3700019075117084,0.3700019075117084,0.3346788470541609,0.2953192454341307
2024-12-04,605.6300048828125,607.9099731445312,604.9500122070312,607.6599731445312,42787600,523.260009765625,94.05999755859376,244.6699981689453,13.449999809265137,4.179999828338623,106.33999633789062,0.006209534809425099,0.011670604254627293,0.05368468923559799,0.018736417938458816,0.039989741395727085,0.02086243613463523,70.70164467443053,0.010124437300708897,0.001262228573378502,0.06281129929036786,0.11346264849145817,0.007976697868501735,-0.04609933011482925,-0.12200021743774414,-0.0062611511537669085,0.007079651131131959,-0.06211353030273137,-0.025853210071092536,0,-0.00164565718361398,0,0.39771073321256134,0.39771073321256134,0.3834247860200728,0.21886448076736595
2024-12-05,607.6599731445312,608.47998046875,606.2999877929688,606.6599731445312,28762200,521.8099975585938,94.25,242.8600006103516,13.539999961853027,4.179999828338623,105.70999908447266,-0.00164565718361398,0.01307542346113344,0.026427984058406295,0.015729992155046224,0.03697844517828419,0.020919391164334833,68.78844175566283,0.01035622067893574,0.0011835230032522445,0.05574002198752786,0.07810980330970775,0.007638981422767898,-0.03971634074227792,-0.062000274658203125,-0.003487959466396795,-0.0025873952466199945,-0.15405791730636875,-0.01862655901690191,0,0.0018956655539701384,0,0.4171087409463858,0.4171087409463858,0.39176141109252244,0.19112984796109186
2024-12-06,607.4400024414062,609.0700073242188,607.02001953125,607.8099975585938,31241500,526.47998046875,94.38999938964844,242.9499969482422,12.770000457763672,4.151000022888184,105.97000122070312,0.0018956655539701384,0.008729582395132773,0.020483223094102554,0.016617181783138202,0.03768449970694743,0.0207229607184658,69.80053947596369,0.010537967172317078,0.0011060999707949246,0.04566164401828387,0.07441169757319897,0.006792506103235914,-0.05477422343311167,-0.026999950408935547,0.0021751783769650146,-0.010749621031046708,0.03526148707310761,-0.03155590193123181,0,-0.005149643631043976,0,0.43102736250238016,0.43102736250238016,0.41569333830424837,0.15327929919337144
2024-12-09,607.6900024414062,607.8599853515625,604.0800170898438,604.6799926757812,34742700,522.3800048828125,93.5199966430664,245.3600006103516,14.1899995803833,4.198999881744385,106.1500015258789,-0.005149643631043976,0.0017394559324011016,0.010849379307389384,0.010833330969604926,0.031171490034178184,0.02012019038298285,63.74216080269817,0.010217440791027396,0.0005894011342854309,0.06686390843717573,0.07640735512253688,0.0067839600202677635,0.06371809730680655,0.0029997825622558594,-0.0028181815966529244,0.00788694606346585,0.0943961443961443,-0.025120729353370286,0,-0.003109090602606557,0,0.4291909915048062,0.4291909915048062,0.3548830051764964,0.2159260033186974
2024-12-10,605.3699951171875,605.7999877929688,602.1300048828125,602.7999877929688,37234500,520.5999755859375,93.08000183105467,248.58999633789065,14.18000030517578,4.2210001945495605,106.4000015258789,-0.003109090602606557,-0.0018379980475945468,0.006747240900281781,0.007350398338819675,0.026948345749364222,0.01945494580918683,60.353716880326225,0.009588935523701875,-5.530555186423995e-05,0.0711692953167095,0.07747675493628231,0.006409349678902217,0.06616542118953861,-0.0019998550415039062,0.00028202292490608905,0.019103856852499712,0.3838426259728096,-0.037010613819481564,0,0.007730647435394422,0,0.4061424984726431,0.4061424984726431,0.320243136213138,0.2736143653142189
2024-12-11,605.780029296875,608.4299926757812,605.5,607.4600219726562,28677700,529.9199829101562,92.1999969482422,250.9600067138672,13.579999923706056,4.270999908447266,106.70999908447266,0.007730647435394422,-0.00032905108236813696,0.017691400781830735,0.014242951308929719,0.033519581209106475,0.01900592937352874,65.28048357534622,0.009505481290082093,-5.182040347212482e-05,0.08025441157550851,0.0805573852620726,0.006297864705470739,0.009665436154978169,0.09100008010864258,0.003479431628024221,0.025708131736603912,-0.32976610045901145,-0.042916416523279044,0,-0.005152610492206833,0,0.3595608978815607,0.3595608978815607,0.3250589523930294,0.31538014972540995
2024-12-12,606.5800170898438,607.1599731445312,604.3300170898438,604.3300170898438,31543800,526.5,91.08000183105467,247.27999877929688,13.920000076293944,4.323999881744385,106.95999908447266,-0.005152610492206833,-0.0038406292780625018,0.011956018384849054,0.008415871331366231,0.02695476489528903,0.01838417471498799,59.89652463263263,0.009024872030042222,-0.00046554381701599247,0.08810917945481443,0.08336932802903152,0.005793882131516329,0.028065001145606505,0.14400005340576172,0.011824803810670081,0.01819977829958419,0.09671026555687678,-0.03663563619601906,0,-0.00019855892276432474,0,0.3581570123854946,0.3581570123854946,0.3174145355644807,0.3244284520500247
2024-12-13,606.4000244140625,607.1300048828125,602.8099975585938,604.2100219726562,35904700,530.530029296875,90.1500015258789,244.2899932861328,13.8100004196167,4.39900016784668,107.0,-0.00019855892276432474,-0.0059228633954651055,0.018302935592092062,0.0073029429530835355,0.025482566527965655,0.01804782136502614,59.693266951293545,0.008492753766725961,-0.0007996374890556091,0.08534813430380153,0.07922369207819709,0.005951081568062314,0.0814408711489707,0.2480001449584961,0.009719720368330576,0.0055155231723509335,0.14926299953587385,-0.018917251055293627,0,0.004269965675617771,0,0.37802757870677783,0.37802757870677783,0.32674671449157283,0.29522570680164933
2024-12-16,606.0,607.780029296875,605.2100219726562,606.7899780273438,43695200,538.1699829101562,90.41999816894533,244.8800048828125,14.6899995803833,4.396999835968018,106.86000061035156,0.004269965675617771,0.0034894247819008406,0.03591972347817962,0.00983301662774183,0.028680760018979568,0.018664217827000895,62.62960748406178,0.008282920488046774,-0.0007759690241471232,0.08390393064163452,0.06109365226259029,0.005679757373918311,0.03523608278968626,0.1979999542236328,0.006688639418432452,-0.001956291678941402,0.25768003062513856,-0.02496739222384381,0,-0.004120041679210651,1,0.390534669880385,0.36419940947131585,0.390534669880385,0.24526592064829913
2024-12-17,604.1900024414062,605.1699829101562,602.8900146484375,604.2899780273438,55773500,535.7999877929688,90.63999938964844,243.94000244140625,15.869999885559082,4.385000228881836,106.95999908447266,-0.004120041679210651,0.0024717821243334104,0.027441899078998633,0.004323632762652796,0.02317666061597845,0.018771865201922422,58.204746730691205,0.007755709473946536,-0.0010725259592797639,0.08704946214043063,0.06384838275983044,0.005715072384082322,0.11918191424625313,0.1640000343322754,0.005263134873710884,-0.018705474737462868,0.49789845439041747,-0.011103875922953588,0,-0.029803487374158943,1,0.41994387583090104,0.4086775497375384,0.41994387583090104,0.17137857443156046
2024-12-18,603.97998046875,606.4099731445312,585.8900146484375,586.280029296875,108248700,516.469970703125,89.16000366210938,239.25999450683597,27.6200008392334,4.49399995803833,108.02999877929688,-0.029803487374158943,-0.034866479948757245,-0.0068100263920446436,-0.025283103477836133,-0.007758083343382571,0.01797960022749545,37.597007544593545,0.004998919840271634,-0.003280408276489345,0.21074534233564046,0.12707070642926865,0.007955713805637787,1.033873416377439,0.22300004959106445,0.012369971944047098,-0.046621022848357785,2.7746646348905246,0.028604007740475,2,-0.0003071121340316729,0,0.5416881794920748,0.5416881794920748,0.3765118875371163,0.08179993297080891
2024-12-19,591.3599853515625,593.0,585.8499755859375,586.0999755859375,85919500,514.1699829101562,87.80999755859375,239.6000061035156,24.09000015258789,4.570000171661377,108.41000366210938,-0.0003071121340316729,-0.030165705803748,-0.007451353791807835,-0.02522591562682619,-0.008363559705854007,0.01729873228196821,37.454234194303254,0.0025717036168650237,-0.004568134370520536,0.2161605962151291,0.12704759537256768,0.008278686532070853,0.7306034497523943,0.2460002899169922,0.013556512621990313,-0.031057880595655618,1.7238157736227087,0.03470402269703965,2,0.008616360754965635,0,0.49998796448297306,0.49998796448297306,0.33830820413700885,0.1617038313800182
2024-12-20,581.77001953125,595.75,580.9099731445312,591.1500244140625,125716700,518.6599731445312,88.30999755859375,242.1000061035156,18.36000061035156,4.52400016784668,107.62000274658205,0.008616360754965635,-0.02161499658008781,-0.004244712666355399,-0.01662083956311,-0.00032735056201615986,0.016568877658394765,43.8901607519923,0.0013155380040925707,-0.004610644886951279,0.23899903869760386,0.12948399117757053,0.009777542385068639,0.3294714013383895,0.125,0.005794418192355488,-0.008964702782778833,2.5013995382220156,0.03146405280854636,2,0.005988290418921238,0,0.4576987524132587,0.4576987524132587,0.33449098697728147,0.2078102606094599
2024-12-23,590.8900146484375,595.2999877929688,587.6599731445312,594.6900024414062,57635800,522.8699951171875,87.5,240.9600067138672,16.780000686645508,4.598999977111816,108.04000091552734,0.005988290418921238,-0.01994096149259772,-0.0013769832761357792,-0.010664602743913343,0.0051453110224672916,0.015980337719876614,47.934545825338,0.0008064524062010824,-0.004067563221035435,0.24314211090348045,0.13085340524500524,0.010418392040784468,0.14227373491917228,0.20200014114379883,0.011042488287815733,-0.016007832778430542,0.3190419084933813,0.02233090888900091,1,0.011115010046286677,1,0.3767459209822003,0.37118384128776855,0.3767459209822003,0.25207023773003123
2024-12-24,596.0599975585938,601.3400268554688,595.469970703125,601.2999877929688,33160100,529.9600219726562,87.87000274658203,241.44000244140625,14.270000457763672,4.591000080108643,108.26000213623048,0.011115010046286677,-0.0049479394712710345,0.006309236877232616,1.8276369452729924e-05,0.015734488377918465,0.01571592477841821,54.525735002238676,0.001277014609408752,-0.002834737454803223,0.2654095773125437,0.13629542653375093,0.010618661526591215,-0.10081912031085338,0.20599985122680664,0.012154104926002551,-0.010248421640483119,-0.4054506172286122,-0.003209700174558683,0,6.658749927290764e-05,1,0.3953945278564896,0.3361729043307099,0.3953945278564896,0.2684325678128004
2024-12-26,599.5,602.47998046875,598.0800170898438,601.3400268554688,41219100,529.5999755859375,87.81999969482422,243.07000732421875,14.729999542236328,4.578999996185303,108.12999725341795,6.658749927290764e-05,0.025687379419447653,0.0011487595327734912,2.748656979623121e-05,0.015062755683286744,0.015034855856875806,54.56325729708872,0.001643283889957946,-0.0019745555209570447,0.08090792003015447,0.13507452196796524,0.010881647803277201,-0.4666908365436109,0.08500003814697266,0.0009256546815794575,0.015924153242734995,-0.6192185217928714,0.005288177293652163,1,-0.010526518786625139,2,0.5127957726630897,0.3210778263309409,0.16612640100596948,0.5127957726630897
2024-12-27,597.5399780273438,597.780029296875,590.760009765625,595.010009765625,64969300,522.5599975585938,87.0999984741211,241.3999938964844,15.949999809265137,4.61899995803833,108.0,-0.010526518786625139,0.015202242878068706,-0.0063791179720464886,-0.010184923327169026,0.003946894264558853,0.01427723008547277,47.84216046055605,0.001083267475651345,-0.0020584482709531072,0.13699178408118934,0.13990739817736456,0.011978186035778045,-0.337899555490385,0.048999786376953125,-0.0037819725879474353,0.007512469729199944,-0.24383521784926587,0.011428358651726311,1,-0.01141163837760406,2,0.49588958720079046,0.33546401867121617,0.16864639412799323,0.49588958720079046
2024-12-30,587.8900146484375,591.739990234375,584.4099731445312,588.219970703125,56578800,515.6099853515625,87.80000305175781,240.6300048828125,17.399999618530273,4.545000076293945,108.12999725341795,-0.01141163837760406,-0.0049565314893486034,-0.023782287578051453,-0.02031262768793407,-0.007706344315222213,0.012867659346226912,41.88246375285717,-0.00029523275789960937,-0.0027785715861746623,0.15792808111496373,0.1430082653639304,0.012944627366147453,-0.05228763398188707,0.020999908447265625,0.004738844952799415,-0.0060718760167010055,-0.5499500066419178,0.02859475733901573,2,-0.0036380159121820466,2,0.47155005599650734,0.32987375063888574,0.19857619336460702,0.47155005599650734
2024-12-31,589.9099731445312,590.6400146484375,584.4199829101562,586.0800170898438,57052700,511.2300109863281,87.33000183105469,242.1300048828125,17.350000381469727,4.572999954223633,108.48999786376952,-0.0036380159121820466,-0.01447810677195771,-0.029074081226919568,-0.022448067774705094,-0.011366023624261756,0.011336527283227094,40.183523294789985,-0.0016780035470511463,-0.003336327831114915,0.1455735149845684,0.14281838708494976,0.013302679578903017,0.03396899115015284,-0.026000022888183594,0.004165095746287539,0.004855569954953731,-0.010116975907335402,0.026856384410666845,2,-0.0024570065510107764,2,0.5112591124667283,0.29940522227995303,0.18933566525331869,0.5112591124667283
2025-01-02,589.3900146484375,591.1300048828125,580.5,584.6400146484375,50204000,510.2300109863281,87.56999969482422,245.4199981689453,17.93000030517578,4.574999809265137,109.38999938964844,-0.0024570065510107764,-0.027706591522944413,-0.031908660815379464,-0.02328026621820578,-0.013828707437717469,0.00967683814874154,39.03601722714095,-0.0029446393739991274,-0.0036856385659657293,0.0808990791442896,0.14267950935903248,0.013946321373486652,0.2564821114228393,-0.01600027084350586,0.010437809265845033,0.01648440891026315,0.5139881966580317,0.02245827270428613,1,0.012503416419400448,2,0.6063687469904695,0.23158446940327213,0.16204678360625838,0.6063687469904695
2025-01-03,587.530029296875,592.5999755859375,586.4299926757812,591.9500122070312,37888500,518.5800170898438,87.29000091552734,243.4900054931641,16.1299991607666,4.5960001945495605,108.9499969482422,0.012503416419400448,-0.015615149880409351,-0.025853210071092536,-0.009768471555647418,-0.001788818302839168,0.008058371222883887,47.26825339275934,-0.0028669523740866257,-0.0028790407667576164,0.15234686758989002,0.14885322835467932,0.014356912269416142,0.09504410468689839,0.017000198364257812,0.007583461718790874,0.0017278897284316308,-0.08080234648500328,0.016606160802655312,1,0.005760576187535671,2,0.4208211145951411,0.2969951856339687,0.28218369977089014,0.4208211145951411
2025-01-06,596.27001953125,599.7000122070312,593.5999755859375,595.3599853515625,47679400,524.5399780273438,86.9000015258789,243.19000244140625,16.040000915527344,4.618000030517578,108.26000213623048,0.005760576187535671,0.000588184366974609,-0.01862655901690191,-0.003121970387870876,0.003373652990154241,0.0065159660310223355,50.618141710144364,-0.0023289552339449235,-0.0018727795114843696,0.14611932220990356,0.15091046019935384,0.014686196729890341,0.0056427026544494385,-0.0009999275207519531,0.0024074271873193442,0.007415114292378178,-0.26612415402351575,0.014881727978965031,1,-0.011304052395755049,2,0.42380360640496173,0.29894045043638445,0.2772559431586539,0.42380360640496173
2025-01-07,597.4199829101562,597.75,586.780029296875,588.6300048828125,60393100,515.1799926757812,85.91999816894531,244.55999755859372,17.81999969482422,4.683000087738037,108.54000091552734,-0.011304052395755049,0.0006970762641693717,-0.03155590193123181,-0.012805533792176083,-0.008282418019263327,0.00458178801415654,44.596603040431724,-0.0028274816980039105,-0.001892872307163516,0.14558396946510513,0.15489253561114633,0.015752072789090393,0.02413793594838154,0.1380000114440918,0.0037917661382020906,0.016332097394483824,0.06741571047812966,0.030052838446331,2,0.0014609947580461746,2,0.6196701005901156,0.24031405368221265,0.14001584572767176,0.6196701005901156
2025-01-08,588.7000122070312,590.5800170898438,585.2000122070312,589.489990234375,47304700,515.27001953125,86.02999877929688,245.8600006103516,17.700000762939453,4.692999839782715,109.08999633789062,0.0014609947580461746,0.005818272326470586,-0.025120729353370286,-0.010102354207814246,-0.007183115893861336,0.0029490304642725285,45.48897833335461,-0.0030439871517521522,-0.0016885929826510949,0.14162137701631364,0.15463576086616726,0.01590842947020555,0.020172932206015126,0.11999988555908203,0.005530449681403038,0.01540492979936281,-0.17085957369239313,0.01913523466681788,1,-0.015267434815002923,2,0.6347739219789671,0.22274589443975437,0.14248018358127867,0.6347739219789671
2025-01-10,585.8800048828125,585.9500122070312,578.5499877929688,580.489990234375,73105000,507.1900024414063,85.45999908447266,248.2100067138672,19.540000915527344,4.776000022888184,109.6500015258789,-0.015267434815002923,-0.007098426912427569,-0.037010613819481564,-0.02338616217250844,-0.022329685267179378,0.0010817754821896841,38.50007738442083,-0.0044682907519281055,-0.002473505885907625,0.1849832194387601,0.16242599750542086,0.01497627436123546,0.08979367445335784,0.20100021362304688,0.0023768364355167826,0.011368301547297843,0.4561588718030436,0.0419645226642531,2,0.0015504563889190415,2,0.5904329151318162,0.2766561432960969,0.13291094157208697,0.5904329151318162
2025-01-13,575.77001953125,581.75,575.3499755859375,581.3900146484375,47910100,505.55999755859375,85.43000030517578,245.7400054931641,19.190000534057617,4.802999973297119,109.95999908447266,0.0015504563889190415,-0.017839340047011376,-0.042916416523279044,-0.019722212532868877,-0.020801316139256287,-0.001100814095946867,39.50110624842781,-0.005364301512627583,-0.00269808374854179,0.14532647472464044,0.15904557961484872,0.014860946544384693,0.18970871249230647,0.2069997787475586,0.009270327347602025,0.009240625689924453,0.2645024215791072,0.041142748082146685,2,0.0013759916283606621,2,0.5760363467351615,0.26238772921668635,0.1615759240481522,0.5760363467351615
2025-01-14,584.3599853515625,585.0,578.3499755859375,582.1900024414062,48420600,505.0799865722656,85.29000091552734,247.02999877929688,18.709999084472656,4.788000106811523,109.2699966430664,0.0013759916283606621,-0.022121041444159717,-0.03663563619601906,-0.01653771978676133,-0.01952594560358145,-0.0030384752694045947,40.42925759006041,-0.005892717991042205,-0.002584131103299575,0.13015198498976613,0.15909523325107433,0.01383569920638407,0.1664587292112092,0.1700000762939453,0.009329341279385783,0.015790107731981307,0.015545497636295869,0.03636266995547888,2,0.018189984044830076,2,0.5621735715177251,0.246529294147715,0.19129713433456,0.5621735715177251
2025-01-15,590.3300170898438,593.9400024414062,589.2000122070312,592.780029296875,56900200,516.7000122070312,86.76000213623047,248.8800048828125,16.1200008392334,4.652999877929688,109.08999633789062,0.018189984044830076,0.007050310686912198,-0.018917251055293627,0.0023190858679131843,-0.002502194188326423,-0.004810124963413931,51.11986022113484,-0.004708638183993385,-0.0011673274127395516,0.18778185144538437,0.17424392678408646,0.014083767543418115,-0.09539836614501074,-0.03000020980834872,0.005067214093643857,0.017664406964936097,-0.057836077300221334,0.028593998336921223,2,-0.0019231664227786771,2,0.38716331499194045,0.2976336175257876,0.315203067482272,0.38716331499194045
2025-01-16,594.1699829101562,594.3499755859375,590.9299926757812,591.6400146484375,43319700,513.0800170898438,87.04000091552734,250.6000061035156,16.600000381469727,4.605999946594238,108.95999908447266,-0.0019231664227786771,0.003647261954707215,-0.02496739222384381,0.0016744416133587237,-0.005110297839541089,-0.006773397793770064,50.07798884326459,-0.0039708114070788345,-0.00033814158626943494,0.18931365522222282,0.17319180842474016,0.013720942947955471,-0.06214691152855345,-0.08699989318847656,-0.0011916514600964767,0.019279286916931815,-0.08424110077856961,0.03052531456873364,2,0.010039892999691435,1,0.34590001444870516,0.32036700315674027,0.34590001444870516,0.3337329823945546
2025-01-17,596.9600219726562,599.3599853515625,595.6099853515625,597.5800170898438,58070600,521.739990234375,87.19000244140625,249.2700042724609,15.970000267028809,4.609000205993652,109.3499984741211,0.010039892999691435,0.029440691731081436,-0.011103875922953588,0.012306149905922936,0.003940658045071377,-0.008263796344247232,55.20130003566673,-0.002514236342172765,0.0008658595149454103,0.13012141868765809,0.1772777676152524,0.013981395006660586,-0.18270217406497946,-0.16699981689453125,-0.002736005905909722,0.004270567382143042,-0.20565487996717047,0.023277172506991572,1,0.00915353684308795,1,0.3727457482076175,0.36759598301705426,0.3727457482076175,0.25965826877532827
2025-01-21,600.6699829101562,603.0599975585938,598.6699829101562,603.0499877929688,42532900,524.7999877929688,87.97000122070312,253.1300048828125,15.0600004196167,4.573999881744385,108.05999755859376,0.00915353684308795,0.037255495620489576,0.028604007740475,0.02012332456197896,0.012234069560490113,-0.007733628681489413,59.339525645144114,-0.0006392685275580815,0.0021681345101132793,0.12541675702944186,0.14236033627699657,0.01325050012219755,-0.21521625844205505,-0.22900009155273438,-0.017279024569828216,0.030072431124178456,-0.11223520719013313,0.016383392890813475,1,0.005621448830210873,1,0.37696021177153244,0.2626772819999482,0.37696021177153244,0.36036250622851934
2025-01-22,605.9199829101562,607.8200073242188,605.3599853515625,606.4400024414062,48196000,531.510009765625,87.51000213623047,254.42999267578125,15.100000381469728,4.598999977111816,108.16999816894533,0.005621448830210873,0.04165306841118532,0.03470402269703965,0.02409607540035208,0.017398310588759403,-0.006540172326091942,61.700765497136565,0.001260489864206592,0.003241759559437248,0.11590029986922437,0.14294442429194607,0.012489750204995901,-0.1929448893452298,-0.18900012969970703,-0.010066793336822921,0.02995585124499689,-0.00463852162096301,0.00649693691963682,1,0.005458079192118603,1,0.37199115210082506,0.25904016546949316,0.37199115210082506,0.36896868242968184
2025-01-23,605.7999877929688,609.75,605.52001953125,609.75,41152100,532.6400146484375,86.83000183105469,254.07000732421875,15.020000457763672,4.638000011444092,108.0500030517578,0.005458079192118603,0.028627770613753434,0.03146405280854636,0.02807109726437873,0.022466250318679437,-0.00545180869359474,63.90484548228541,0.0031499498827552317,0.0040963714831623,0.07485231844603424,0.14136189687943942,0.012188827594191121,-0.06823823351128544,-0.014999866485596591,-0.009533351554175451,0.020853432736993138,-0.27676704124062834,-0.016088556881662552,0,-0.0029192772396473554,1,0.36922894517174754,0.27785838115800754,0.36922894517174754,0.35291267367024487
2025-01-24,609.8099975585938,610.780029296875,606.7999877929688,607.969970703125,34604700,529.6300048828125,87.22000122070312,255.6499938964844,14.850000381469728,4.625999927520752,107.44000244140624,-0.0029192772396473554,0.02760116903923593,0.02233090888900091,0.023923552589512065,0.019147114716491664,-0.004664838367025248,61.84366217570091,0.004379668775093284,0.004263089065381581,0.08127663323748786,0.14122027233703013,0.011443230055103585,-0.10542168432438659,0.019999980926513672,-0.01395004272979139,0.020151586871401728,-0.20117867852270443,-0.017698158213348525,0,-0.01414539533258774,2,0.349550816003151,0.3310226128584292,0.3194265711384198,0.349550816003151
2025-01-27,594.8099975585938,599.6900024414062,594.6400146484375,599.3699951171875,70361100,514.2100219726562,88.25,252.9900054931641,17.899999618530273,4.527999877929688,107.33999633789062,-0.01414539533258774,0.00299537798479399,-0.003209700174558683,0.009603831570323296,0.004710329037706851,-0.004846953210354776,52.95660956139707,0.004217234227491065,0.0032791854322450744,0.14887064026356625,0.1459479436173381,0.012247378715903711,0.120851554115881,-0.08100032806396396,-0.018381364099480657,0.01492358148570938,0.2116475462626528,-0.008558995152584292,0,0.008592396109277312,0,0.3710828240438516,0.3710828240438516,0.3348868776771937,0.29403029827895466
2025-01-28,600.6199951171875,605.3699951171875,597.25,604.52001953125,44433300,521.8099975585938,88.19000244140625,255.17999267578125,16.40999984741211,4.551000118255615,107.87000274658205,0.008592396109277312,0.0024376615007675184,0.005288177293652163,0.018006099491659544,0.013084391062610168,-0.0048346551474564015,56.94655715453458,0.004638256170281945,0.0029665590371173835,0.14688754760835904,0.14919456309875853,0.01218675859489045,0.0896413937702778,-0.02299976348876953,-0.0017582344651516646,0.008098557079070146,0.04468070599465346,-0.01650903391362435,0,-0.0044829317228528565,1,0.3845176312462638,0.31527836876918697,0.3845176312462638,0.30020399998454916
2025-01-29,603.719970703125,604.1300048828125,599.219970703125,601.8099975585938,37177400,520.8300170898438,88.01000213623047,254.1999969482422,16.559999465942383,4.554999828338623,108.0,-0.0044829317228528565,-0.0076347286857282315,0.011428358651726311,0.012862527324343898,0.008386655946137855,-0.004419031465237366,54.33501766297493,0.004606444920093431,0.0023417759487822164,0.14222743513817215,0.14485396929649225,0.011568676413497259,0.09668867864826836,-0.04400014877319336,-0.001571583357890205,-0.0009039646824663405,-0.22862063241762798,-0.027849337554405107,0,0.005367110021191612,1,0.4196559729519578,0.30216759174057556,0.4196559729519578,0.2781764353074666
2025-01-30,603.9600219726562,606.5999755859375,600.719970703125,605.0399780273438,39281300,523.0499877929688,88.33999633789062,258.04998779296875,15.84000015258789,4.51200008392334,107.8000030517578,0.005367110021191612,-0.007724513280289003,0.02859475733901573,0.016859382333249906,0.013401774924985732,-0.003400280774644049,56.873560501714884,0.004914431550861003,0.0021294819356630556,0.14194827459179937,0.1384928576362248,0.01156594549783779,0.05459385285174001,-0.12599992752075195,-0.002313743571855764,0.015664896894622915,-0.04546062047866328,-0.01794920293857294,0,-0.00532191395620385,1,0.41476218893010036,0.24123554138911868,0.41476218893010036,0.34400226968078107
2025-01-31,607.5,609.9600219726562,601.0499877929688,601.8200073242188,66566900,522.2899780273438,87.76000213623047,258.5599975585937,16.43000030517578,4.568999767303467,108.37000274658205,-0.00532191395620385,-0.010115570957877629,0.026856384410666845,0.010111700403836021,0.007466194747558719,-0.0026190228815482497,53.67044147096221,0.004719570400429798,0.001535776178799975,0.14444577464303734,0.13943861374329078,0.011386895738754454,0.10639729852651203,-0.057000160217285156,0.008655996686923073,0.011382764449771932,0.923637540565299,-0.02999233587002481,0,-0.006729566554251942,2,0.39246058775117193,0.24406603780623384,0.36347337444259425,0.39246058775117193
2025-02-03,592.6699829101562,600.2899780273438,590.489990234375,597.77001953125,65857200,518.1099853515625,88.16000366210938,259.94000244140625,18.6200008392334,4.543000221252441,108.98999786376952,-0.006729566554251942,-0.0026694288986299775,0.02245827270428613,0.0022097630216832975,0.00036418297005291755,-0.0018415107492727456,49.866303064221135,0.003982485205274954,0.0006216962135696706,0.11084215933491647,0.14179575892460008,0.012053137118739418,0.04022353274006618,0.015000343322753018,0.01537173078229781,0.027471428899707773,-0.06401122210994425,-0.03498006506931284,0,0.006708281838506247,2,0.6791357524726499,0.1587554694754256,0.1621087780519246,0.6791357524726499
2025-02-04,597.8300170898438,602.2999877929688,597.280029296875,601.780029296875,33457800,524.469970703125,88.43000030517578,262.5,17.209999084472656,4.513000011444092,107.95999908447266,0.006708281838506247,-0.004532505369300499,0.016606160802655312,0.008102151152513004,0.006688102570313825,-0.0014026838258232033,53.3890805441344,0.0038439076343609884,0.00040441082495023856,0.10150281661497648,0.13705382192943527,0.011779338605352413,0.048750715691609825,-0.03800010681152344,0.0008343036580988894,0.02868566319585719,-0.24701068792999847,-0.031107765008675847,0,0.004054540342757651,2,0.5346802878000215,0.22751296007529587,0.23780675212468264,0.5346802878000215
2025-02-05,600.6400146484375,604.3699951171875,598.5800170898438,604.219970703125,30653100,526.8499755859375,89.88999938964844,264.1300048828125,15.770000457763672,4.421999931335449,107.58000183105467,0.004054540342757651,0.004004541556816843,0.014881727978965031,0.011438940458466496,0.010306000106089064,-0.0011201272830803077,55.44077081843827,0.004019463861371935,0.0004750850527620342,0.100565130470563,0.13637673703363423,0.011027200686669713,-0.0477052556555595,-0.13299989700317383,-0.003888871934678906,0.039063761029832555,-0.17549102411680217,-0.05214979685924803,0,0.003475616038725038,2,0.4856449881274799,0.2541144181218754,0.2602405937506446,0.4856449881274799
2025-02-06,605.989990234375,606.4500122070312,602.6300048828125,606.3200073242188,35771500,529.5999755859375,89.8499984741211,263.42999267578125,15.5,4.440000057220459,107.69000244140624,0.003475616038725038,0.002115611105646842,0.030052838446331,0.013453777798675848,0.013388734062857122,-6.41802687439963e-05,57.18750501277329,0.004385378664917999,0.000682620870938015,0.09596318142907348,0.1289021278857815,0.01103613268148674,-0.021464655890949702,-0.07200002670288086,-0.001020413796266273,0.020848692646049827,-0.08935040337259714,-0.05013858036488417,0,-0.009153562023232031,2,0.42328463421258655,0.2539169597105732,0.32279840607684035,0.42328463421258655
2025-02-07,606.8900146484375,608.1300048828125,600.0499877929688,600.77001953125,50788500,522.9199829101562,89.2699966430664,263.8999938964844,16.540000915527344,4.486999988555908,108.04000091552734,-0.009153562023232031,-0.001744687415157764,0.01913523466681788,0.003231300537388959,0.0039360962656938,0.0007025256567727567,51.44760701200366,0.0039388514033425305,0.00016150965968064206,0.11282465488720919,0.13435032343435796,0.01118089356816186,0.006695107018160451,-0.0819997787475586,-0.0030451400082216473,0.02065283256618433,-0.2370307164671932,-0.06689748345425828,0,0.0067912111491030824,2,0.4691625011685267,0.26554870399473013,0.26528879483674306,0.4691625011685267
2025-02-10,604.030029296875,605.5,602.739990234375,604.8499755859375,26048700,529.25,89.0,268.3699951171875,15.8100004196167,4.493000030517578,108.31999969482422,0.0067912111491030824,0.011843946372953607,0.0419645226642531,0.00799424822945527,0.010506823196156256,0.0024926481188898286,55.02161122611065,0.00402678252239602,0.00021993637292826878,0.10506604100738853,0.12113108533091076,0.011016904170814891,-0.1509130125115714,-0.05000019073486328,-0.006147336288443217,0.03243053241750071,-0.6044669375558025,-0.08089608109578117,0,0.000760555495121995,2,0.5965638819383174,0.19792677165061398,0.2055093464110686,0.5965638819383174
2025-02-11,602.5499877929688,605.8599853515625,602.4299926757812,605.3099975585938,30056700,527.989990234375,88.43000030517578,267.3900146484375,16.020000457763672,4.537000179290772,107.95999908447266,0.000760555495121995,0.0058658780449114545,0.041142748082146685,0.006754265652636482,0.011117932713501144,0.0043343914297058195,55.42007744090591,0.004128132858600406,0.0002593438612115147,0.09784957111294462,0.12120975522230783,0.010850403993454908,-0.06914576932096617,0.024000167846680576,0.0,0.018628627232142758,-0.10165342610691674,-0.07672102332476494,0,-0.0032215099947072723,2,0.5304481403867582,0.22728419761750449,0.24226766199573727,0.5304481403867582
2025-02-12,599.2000122070312,604.5499877929688,598.510009765625,603.3599853515625,45076100,528.2999877929688,87.2300033569336,267.6700134277344,15.890000343322754,4.63700008392334,107.94000244140624,-0.0032215099947072723,-0.001423298456291855,0.03636266995547888,0.001747419928734617,0.00770810126180721,0.005950283688773039,53.26590551291442,0.003918528813809766,2.9788954761606537e-05,0.0980440344957948,0.12263685513891265,0.011189721112486388,0.007609377430297215,0.21500015258789062,0.003346352521139684,0.01340252330094982,0.47052337283994117,-0.08608459908248989,0,0.010557536581541571,2,0.5913449286428039,0.22384821068070182,0.1848068606764944,0.5913449286428039
2025-02-13,604.47998046875,609.9400024414062,603.2000122070312,609.72998046875,40921300,535.9000244140625,88.68000030517578,270.3099975585937,15.100000381469728,4.525000095367432,107.30999755859376,0.010557536581541571,0.005624048527740344,0.028593998336921223,0.010900981841748703,0.01810283988925887,0.007124197302083024,58.88766008733034,0.00449395212917561,0.0005166710933330462,0.12442771897121783,0.11161839499771169,0.011396141544834974,-0.025806427001953014,0.08500003814697266,-0.00352869230381192,0.02611701428880231,0.1439637700403953,-0.07695206798603693,0,-4.9150054415414424e-05,2,0.5096023385449452,0.242493914395598,0.24790374705945684,0.5096023385449452
2025-02-14,609.9400024414062,610.989990234375,609.0700073242188,609.7000122070312,26910400,538.1500244140625,89.1500015258789,266.2900085449219,14.770000457763672,4.4720001220703125,106.56999969482422,-4.9150054415414424e-05,0.01486424486153437,0.03052531456873364,0.009340185151668345,0.017846473306161847,0.008427573061717819,58.85179227573585,0.004921964126966202,0.0007555900783486399,0.08856497639412216,0.11106764645011218,0.010059981887808092,-0.10701332284099452,-0.014999866485595703,-0.013606083008574466,0.009056516497590428,-0.47014776967226835,-0.06978839911605639,0,0.0029358340027980656,0,0.3460745520113995,0.3460745520113995,0.31337805309971783,0.3405473948888827
2025-02-18,610.8800048828125,611.489990234375,608.3800048828125,611.489990234375,26749000,539.3699951171875,88.0999984741211,270.70001220703125,15.350000381469728,4.544000148773193,107.0500030517578,0.0029358340027980656,0.010977953073413094,0.023277172506991572,0.011139237639528732,0.02057640910258307,0.009333206656172433,60.403150338193676,0.005419324688503022,0.0010121172936968796,0.08207030771792176,0.10662019406961042,0.00944531117702119,-0.02909551081201822,0.051000118255615234,-0.011724488983054338,0.00868210728560137,0.026884259099302366,-0.0825360537525408,0,0.0023549076262954216,0,0.3806376706869963,0.3806376706869963,0.32527300908735995,0.2940893202256438
2025-02-19,610.0800170898438,613.22998046875,609.5599975585938,612.9299926757812,31011100,539.52001953125,88.20999908447266,270.8500061035156,15.270000457763672,4.534999847412109,107.16999816894533,0.0023549076262954216,0.012588582954058847,0.016383392890813475,0.012693146437080083,0.022799848291989333,0.00998002394947295,61.65560838370627,0.005932409699922508,0.0012284451906209384,0.08108732824623106,0.10252297154721773,0.009233158806336916,-0.04681647806299105,-0.0020003318786629976,-0.007317533551562949,0.012939867854180331,0.03175331955936622,-0.07472303254899682,0,-0.00416032470826988,0,0.3721699697251166,0.3721699697251166,0.3365929368396565,0.29123709343522686
2025-02-20,611.5399780273438,611.6799926757812,607.02001953125,610.3800048828125,36554000,537.22998046875,88.54000091552734,270.989990234375,15.65999984741211,4.5,106.33999633789062,-0.00416032470826988,0.011634877522014753,0.00649693691963682,0.008151873905957174,0.018418229364765226,0.010183342137759732,58.14810823005688,0.0059697270554269054,0.0009968886148598076,0.0854295819016746,0.10234261872195492,0.009275239202424596,-0.014474543168106035,-0.13700008392333984,-0.014823106052681001,0.012403245190320655,-0.18906027806309778,-0.07354437283222603,0,-0.017104102948802602,0,0.4047663121187114,0.4047663121187114,0.34865273541254915,0.24658095246873946
2025-02-21,610.1599731445312,610.2999877929688,599.469970703125,599.9400024414062,76519800,526.0800170898438,89.61000061035156,270.739990234375,18.209999084472656,4.420000076293945,106.61000061035156,-0.017104102948802602,-0.01605625168671776,-0.016088556881662552,-0.008288225847815855,0.0012620520953217085,0.009630094339962758,46.48777302622117,0.004626213027451936,-0.00034652918037574466,0.13106795641329927,0.11758872394270012,0.009674763591196274,0.20596017380366605,-0.10500001907348633,-0.006523128917787835,0.0015907390761160656,0.8699259309943721,-0.05993936364689789,0,-0.004550422471648163,0,0.4246693380006313,0.4246693380006313,0.33213580090557476,0.24319486109379396
2025-02-24,602.02001953125,603.030029296875,596.489990234375,597.2100219726562,50737200,519.8699951171875,89.87000274658203,272.2099914550781,18.979999542236328,4.39300012588501,106.5999984741211,-0.004550422471648163,-0.02048546823734332,-0.017698158213348525,-0.011922216468770896,-0.0030455344086444125,0.00898378873412442,44.00292076325357,0.0030905582926337625,-0.0015239323448662777,0.1281029235678145,0.1181228202889683,0.009146089656722135,0.28503716682417046,-0.07899999618530273,0.0002814936603432461,0.022231336964178894,0.8854123312919913,-0.03873010169255253,0,-0.004973177992678157,0,0.3638652302560077,0.3638652302560077,0.2781601421723719,0.35797462757162035
2025-02-25,597.1500244140625,597.8900146484375,589.5599975585938,594.239990234375,58266500,513.3200073242188,91.41999816894533,268.6199951171875,19.43000030517578,4.297999858856201,106.30999755859376,-0.004973177992678157,-0.028209783112538522,-0.008558995152584292,-0.016418693880822954,-0.0077199795466155186,0.008843919948549273,41.40964010704181,0.0014460923640165085,-0.0025531693240568912,0.11201223201343834,0.10854537781266507,0.009589676317986878,0.2657980340268502,-0.2460002899169922,-0.006912708753555541,-0.007683845570915393,1.1782683464802424,-0.0316033396781521,0,0.0005048259926943022,1,0.41154071613956,0.38245307437537923,0.41154071613956,0.20600620948506077
2025-02-26,595.9299926757812,599.5800170898438,591.8599853515625,594.5399780273438,43321600,514.5599975585938,91.95999908447266,269.0299987792969,19.100000381469727,4.249000072479248,106.41999816894533,0.0005048259926943022,-0.03000345042368513,-0.01650903391362435,-0.01510869114185931,-0.006790495149861853,0.00844580099061032,41.78284401062572,0.00016929687330551608,-0.003062357521768694,0.10413782014701771,0.10332224045880695,0.009816716043669635,0.2508185860439043,-0.28599977493286133,-0.006998227235365695,-0.006719613377166311,0.39697076208196425,-0.043647108909270926,0,-0.01596190430433686,1,0.45721604315839987,0.34944105205513987,0.45721604315839987,0.19334290478646027
2025-02-27,596.8499755859375,598.02001953125,584.6500244140625,585.0499877929688,74196700,500.2699890136719,91.30999755859376,264.92999267578125,21.1299991607666,4.284999847412109,107.23999786376952,-0.01596190430433686,-0.041498766157497036,-0.027849337554405107,-0.02948216073156351,-0.022014025355271638,0.0076950006214429045,34.33255665916566,-0.002139869815589309,-0.004339155434562809,0.12265578223107876,0.11598958661526791,0.011141906268055156,0.34929753299189437,-0.21500015258789062,0.008463433861885639,-0.02236244059550896,1.0297833342452263,-0.030715274041649976,0,0.015605512474676564,1,0.4126867438573679,0.34367863764732415,0.4126867438573679,0.24363461849530801
2025-02-28,585.5599975585938,594.719970703125,582.4400024414062,594.1799926757812,88744100,508.1700134277344,92.43000030517578,263.2699890136719,19.6299991607666,4.230999946594238,107.61000061035156,0.015605512474676564,-0.009600976334608657,-0.01794920293857294,-0.013448084549145367,-0.006418875898968168,0.0071250266104494475,44.572354531233835,-0.002640717607465244,-0.0038449676911345844,0.1821127377665469,0.12887346635758332,0.011475594470434248,0.07797914045502363,-0.18900012969970703,0.009379983062329122,-0.027591052264707816,0.15975342329697684,-0.06482887341558252,0,-0.017519898469909534,1,0.4760261871115184,0.3564785129938301,0.4760261871115184,0.16749529989465153
2025-03-03,596.1799926757812,597.3400268554688,579.9000244140625,583.77001953125,74249200,497.0499877929688,92.56999969482422,266.739990234375,22.780000686645508,4.179999828338623,106.75,-0.017519898469909534,-0.02250464986674594,-0.02999233587002481,-0.02927777318102076,-0.02307420622220635,0.006390671592164221,37.409495417753455,-0.004505318730440129,-0.0045848347084962325,0.2145103621737715,0.14114668642887235,0.013235395947413568,0.20021081328021162,-0.21300029754638672,0.0014071437901128636,-0.020094784880832828,0.46340751953202,-0.041763030075420704,0,-0.011836911709231068,1,0.38840749556679294,0.3800498808928853,0.38840749556679294,0.23154262354032185
2025-03-04,579.7100219726562,585.3900146484375,572.25,576.8599853515625,109648200,495.5499877929688,91.43000030517578,269.0599975585937,23.51000022888184,4.210000038146973,105.73999786376952,-0.011836911709231068,-0.02924745080848168,-0.03498006506931284,-0.03909758516851336,-0.03375090693767702,0.005564226032020114,33.55479450949949,-0.006903928178499302,-0.005587517323843849,0.2209641875784256,0.14478175776979543,0.01459626349995627,0.2099845527341151,-0.08799982070922852,-0.0053616753636936965,0.0016380107564748503,0.8818394789458779,-0.027545704420377626,0,0.010747863198125485,2,0.43639913701978994,0.33910835294778213,0.22449251003242787,0.43639913701978994
2025-03-05,576.6900024414062,584.8800048828125,573.0800170898438,583.0599975585938,71230500,502.010009765625,90.6999969482422,269.6199951171875,21.93000030517578,4.264999866485596,105.73999786376952,0.010747863198125485,-0.019309013511320194,-0.031107765008675847,-0.027253287965359196,-0.023260430994630155,0.004104724201408505,39.571360502771384,-0.007721848062273157,-0.005135548288925443,0.24960783062315278,0.14856832997882774,0.015053584952950116,0.14816753231333113,0.015999794006347656,-0.006389779335424173,0.002193050368240357,0.6442259750332398,-0.031797719111197664,0,-0.017751133038238276,2,0.385586809681915,0.3457964765233605,0.26861671379472446,0.385586809681915
2025-03-06,575.47998046875,580.1699829101562,570.1199951171875,572.7100219726562,80094900,488.2000122070313,90.4000015258789,268.25,24.8700008392334,4.285999774932861,104.05999755859376,-0.017751133038238276,-0.021092156358918257,-0.05214979685924803,-0.04200256979224193,-0.04016806922011784,0.0019149326650345078,34.0315135730888,-0.009924402048229315,-0.005833090276562121,0.25536012501803,0.15757326419824966,0.016098899734538485,0.17699961320448576,0.0009999275207519531,-0.029653117945931062,0.012531640116269394,0.07949410148968883,-0.06287651408926154,0,0.005604862520902865,0,0.42127845200168657,0.42127845200168657,0.17716018098183925,0.4015613670164742
2025-03-07,570.9000244140625,577.3900146484375,565.6300048828125,575.9199829101562,81158800,491.7900085449219,90.11000061035156,268.3900146484375,23.3700008392334,4.316999912261963,103.83999633789062,0.005604862520902865,-0.03073144500102465,-0.05013858036488417,-0.03417745118629423,-0.03429535581227894,-0.00012207690339138821,36.97832166124084,-0.01091930538663802,-0.0054806376359131685,0.21296650898293004,0.15884320444555478,0.017229581497879728,0.1905248007316136,0.08599996566772461,-0.035033958285270006,0.01944781345548563,-0.08547385121940498,-0.1226559005192206,0,-0.02663558528182819,2,0.47240195688034176,0.35849018382946124,0.16910785929019703,0.47240195688034176
2025-03-10,567.5900268554688,569.5399780273438,555.5900268554688,560.5800170898438,99326600,472.7300109863281,91.0500030517578,266.0400085449219,27.86000061035156,4.2129998207092285,103.91000366210938,-0.02663558528182819,-0.039724551904921634,-0.06689748345425828,-0.05672390845278541,-0.0589409728163548,-0.0023503875306887245,30.066305728704734,-0.014118520487371293,-0.0068248212526290965,0.2502014381166088,0.1793258366844564,0.019895211832687654,0.22300262381836267,0.03299999237060547,-0.026604181151200224,-0.0026242097738627956,0.3377463999612118,-0.10025332779213947,0,-0.008312879584754462,2,0.5007605250710068,0.37054842940640087,0.12869104552259236,0.5007605250710068
2025-03-11,559.4000244140625,564.02001953125,552.02001953125,555.9199829101562,88102100,471.6000061035156,90.4000015258789,269.1600036621094,26.920000076293945,4.288000106811523,103.44000244140624,-0.008312879584754462,-0.036299973950601805,-0.08089608109578117,-0.060698451707957846,-0.06533982569478414,-0.004941303456026169,28.333660624119844,-0.01703477373047327,-0.0077439476829640076,0.24801513349088408,0.175929113140884,0.02113228480900971,0.14504465394359922,0.07800006866455078,-0.02175142300765398,0.00037168700075485006,-0.1965020857615538,-0.10692181204328899,0,0.005306541044969082,2,0.6165906906078052,0.29005439728980664,0.09335491210238811,0.6165906906078052
2025-03-12,562.1699829101562,563.1099853515625,553.6900024414062,558.8699951171875,69588200,476.9200134277344,89.86000061035156,270.3299865722656,24.229999542236328,4.317999839782715,103.61000061035156,0.005306541044969082,-0.041488015886350205,-0.07672102332476494,-0.05199467043715611,-0.05903623695473026,-0.007427771024052454,31.04278326030702,-0.018511190962112838,-0.007415525457179691,0.2250577972304104,0.1783357235889992,0.021469347966373148,0.10487912471746363,0.05299997329711914,-0.02014372324994884,0.002633304161175243,-0.023056134661416094,-0.018340580259369132,0,-0.01333049237232553,2,0.6075307372480901,0.2652877707178735,0.12718149203403642,0.6075307372480901
2025-03-13,558.489990234375,559.1099853515625,549.6799926757812,551.4199829101562,74079400,468.3399963378906,90.6500015258789,275.1300048828125,24.65999984741211,4.27400016784668,103.83000183105467,-0.01333049237232553,-0.03717420377797487,-0.08608459908248989,-0.06049327294406748,-0.07021496993104004,-0.010347660859690522,28.14882919365202,-0.020869018784522006,-0.007698755387054628,0.21541529440056525,0.18139224891002845,0.02156769343049881,-0.008443947918570394,-0.01199960708618164,-0.0022102223038165114,0.025647734884669093,-0.0751046571005145,-0.048674271249044665,0,0.020655788693630495,2,0.8024840289146195,0.13396682537119664,0.06354914571418395,0.8024840289146195
2025-03-14,556.1099853515625,563.8300170898438,551.489990234375,562.8099975585938,62660300,479.6600036621094,90.16999816894533,275.239990234375,21.770000457763672,4.308000087738037,103.72000122070312,0.020655788693630495,-0.02276355351539805,-0.07695206798603693,-0.037238765549162944,-0.05019563175765829,-0.013458026502163767,37.709813279438336,-0.02021719379598631,-0.005850773641210495,0.2874420386222677,0.1954540986272058,0.02187619722780196,-0.0684638563976282,-0.008999824523925781,-0.0011555770552711397,0.025522468095209305,-0.22792968846261896,-0.05129616609943366,0,0.007711353519474162,2,0.6799089686598594,0.17743205247092,0.14265897886922063,0.6799089686598594
2025-03-17,562.7899780273438,569.7100219726562,562.3499755859375,567.1500244140625,49008700,482.7699890136719,90.62000274658205,276.7300109863281,20.51000022888184,4.306000232696533,103.37000274658205,0.007711353519474162,0.011720016989413606,-0.06978839911605639,-0.026270812317786052,-0.042259425990522126,-0.016419979882490887,40.93497823382912,-0.019044990875834118,-0.0038308060034246854,0.21476781701218464,0.19939585651822905,0.02158663203685333,-0.26381910339006887,0.09300041198730469,-0.005196813554961266,0.040181935415932735,-0.5065903796163365,-0.04942260088207451,0,-0.010808436249554187,2,0.7699174234669861,0.14765163400014725,0.08243094253286659,0.7699174234669861
2025-03-18,564.7999877929688,565.02001953125,559.0599975585938,561.02001953125,66041400,474.5400085449219,90.70999908447266,279.9599914550781,21.700000762939453,4.281000137329102,103.23999786376952,-0.010808436249554187,0.00917404802467403,-0.0825360537525408,-0.032604013516608354,-0.05185473337677127,-0.01989952421669816,37.94645525816362,-0.01909941831260698,-0.0029751960932738056,0.22318055934741474,0.1994481680999452,0.021869606577723157,-0.19390784912929038,-0.006999969482421875,-0.00193353222076742,0.04012478691494792,-0.2503992526852368,-0.04172762711613631,0,0.010890850841058342,2,0.7709557644961224,0.1479325715767653,0.08111166392711235,0.7709557644961224
2025-03-19,562.8300170898438,570.9500122070312,561.6300048828125,567.1300048828125,66556000,480.8900146484375,91.18000030517578,281.1099853515625,19.899999618530277,4.25600004196167,103.43000030517578,0.010890850841058342,0.014779841175572406,-0.07472303254899682,-0.018191316354855935,-0.04072385416517599,-0.02295002904910548,42.45593658663606,-0.01769981385957326,-0.0013994449916549794,0.23189068887292053,0.20539469683954975,0.021200734480199147,-0.17870408607141108,-0.06199979782104492,-0.0017372869811352887,0.03987718460680334,-0.04357347941173939,-0.07312261982479717,0,-0.0028917790177164227,2,0.6751798901611268,0.1851725508746756,0.13964755896419756,0.6751798901611268
2025-03-20,563.3300170898438,570.5700073242188,562.5999755859375,565.489990234375,62958200,479.260009765625,91.23999786376952,280.75,19.799999237060547,4.232999801635742,103.8499984741211,-0.0028917790177164227,0.025515954735559898,-0.07354437283222603,-0.017211716026834578,-0.042530368345978675,-0.025762061607803477,41.58243803657733,-0.016842151579505762,-0.00039560715329448775,0.194305839109525,0.2054142013700877,0.020717820373092458,-0.19708031794094216,-0.0410003662109375,0.00019259022164863637,0.020426689264885,-0.1501254059833098,-0.0691082384564341,0,-0.0026702678945725866,2,0.5994640030434308,0.23602867543622036,0.16450732152034883,0.5994640030434308
2025-03-21,559.280029296875,564.8900146484375,558.030029296875,563.97998046875,83763000,480.8399963378906,90.6999969482422,278.489990234375,19.280000686645508,4.251999855041504,104.08999633789062,-0.0026702678945725866,0.0020788239640936457,-0.05993936364689789,-0.016763587250922085,-0.04428930577906898,-0.027995015411589996,40.75109594888577,-0.0161942988548924,0.00023702386732413108,0.13961322822329786,0.19924942603320892,0.01950930939763274,-0.11437757091227685,-0.0560002326965332,0.003567249448832799,0.01180787718104681,0.33677942812275075,-0.08883289712570486,0,0.017908502022889516,2,0.5746619711571616,0.21651570351356778,0.20882232532927064,0.5746619711571616
2025-03-24,570.7999877929688,575.1500244140625,570.2000122070312,574.0800170898438,58766800,490.6600036621094,89.7699966430664,277.25,17.479999542236328,4.330999851226807,104.26000213623048,0.017908502022889516,0.012218976245202073,-0.03873010169255253,0.0028667136259181714,-0.026665616050400964,-0.029447910948747547,48.20952839143398,-0.013791262573543815,0.0018807814574456868,0.18457225631586846,0.21245837263528058,0.01892096470282718,-0.1477328450917672,0.024999618530273438,0.008609841985109723,0.0018790481445019047,0.19910954585614382,-0.08157402399623126,0,0.0024038545877420603,2,0.4289112716768609,0.23347958210170902,0.33760914622143,0.4289112716768609
2025-03-25,575.2999877929688,576.4099731445312,573.6900024414062,575.4600219726562,38355700,493.4599914550781,89.76000213623047,278.4700012207031,17.149999618530273,4.307000160217285,104.18000030517578,0.0024038545877420603,0.02573883629584439,-0.0316033396781521,0.006929172305610187,-0.024159419410098137,-0.030874655905065773,49.151393380125846,-0.011754582311054865,0.0031039029991908607,0.1439911688435061,0.21265112188717325,0.017748539778087512,-0.20967746472064375,0.026000022888183594,0.009105021899038057,-0.005322154164353443,-0.419217339426481,-0.06957918453699741,0,-0.011938266525687413,2,0.39818204548008695,0.25726160566867584,0.3445563488512372,0.39818204548008695
2025-03-26,575.1900024414062,576.3300170898438,567.1900024414062,568.5900268554688,51848300,484.3800048828125,89.16999816894531,278.239990234375,18.32999992370605,4.3379998207092285,104.5500030517578,-0.011938266525687413,0.002574404387152729,-0.043647108909270926,-0.002827899875979978,-0.03539051437105489,-0.03265495945085606,44.784917596907526,-0.011136135445425376,0.0031215021387602194,0.17442580430575197,0.21564640632509588,0.017485616914821926,-0.07889445853869714,0.0819997787475586,0.010828606238783678,-0.010209509682120421,-0.22098233066891038,-0.038516370987332404,0,-0.0026557092004866334,2,0.4077789518653232,0.27015088140375804,0.3220701667309187,0.4077789518653232
2025-03-27,567.1799926757812,570.9000244140625,564.9400024414062,567.0800170898438,42164200,481.6199951171875,88.91000366210938,281.9700012207031,18.690000534057617,4.36899995803833,104.06999969482422,-0.0026557092004866334,0.002811768347676269,-0.030715274041649976,-0.003906501273742147,-0.037458761067038604,-0.033683845779739485,43.8625644118709,-0.010653560938250432,0.0029136332873174278,0.17413909910415465,0.20941828938497806,0.0168016192806854,-0.05606054271584493,0.1360001564025879,0.0021184518433858823,0.004345507464659448,-0.3302826319685125,-0.028990622039149816,0,-0.020138328985595644,2,0.5073417450628803,0.24603371220582104,0.24662454273129863,0.5073417450628803
2025-03-28,565.530029296875,566.27001953125,555.0700073242188,555.6599731445312,71662700,468.9400024414063,90.13999938964844,284.0599975585937,21.649999618530277,4.255000114440918,104.04000091552734,-0.020138328985595644,-0.01475230967826835,-0.06482887341558252,-0.0206529504574543,-0.05565273762114231,-0.03573787982517174,37.561907724231084,-0.011978539067280622,0.001493992854641661,0.23004803037314847,0.20918499202815552,0.016077423429443703,0.12292525142524369,0.0030002593994140625,-0.0004803095794237988,0.02000074515974881,-0.14445877057889522,-0.008656368626614452,0,0.0067128130226792315,2,0.47008916345205287,0.2982861235686073,0.2316247129793398,0.47008916345205287
2025-03-31,549.8300170898438,560.7100219726562,546.8699951171875,559.3900146484375,95328200,468.9200134277344,91.02999877929688,288.1400146484375,22.280000686645508,4.245999813079834,104.20999908447266,0.0067128130226792315,-0.02558877160691564,-0.041763030075420704,-0.011955984105173623,-0.048270242807669894,-0.03675368517829458,40.56497340668678,-0.012091908616961747,0.0010326302131197964,0.172940267872928,0.20492191231736967,0.01620517156783969,0.27459961499490326,-0.08500003814697266,-0.0004795995658286589,0.03927868223061326,0.6221437954763573,-0.009063456964645944,0,0.0028244266313557365,2,0.5361882161336945,0.21778482359248633,0.24602696027381907,0.5361882161336945
2025-04-01,557.4500122070312,562.9400024414062,553.6799926757812,560.969970703125,54609600,472.7000122070313,91.48999786376952,287.57000732421875,21.770000457763672,4.156000137329102,104.26000213623048,0.0028244266313557365,-0.025179944246795594,-0.027545704420377626,-0.007772916825903531,-0.04439170751694477,-0.03690565527993761,41.8409667577643,-0.01184673971797696,0.0009926673757880604,0.1741152533822513,0.20222688429043828,0.01613916070442351,0.2693878100289617,-0.1510000228881836,0.0007679192822072078,0.03267858679076663,0.4237675234710878,-0.011462276078204048,0,0.006328411525621025,2,0.46880911019109467,0.2027134511966676,0.32847743861223766,0.46880911019109467
2025-04-02,555.0499877929688,567.4199829101562,554.8099975585938,564.52001953125,76014500,476.1499938964844,91.43000030517578,288.1600036621094,21.51000022888184,4.196000099182129,103.80999755859376,0.006328411525621025,-0.0071580701946665215,-0.031797719111197664,0.00014619241111013537,-0.03708019008624741,-0.03722094107823759,44.7130849621125,-0.010972066398997346,0.0014292788896481277,0.17678754095750898,0.19931701505967708,0.01644003139024923,0.17348610575077617,-0.1419997215270996,-0.007078005466893078,0.0356527234614199,0.46609435603481697,-0.010717155492817931,0,-0.04928081620084812,2,0.4226163572404895,0.2408095787894934,0.336574063970017,0.4226163572404895
2025-04-03,545.1099853515625,547.969970703125,536.7000122070312,536.7000122070312,125986000,450.6600036621094,91.8499984741211,286.4200134277344,30.020000457763672,4.054999828338623,102.06999969482422,-0.04928081620084812,-0.053572695152824146,-0.06287651408926154,-0.04609897720603462,-0.08235043413146081,-0.03800337357773875,31.559955174993362,-0.014884884307271121,-0.0014725692303083529,0.3850708525111497,0.25653898228938476,0.019343094788266468,0.6062065061507145,-0.31400012969970703,-0.01921783420644585,0.015781863984701383,1.9879850679012052,0.056008937721056196,2,-0.058542971330535654,0,0.43913393261941186,0.43913393261941186,0.2955059259243752,0.265360141456213
2025-04-04,523.6699829101562,525.8699951171875,505.05999755859375,505.2799987792969,217965100,422.6700134277344,92.8499984741211,279.7200012207031,45.310001373291016,3.984999895095825,103.0199966430664,-0.058542971330535654,-0.09066691286062845,-0.1226559005192206,-0.09626993901765313,-0.13297495779133517,-0.040615024727388316,23.243619117877714,-0.023373721442843155,-0.007301906725330546,0.5179145838802935,0.32065790795827986,0.023978235207252032,1.092840746958263,-0.2700002193450928,-0.009803962547915601,-0.015278449535983452,2.041541834175938,0.11524305558701253,2,-0.0017811785518102585,0,0.6912732857398687,0.6912732857398687,0.13806209861050933,0.170664615649622
2025-04-07,489.1900024414063,523.1699829101562,481.7999877929688,504.3800048828125,256611400,423.6900024414063,90.05000305175781,273.7099914550781,46.97999954223633,4.15500020980835,103.26000213623048,-0.0017811785518102585,-0.09833927729331637,-0.10025332779213947,-0.09332278306914643,-0.1314314689345989,-0.042031149734248596,23.05620540413001,-0.029227120475418752,-0.010501302324694142,0.4949787066639179,0.31179020645755656,0.028734016229965402,1.1086175087236798,-0.09099960327148438,-0.009116178453011048,-0.05007990025601128,1.6918729190313044,0.10789480626378145,2,-0.0156627816725603,0,0.5716742552664836,0.5716742552664836,0.19230802787945434,0.2360177168540621
2025-04-08,521.8599853515625,524.97998046875,489.1600036621094,496.4800109863281,165816600,416.05999755859375,88.3499984741211,275.20001220703125,52.33000183105469,4.26200008392334,102.95999908447266,-0.0156627816725603,-0.11496151859245618,-0.10692181204328899,-0.10273021858424813,-0.14199521000354953,-0.04376051911315615,21.42331804639109,-0.0352489165529012,-0.012980106427471445,0.45700315854899304,0.3138853541654929,0.03291602373816105,1.4037666849195052,0.10599994659423828,-0.012468856945343165,-0.04301559551459422,2.036400193372594,0.13025703350928097,2,0.10501930183911301,0,0.47425141964174994,0.47425141964174994,0.1522730164102675,0.3734755639479826
2025-04-09,493.4400024414063,548.6199951171875,493.0499877929688,548.6199951171875,241867300,466.0,88.87000274658203,285.3800048828125,33.619998931884766,4.400000095367432,102.9000015258789,0.10501930183911301,-0.028165563423711903,-0.018340580259369132,-0.007580371577134759,-0.05005275147930455,-0.042796795514480235,47.733370387885444,-0.027893791331402316,-0.006193099203248356,1.0364554660849623,0.5022418781763758,0.03598510127045191,0.5629938900113365,0.20399999618530273,-0.008765976824161137,-0.009647413742250754,2.1818574087838503,0.02996610146863965,2,-0.04381899719533322,1,0.49023304545143614,0.34869800181066085,0.49023304545143614,0.16106895273790292
2025-04-10,532.1699829101562,533.5,509.3200073242188,524.5800170898438,162331200,446.1799926757813,86.41999816894531,292.3500061035156,40.720001220703125,4.394000053405762,100.87000274658205,-0.04381899719533322,-0.02258243868366494,-0.048674271249044665,-0.048757977080903014,-0.08924266019869576,-0.04255981353047933,40.928743816467495,-0.029213641124591037,-0.005214775461675991,1.022064511774701,0.5237999168063382,0.04196963856526314,0.35642906728111834,0.33900022506713867,-0.011756607738120928,0.020703834919962416,0.28848602225644115,0.07579398465499576,2,0.017842817199724692,2,0.7518842185471978,0.18566996125989926,0.062445820192902866,0.7518842185471978
2025-04-11,523.010009765625,536.4299926757812,520.0700073242188,533.9400024414062,97866300,454.3999938964844,86.88999938964844,297.92999267578125,37.560001373291016,4.493000030517578,99.77999877929688,0.017842817199724692,0.05672103335051637,-0.05129616609943366,-0.029244131600595136,-0.07069789880068278,-0.042702566679753584,44.26048435375831,-0.027008024246182042,-0.0027438875738569537,0.8964926593046237,0.5222801177139703,0.041928201134777236,-0.17104391448040013,0.5080001354217529,-0.03145018413265099,0.06510078426858779,-0.5510001371779243,0.09186423112838682,2,0.009701450822369617,2,0.9025732733227736,0.08943696861491113,0.007989758062315257,0.9025732733227736
2025-04-14,544.0499877929688,544.280029296875,533.8599853515625,539.1199951171875,68034000,457.4800109863281,87.51000213623047,296.2300109863281,30.88999938964844,4.363999843597412,99.63999938964844,0.009701450822369617,0.06887662059967359,-0.04942260088207451,-0.017322461471539485,-0.05962992548276769,-0.04305325231569124,46.07323470153521,-0.024363160703134223,-0.00026572768493096264,0.8887873004677717,0.5228248355742291,0.04254553579090634,-0.3424861709102941,0.2089996337890625,-0.03505716319670604,0.0822769362986373,-0.7348753796596722,0.08851467608414043,2,-0.0028008788011967267,2,0.9243144562395014,0.0668758952819221,0.008809648478576647,0.9243144562395014
2025-04-15,539.6699829101562,543.22998046875,536.8099975585938,537.6099853515625,56892900,457.989990234375,87.81999969482422,297.7799987792969,30.1200008392334,4.322999954223633,100.22000122070312,-0.0028008788011967267,0.08284316277612835,-0.04172762711613631,-0.017979657660932014,-0.06029161725647225,-0.04308664268069806,45.607597897971885,-0.022503103273677178,0.0013296106458289228,0.8655692331073422,0.5218128409860567,0.04230364332179093,-0.4244219418054941,0.06099987030029297,-0.02661225610075546,0.08204936617255254,-0.6568926150940255,0.09296710043661571,2,-0.02222803246337901,2,0.9416288910301989,0.051504194510727234,0.006866914459074044,0.9416288910301989
2025-04-16,531.6799926757812,537.8900146484375,520.2899780273438,525.6599731445312,83484800,444.1799926757813,88.30999755859375,307.4700012207031,32.63999938964844,4.27899980545044,99.37999725341795,-0.02222803246337901,-0.041850501580336874,-0.07312261982479717,-0.03615744293595735,-0.07872792427691522,-0.04416746389641857,41.99078636266446,-0.02302061384260752,0.0010831180051554454,0.3963322125612151,0.524510682708615,0.044847033992845946,-0.029149303193668707,-0.1210002899169913,-0.03420800991509887,0.07740555035368213,-0.6548322158472848,0.12327369809134803,2,0.001426777837987947,2,0.9790563976684162,0.018756072090454837,0.002187530241128876,0.9790563976684162
2025-04-17,527.6400146484375,531.1699829101562,523.9099731445312,526.4099731445312,79868100,444.1000061035156,87.52999877929688,306.1199951171875,29.649999618530277,4.333000183105469,99.37999725341795,0.001426777837987947,0.003488421203764691,-0.0691082384564341,-0.03131161001546878,-0.07489033214289631,-0.0449873484373271,42.30005910569261,-0.022616837993194777,0.0011620417456737633,0.2398761361049221,0.5247773910894703,0.044138610883852236,-0.27185661272879746,-0.06099987030029297,-0.014771542109575098,0.04710103891291251,-0.507992918182087,0.1287780295224148,2,-0.023802680232045126,2,0.976717929366706,0.02178936561173164,0.0014927050215623814,0.976717929366706
2025-04-21,521.1599731445312,521.7000122070312,508.4599914550781,513.8800048828125,69368100,433.1099853515625,86.0,315.5899963378906,33.81999969482422,4.40500020980835,98.27999877929688,-0.023802680232045126,-0.037569759648782064,-0.08883289712570486,-0.049989779904329956,-0.09396665607982546,-0.04629095060794908,38.597692650497315,-0.0245516283495223,-0.0001543573603900765,0.2355028939875163,0.5299014369123641,0.045786123119926775,-0.09957405595640678,-0.08799982070922852,-0.015033072943985926,0.05927568253031734,-0.2911952326796865,0.15756591020035837,2,0.02601773758493775,2,0.9862957545832759,0.012963160806466768,0.0007410846102573666,0.9862957545832759
2025-04-22,520.1400146484375,529.2999877929688,519.1900024414062,527.25,75948100,444.4800109863281,86.4800033569336,311.1099853515625,30.56999969482422,4.388999938964844,98.91999816894533,0.02601773758493775,-0.02201735276876038,-0.08157402399623126,-0.021034984350518537,-0.06797745370612263,-0.047951120423297966,44.209052571108806,-0.02268981087400785,0.0008710356782580227,0.32299600365964865,0.5351294238460549,0.045459594602532495,-0.010359329917353666,0.02500009536743164,-0.007226025944535586,0.05023115084015273,0.11632566069906214,0.12441910969357517,2,0.015495463082325855,2,0.9733199683655764,0.02390918260226848,0.002770849032155125,0.9733199683655764
2025-04-23,540.4299926757812,545.4299926757812,533.8800048828125,535.4199829101562,90590700,454.55999755859375,87.31999969482422,303.6499938964844,28.450000762939453,4.38700008392334,99.83999633789062,0.015495463082325855,-0.0040735895929725485,-0.06957918453699741,-0.0021562906974766927,-0.05120639062530341,-0.049156094757677016,47.37394417054086,-0.019915617713904245,0.002628570774062525,0.35299014751094554,0.5391189044140032,0.04550900171443467,-0.055444888106332746,0.06400012969970703,-0.00379170702638143,0.019712523142086935,0.5923023786799406,0.08860334682235171,2,0.02104893334386637,2,0.9382318898530133,0.05191252666826356,0.009855583478723211,0.9382318898530133
2025-04-24,536.719970703125,547.4299926757812,535.4500122070312,546.6900024414062,64150400,467.3500061035156,88.23999786376953,308.07000732421875,26.46999931335449,4.304999828338623,99.29000091552734,0.02104893334386637,0.04000690631069359,-0.038516370987332404,0.020930684522145304,-0.029218443162818186,-0.049120991704188155,51.464156804894245,-0.015775235177945497,0.005043363722203963,0.31805580575906006,0.5446051543455284,0.042505155163856986,-0.1890318686173359,0.026000022888182706,-0.0009055779872998437,0.0019514297366687305,-0.23159185863774,0.06658256827728226,2,0.00722532365580375,2,0.87258996160819,0.10129314895417485,0.026116889437635057,0.87258996160819
2025-04-25,546.6500244140625,551.0499877929688,543.6900024414062,550.6400146484375,61119600,472.55999755859375,88.88999938964844,304.7300109863281,24.84000015258789,4.265999794006348,99.47000122070312,0.00722532365580375,0.04602884204333568,-0.028990622039149816,0.029888185319292493,-0.020370028348190017,-0.04879967979426936,52.84743285718639,-0.012010079484236458,0.006927341876474045,0.31308845771988186,0.545435329095442,0.039050659235345314,-0.16222595372096715,-0.0670003890991211,0.0009056547572210416,-0.004540651225109493,-0.2347432829878262,0.05170341774253728,2,0.00038130345037501456,2,0.7526400003864623,0.18645927704884646,0.06090072256469127,0.7526400003864623
2025-04-28,551.3900146484375,553.5499877929688,545.02001953125,550.8499755859375,47613800,472.4100036621094,89.44999694824219,309.07000732421875,25.149999618530277,4.216000080108643,99.01000213623048,0.00038130345037501456,0.07194280834405253,-0.008656368626614452,0.030744533043012723,-0.017939035960261474,-0.04723145982598442,52.92423413088999,-0.008978124306092588,0.007961663122254445,0.16415141668778344,0.540689024516435,0.03477741711623431,-0.2563571896667045,-0.18900012969970703,0.00742779167684926,-0.020659682148768677,-0.3136066866470323,0.07315975422392995,2,0.006299413437552026,2,0.6444164448196213,0.28811576262298716,0.0674677925573915,0.6444164448196213
2025-04-29,548.9099731445312,555.4500122070312,548.5499877929688,554.3200073242188,47775100,475.5299987792969,90.1999969482422,306.0599975585937,24.170000076293945,4.172999858856201,99.23999786376952,0.006299413437552026,0.05134188207533197,-0.009063456964645944,0.03772986320935989,-0.009797333371293071,-0.045799199064838425,54.250495447959956,-0.00596384654205835,0.008695918534922962,0.12948942150895484,0.5406240070686038,0.030833143776892034,-0.20935556697482893,-0.21600008010864258,0.0032349342978925666,-0.016232162356544677,-0.3709506886939897,0.060271995784178856,2,0.000396829809890642,2,0.4842141092496396,0.40705245637973686,0.10873343437062358,0.4842141092496396
2025-04-30,547.5700073242188,556.52001953125,541.52001953125,554.5399780273438,93101500,475.4700012207031,89.47000122070312,303.7699890136719,24.700000762939453,4.177000045776367,99.47000122070312,0.000396829809890642,0.035710275535972835,-0.011462276078204048,0.03876687019645808,-0.007384777839512968,-0.044429264505944976,54.33831671635625,-0.0035452396390832862,0.008886968250979286,0.1340663909065509,0.5405295026952291,0.02559521654094341,-0.13181018978688241,-0.21000003814697266,-0.003705880716735166,0.00039517576024850065,0.02771586928901093,0.06403507623011095,2,0.007086942026725218,0,0.564843803204746,0.564843803204746,0.1330858710929417,0.3020703257023122
2025-05-01,560.3699951171875,564.0700073242188,557.8599853515625,558.469970703125,63186100,481.6799926757813,88.69000244140625,297.4599914550781,24.600000381469727,4.230999946594238,100.25,0.007086942026725218,0.021547802610458966,-0.010717155492817931,0.04672167455663656,0.0016025997138064962,-0.04310513094318158,55.96471065032835,-0.001039067656011367,0.009044523126392845,0.056633689204959946,0.5406546643075022,0.021607509524931567,-0.07064597583655097,-0.07399988174438477,0.00966863808662266,-0.034440275316949154,-0.01503186262283629,0.05536563390576488,2,0.014844198430334021,0,0.6811267527225913,0.6811267527225913,0.191430354661444,0.12744289261596475
2025-05-02,564.72998046875,568.3800048828125,562.3800048828125,566.760009765625,60717300,488.8299865722656,87.7300033569336,297.9800109863281,22.68000030517578,4.322000026702881,100.0,0.014844198430334021,0.029275015778647218,0.056008937721056196,0.059275415970373224,0.018063478544841693,-0.03890578106901332,59.26105887778851,0.0020701748894997947,0.009605017816602845,0.09466973560384515,0.5101863987540566,0.02047856978858586,-0.08695651506214164,0.0560002326965332,0.005328227332790814,-0.02215075560871771,-0.0065821765849253255,0.045786597077945634,2,-0.005734349537724115,0,0.5062409676054135,0.5062409676054135,0.2620971696530921,0.23166186274149445
2025-05-05,562.5700073242188,566.6500244140625,561.7000122070312,563.510009765625,38659200,485.9299926757813,87.23999786376953,306.8800048828125,23.63999938964844,4.3429999351501465,99.83000183105467,-0.005734349537724115,0.02298272622454256,0.11524305558701253,0.047501079185708894,0.013552057531596606,-0.032409533821676995,57.44554306074529,0.00403639684408394,0.009291757111746426,0.1225733088787457,0.457085667529345,0.01991725748019785,-0.06003977144275108,0.1269998550415039,0.008281988457044198,-0.00708578118066594,-0.18806732501921708,0.05781621714828877,2,-0.008358364343191038,2,0.5818830075335152,0.24144663441248,0.17667035805400477,0.5818830075335152
2025-05-06,557.9299926757812,563.3499755859375,556.9600219726562,558.7999877929688,48264700,481.4100036621094,87.52999877929688,315.4800109863281,24.76000022888184,4.308000087738037,99.23999786376952,-0.008358364343191038,0.008081938969469071,0.10789480626378145,0.03351811968289553,0.00647107839458072,-0.026169876244272583,54.82418083683184,0.00489568676695863,0.008156274797168107,0.15058072718961468,0.45913332046984395,0.02010175423337784,0.024410432384175618,0.13500022888183594,0.0,0.030778322887266674,0.010248016226025669,0.06644596580873396,2,0.0042055058561747405,2,0.7830365713781421,0.1554008802365571,0.06156254838530084,0.7830365713781421
2025-05-07,560.1500244140625,563.8200073242188,556.0399780273438,561.1500244140625,55588000,483.2999877929688,87.9000015258789,310.75,23.549999237060547,4.275000095367432,99.61000061035156,0.0042055058561747405,0.011919873496285316,0.13025703350928097,0.03169457700582612,0.011909981137751435,-0.01917679544802231,55.90534836422713,0.005797573083759479,0.007235604894462814,0.15101551479757125,0.4523425074120693,0.018767585257861076,-0.0465587647917971,0.09800004959106445,0.0014074533822294732,0.022977947917079966,-0.4029312094864207,0.056847477485571396,2,0.0069677857514378605,2,0.7717997730331458,0.16077191255831028,0.067428314408544,0.7717997730331458
2025-05-08,565.239990234375,570.3099975585938,561.7000122070312,565.0599975585938,65130800,488.2900085449219,86.91999816894531,304.6300048828125,22.479999542236328,4.373000144958496,100.63999938964844,0.0069677857514378605,0.011800145399352147,0.02996610146863965,0.0373155327786443,0.020045277993038013,-0.016648988894772065,57.71844813797447,0.006961501774158612,0.006711666416560319,0.15078516146987478,0.263705159302279,0.018877893748720887,-0.08617889456742922,0.1420001983642578,0.0038902682259196464,0.024104127054737745,0.030777338686831524,0.06031220974248819,2,-0.0012741491279434358,2,0.7137093090021078,0.15458653938913353,0.13170415160875876,0.7137093090021078
2025-05-09,566.47998046875,567.5,562.760009765625,564.3400268554688,37603400,487.9700012207031,87.05000305175781,306.8399963378906,21.899999618530277,4.375,100.33999633789062,-0.0012741491279434358,-0.0042698547329707015,0.07579398465499576,0.0322267315277891,0.019507886140814223,-0.012321755481133345,57.251628235188846,0.007733721232027265,0.005986853712649439,0.10259881985091365,0.2026773696845324,0.017229987799242213,-0.03439156420414602,0.05299997329711914,0.0033999633789063566,0.029733488908318062,-0.3806806297381471,0.06262176017750964,2,0.03304738719814848,2,0.8127755544957345,0.06806837792817304,0.11915606757609265,0.8127755544957345
2025-05-12,581.469970703125,583.0,577.0399780273438,582.989990234375,78993600,507.8500061035156,86.23999786376953,298.19000244140625,18.38999938964844,4.456999778747559,101.79000091552734,0.03304738719814848,0.03456900521936079,0.09186423112838682,0.0615770699589393,0.05362594502778606,-0.007489917742346197,65.12109642988469,0.010531853189686847,0.007072694642094557,0.24981346308302882,0.22289034416257433,0.017075764280662084,-0.22208122400793662,0.11399984359741211,0.019633367209485053,-0.02831726506497112,1.0433325055872857,0.03446032897990592,2,0.006603949785734642,1,0.5391555051536508,0.1542369883790039,0.5391555051536508,0.30660750646734525
2025-05-13,583.4099731445312,589.0800170898438,582.8400268554688,586.8400268554688,67947200,515.5900268554688,85.88999938964844,299.4599914550781,18.21999931335449,4.499000072479248,101.0,0.006603949785734642,0.05017902590378842,0.08851467608414043,0.06396504814540194,0.06046636084161361,-0.0032883479677146,66.49242148587663,0.013237327317131148,0.007840690405825258,0.21187439350372317,0.22220125623292106,0.015510432004369936,-0.26413573728075435,0.19099998474121094,0.017734806268804082,-0.05077982431015016,0.4078032185013063,0.024742617803181766,1,0.0012780314322096142,1,0.5826280556603096,0.22043412189135703,0.5826280556603096,0.19693782244833338
2025-05-14,587.8099975585938,588.97998046875,585.5399780273438,587.5900268554688,66283500,518.6799926757812,85.31999969482422,293.1600036621094,18.6200008392334,4.527999877929688,101.04000091552734,0.0012780314322096142,0.04711752880883169,0.09296710043661571,0.06051983276436457,0.06141005464290883,0.0008394203022339397,66.76653741022314,0.015342625585004132,0.007962301553500696,0.21777717330024962,0.22093015451818349,0.014448847947807913,-0.20934176465147514,0.25299978256225675,0.01435599133032417,-0.05660497614767701,0.19240663452543716,0.027502122918955152,2,0.004884349607746863,1,0.5484093379930749,0.2660918850556482,0.5484093379930749,0.18549877695127692
2025-05-15,585.5599975585938,590.969970703125,585.0999755859375,590.4600219726562,71268100,519.25,86.06999969482422,297.8399963378906,17.829999923706055,4.454999923706055,100.87999725341795,0.004884349607746863,0.044951022057491574,0.12327369809134803,0.05950405445432616,0.06630928006208747,0.0064230293212668155,67.85039311246962,0.017136403306671988,0.007833561713865768,0.2196915185814262,0.1970182977972588,0.01419837206216028,-0.20685052105066404,0.0819997787475586,0.0023847164668624465,-0.022289362295529358,0.09423037948251833,0.011076072526459146,1,0.00633402786844095,1,0.4740586023045037,0.19471025754508717,0.4740586023045037,0.33123114015040916
2025-05-16,591.25,594.5,589.280029296875,594.2000122070312,76052100,521.510009765625,86.30000305175781,294.239990234375,17.239999771118164,4.440999984741211,101.08999633789062,0.00633402786844095,0.05291133701421802,0.1287780295224148,0.05976944121401928,0.0722310752331412,0.011758816148582651,69.2574441120345,0.018791180097440373,0.007637513666035517,0.2035212541846986,0.19630864399070042,0.013711111604484565,-0.21278538486681708,0.06599998474121094,0.007474586679018902,-0.04106376695963898,1.0224793502715182,0.014271255965231155,1,0.0010938461217664397,1,0.5131817757756443,0.2436057587025568,0.5131817757756443,0.243212465521799
2025-05-19,588.0999755859375,595.5399780273438,588.0999755859375,594.8499755859375,68168500,522.010009765625,86.05000305175781,298.0299987792969,18.13999938964844,4.474999904632568,100.43000030517578,0.0010938461217664397,0.020343377331049073,0.15756591020035837,0.05332305137012838,0.0726711018533912,0.018368581659819805,69.50721074955365,0.020023374155454424,0.007105515830437077,0.04263835998220021,0.16299575515278428,0.01376096978702842,-0.013594345203770009,0.018000125885009766,-0.013360846823060601,-0.0005365829196128935,-0.1370376840655445,0.0045054279581966394,1,-0.0033621922872737464,2,0.586503473931401,0.1352810009381022,0.2782155251304967,0.586503473931401
2025-05-20,593.0900268554688,594.0499877929688,589.5999755859375,592.8499755859375,60614500,520.27001953125,85.43000030517578,303.5799865722656,18.09000015258789,4.480999946594238,100.12000274658205,-0.0033621922872737464,0.010241204511342694,0.12441910969357517,0.04371963612692098,0.06782181804081411,0.023092582605164447,67.68494248652254,0.02057764517072186,0.006092966401298063,0.06002386708070201,0.1514200895929733,0.012632679900209401,-0.007134970673204899,-0.018000125885009766,-0.00871284409324713,0.013758081996758209,-0.10791761838604097,0.00774230757272476,1,-0.016850789652983478,2,0.6288028284890786,0.14903775332646102,0.22215941818446028,0.6288028284890786
2025-05-21,588.4400024414062,592.5800170898438,581.8200073242188,582.8599853515625,95197700,513.0399780273438,83.97000122070312,305.82000732421875,20.8700008392334,4.5960001945495605,99.55999755859376,-0.016850789652983478,-0.008049900930448772,0.08860334682235171,0.021864894459912243,0.0488103394100019,0.026368891911421555,59.31931825590516,0.019712423947254247,0.003983586797871198,0.1480552832878596,0.16702671376527162,0.013033014203798923,0.12083780336137906,0.06800031661987216,-0.014647697382454639,0.04318462103957765,0.4362201754584474,0.01959311709899647,1,0.00039467712604679406,2,0.7765067434561058,0.13649491890917587,0.08699833763471833,0.7765067434561058
2025-05-22,582.6599731445312,586.6199951171875,581.4099731445312,583.0900268554688,70860400,514.0,84.41000366210938,303.1099853515625,20.280000686645508,4.552999973297119,99.95999908447266,0.00039467712604679406,-0.012481785121650102,0.06658256827728226,0.01901671264306337,0.04831053090008064,0.02874714211608631,59.4436240141861,0.018557734759080163,0.0022680823782595225,0.13885001816075362,0.15524131525801682,0.012452120557478815,0.13740890484705104,0.09800004959106445,-0.009119728330624355,0.017694027257820766,-0.005720652016821037,0.029257913483096587,2,-0.006825775301577575,2,0.6251448086354957,0.2295991263092442,0.14525606505526004,0.6251448086354957
2025-05-23,575.97998046875,581.8099975585938,575.5999755859375,579.1099853515625,76029000,509.239990234375,84.55000305175781,309.75,22.290000915527344,4.508999824523926,99.11000061035156,-0.006825775301577575,-0.02539553440838882,0.05170341774253728,0.009549649622312417,0.040119402392127856,0.030280583804127126,56.24158469841223,0.017019336531343923,0.0004941843783871415,0.1157408494217628,0.15847545735782428,0.012837427713876602,0.2929235041446665,0.06799983978271484,-0.019586465518516616,0.05271210671693738,-0.00030373914724246553,0.047780291559840204,2,0.02079059136787431,2,0.7456289399245737,0.17762531704002113,0.07674574303540532,0.7456289399245737
2025-05-27,586.0700073242188,591.3099975585938,578.4299926757812,591.1500244140625,72588500,521.219970703125,85.7300033569336,304.5,18.959999084472656,4.434000015258789,99.5199966430664,0.02079059136787431,-0.006219973646683696,0.07315975422392995,0.02693147216047076,0.060664332085678785,0.032848209291161945,62.77424242952374,0.016828788789256626,0.0005121654629342265,0.2198771848007617,0.17081451052759092,0.013340820988712114,0.04520395382659981,-0.0409998893737793,-0.0090610739753475,0.021709228088459653,0.06483933194950753,0.02701508930656682,2,-0.005785407771406903,2,0.5051719081506444,0.2500579955514813,0.24477009629787433,0.5051719081506444
2025-05-28,591.5599975585938,592.77001953125,586.989990234375,587.72998046875,68445500,518.9099731445312,85.36000061035156,303.8099975585937,19.309999465942383,4.477000236511231,99.87999725341795,-0.005785407771406903,-0.008636240748980728,0.060271995784178856,0.018035965659572994,0.053749754710789466,0.03508106811145706,60.032641456174275,0.01639262255185519,-1.5158723695836134e-05,0.22206089761591602,0.17363623936278402,0.013175386261813117,0.06744053637721859,-0.003999710083006924,-0.0023971782518981133,0.000757661889787764,0.12919350980375977,0.041073308237882244,2,0.003947403401760141,2,0.4176537411955397,0.3144694287322333,0.2678768300722269,0.4176537411955397
2025-05-29,593.0599975585938,593.2000122070312,586.0700073242188,590.0499877929688,69973300,519.9299926757812,86.1500015258789,305.6099853515625,19.18000030517578,4.423999786376953,99.27999877929688,0.003947403401760141,0.012335728343179087,0.06403507623011095,0.018920942628815718,0.05680922847955361,0.0371847159731411,61.26839154681422,0.016038942572355195,-0.00024346018581439033,0.1768941414912738,0.1733910276620066,0.012877844139554269,-0.08097750196926656,-0.17200040817260742,-0.002812362255554479,-0.0006867502701796147,-0.2649685864259326,0.04213199875581575,2,-0.0011185037847383228,2,0.39592422946276584,0.3406649832673764,0.2634107872698578,0.39592422946276584
2025-05-30,588.9299926757812,591.1300048828125,583.239990234375,589.3900146484375,90601200,519.1099853515625,86.27999877929688,303.6000061035156,18.56999969482422,4.415999889373779,99.33000183105467,-0.0011185037847383228,0.010804485590233393,0.05536563390576488,0.01507134392241083,0.054786122261879955,0.03912511034545041,60.69349599351555,0.015557736960716209,-0.0005943184955873736,0.17835122918425697,0.1733753531808669,0.013274017758634753,-0.08431957267868018,-0.13700008392333984,-0.00630249358931656,0.0016166433823840975,0.2785871939757607,0.048287144726189446,2,0.005632954820585345,2,0.4010759624558761,0.3718446168295781,0.22707942071454584,0.4010759624558761
2025-06-02,587.760009765625,592.7899780273438,585.0599975585938,592.7100219726562,61630500,523.2100219726562,85.16000366210938,311.6700134277344,18.36000061035156,4.461999893188477,98.6999969482422,0.005632954820585345,0.023484375965020732,0.045786597077945634,0.018513217079160205,0.059695253337126886,0.040433482420646705,62.59492644517518,0.015352230972555364,-0.000567480257575204,0.15956495971245074,0.16785109219651315,0.011882471187528639,-0.17631225409408235,-0.04699993133544922,-0.004136854601800244,0.006198590565728468,-0.18938168330505467,0.04207791587258969,2,0.005702628195088044,0,0.407994816565294,0.407994816565294,0.2091760690500148,0.38282911438469125
2025-06-03,592.3400268554688,597.0800170898438,591.8499755859375,596.0900268554688,63606200,527.2999877929688,85.01000213623047,308.9100036621094,17.690000534057617,4.460000038146973,99.25,0.005702628195088044,0.008356596866087695,0.05781621714828877,0.02146206509063564,0.06451604626373952,0.04214936867898622,64.47886127511626,0.0154513411763563,-0.0003024805060815991,0.07957561478843855,0.16548901600535085,0.011694073461333434,-0.06698304914239728,0.026000022888183594,-0.0027129888683051773,0.014482770647321397,-0.12374274161885146,0.04086628571873252,2,-0.0002684731709600152,2,0.4791184139108892,0.32975888467998404,0.1911227014091266,0.4791184139108892
2025-06-04,596.9600219726562,597.9500122070312,595.489990234375,595.9299926757812,57314200,528.77001953125,86.38999938964844,310.8999938964844,17.610000610351562,4.364999771118164,98.79000091552734,-0.0002684731709600152,0.013952005988347338,0.06644596580873396,0.017949421679488653,0.06340036688463169,0.044649512281420334,64.31369592814768,0.015403829666045522,-0.000283378104528501,0.051766143837028496,0.16063211062248853,0.011579752728538584,-0.08803722954985882,-0.1120004653930673,-0.010913059349862086,0.02333694215090243,-0.16263012177571934,0.04935149185499754,2,-0.004832790626766448,2,0.5084229270412121,0.32042715261415783,0.1711499203446301,0.5084229270412121
2025-06-05,597.6300048828125,599.0,591.0499877929688,593.0499877929688,92278700,524.7899780273438,86.44999694824219,309.3299865722656,18.479999542236328,4.394000053405762,98.73999786376952,-0.004832790626766448,0.005084314993753836,0.056847477485571396,0.010277357134926834,0.057597253852591956,0.046838520514664195,61.271913292708035,0.014874174398760374,-0.0007113716240599993,0.0726138706033901,0.1631185557178543,0.01188650999591756,-0.036496389562129194,-0.029999732971191406,-0.005439171254703612,0.012172381136119625,0.318770159475114,0.04658967279577464,2,0.010268994150278488,2,0.503748187550288,0.33832264841809934,0.15792916403161264,0.503748187550288
2025-06-06,598.6599731445312,600.8300170898438,596.8599853515625,599.1400146484375,66588700,529.9199829101562,85.3499984741211,305.17999267578125,16.770000457763672,4.510000228881836,99.19000244140624,0.010268994150278488,0.01654252660832012,0.06031220974248819,0.017697702827856432,0.0672947815582523,0.04873458846628176,65.03754072334868,0.014897287023137449,-0.0004238703549147504,0.0934638063487809,0.16464620206160524,0.012070894547660256,-0.09693049362635353,0.09400033950805664,-0.0014094370992416838,0.005204171740783581,-0.2650351209476254,0.03538406998149002,2,0.0009012551559597348,2,0.4841196955276726,0.34368155873226053,0.1721987457400669,0.4841196955276726
2025-06-09,599.719970703125,601.25,598.489990234375,599.6799926757812,53016400,530.7000122070312,85.44000244140625,306.6199951171875,17.15999984741211,4.48199987411499,98.94000244140624,0.0009012551559597348,0.011759495275493359,0.06262176017750964,0.015566766946382149,0.0670173911086025,0.05066198091231633,65.35915942350498,0.014922525437492824,-0.0003078688816381782,0.09205101207235332,0.16408027591773447,0.011502586094625693,-0.06535951650583693,0.019999980926513672,0.002431666672592536,-0.01620309331336367,-0.13977008137204794,0.040655024647443305,2,0.005669731282665458,0,0.4100272198143971,0.4100272198143971,0.2542010381637295,0.33577174202187327
2025-06-10,600.219970703125,603.469970703125,599.0900268554688,603.0800170898438,66247000,534.2100219726562,85.87999725341797,306.7099914550781,16.950000762939453,4.473999977111816,99.0500030517578,0.005669731282665458,0.011726400240663404,0.03446032897990592,0.019590294232598948,0.07125934241410437,0.050676284850665665,67.39310529394655,0.015149146197196732,3.693829909528187e-06,0.09197589142784252,0.1208796942344949,0.01133468807329886,-0.041831529043398374,0.01399993896484375,-0.002015082601936502,-0.007121854847529141,0.041517965229804554,0.03770642301183602,2,-0.0028520788113346462,0,0.41285192056350056,0.41285192056350056,0.2927307310870043,0.29441734834949523
2025-06-11,604.1900024414062,605.0599975585938,599.27001953125,601.3599853515625,73658200,532.4099731445312,86.13999938964844,308.3699951171875,17.260000228881836,4.412000179290772,98.62999725341795,-0.0028520788113346462,0.00911179625546299,0.024742617803181766,0.015435996174734568,0.06661366617551723,0.05039970041792374,65.30414201656227,0.015035337536382686,-0.00012274752442419367,0.09822247075327087,0.12047498977413429,0.010744710352543022,-0.019875091955646407,0.04700040817260831,-0.001619634179841789,-0.00813766107740499,0.2851649329485537,0.03701611398804916,2,0.003974349319302073,0,0.4511143109243234,0.4511143109243234,0.2754845523275654,0.2734011367481111
2025-06-12,600.010009765625,603.75,599.52001953125,603.75,64129000,533.6599731445312,87.16999816894531,312.20001220703125,18.020000457763672,4.35699987411499,97.91999816894533,0.003974349319302073,0.01804234453633713,0.027502122918955152,0.01808266326828223,0.06923014871537059,0.05023902998494534,66.84212257197683,0.014998313786263134,-7.981298440506494e-05,0.07849926792585167,0.12086282653468045,0.010586229226745045,-0.024891725966838973,-0.037000179290771484,-0.008304635533368465,0.009278200495751676,-0.3050508947351881,0.034881983533902705,2,-0.011180124223602483,0,0.43900059035449024,0.43900059035449024,0.25086905994635,0.3101303496991598
2025-06-13,598.5,601.8499755859375,595.47998046875,597.0,89506000,526.9600219726562,86.33000183105469,316.2900085449219,20.81999969482422,4.423999786376953,98.18000030517578,-0.011180124223602483,-0.0035718105887039275,0.011076072526459146,0.006145577015284287,0.05606109955256833,0.04961063654959119,58.90096978220579,0.014110917468468842,-0.0009101525080268373,0.10632704862093675,0.12793851262952166,0.010799242737590482,0.24150263127664973,-0.08600044250488281,-0.010182499358512342,0.036404797613792894,0.3441619974560248,0.04211057730056522,2,0.00951422558757331,2,0.42173511575137723,0.38351229386589725,0.19475259038272544,0.42173511575137723
2025-06-16,600.4000244140625,604.4500122070312,600.219970703125,602.6799926757812,79984100,534.2899780273438,85.45999908447266,311.7799987792969,19.11000061035156,4.452000141143799,98.0,0.00951422558757331,0.005002668150748235,0.014271255965231155,0.014992978506736643,0.06362587992359714,0.047914520047626086,62.89568998318657,0.013750142391910825,-0.0009034885089159629,0.1295344128645103,0.1303109893818814,0.010053911475874268,0.11363640910716732,-0.029999732971191406,-0.009500731940682128,0.016828660049183153,0.5086671294165579,0.03574032370265101,2,-0.008545104270081039,0,0.4726336951082895,0.4726336951082895,0.2745045591081182,0.25286174578359233
2025-06-17,600.2100219726562,601.75,596.760009765625,597.530029296875,82209400,529.0800170898438,86.5,311.94000244140625,21.600000381469727,4.39300012588501,98.81999969482422,-0.008545104270081039,-0.009202738667664967,0.0045054279581966394,0.006092704399621951,0.05111454470184307,0.044749196674761293,57.443892661074166,0.012843065459544544,-0.0015494891663167603,0.1365445930028812,0.13439242591823655,0.010157293665136213,0.2743362483320546,-0.08099985122680664,-0.002322093385634605,0.017051974608052856,0.24095279786254475,0.05106010950842155,2,-0.00015066498929716676,0,0.43464568713555163,0.43464568713555163,0.2841617917902699,0.28119252107417864
2025-06-18,598.4400024414062,601.219970703125,596.469970703125,597.4400024414062,76605000,528.989990234375,86.6500015258789,310.260009765625,20.13999938964844,4.396999835968018,98.91000366210938,-0.00015066498929716676,-0.0065185296754731725,0.00774230757272476,0.005552552347774409,0.04752653979300381,0.04174221163004166,57.35030745731461,0.011882955426055006,-0.0020094143845234436,0.13660220586811017,0.13372662009610642,0.00987427625941745,0.1668597405895389,-0.015000343322754794,0.0028389578879535193,0.006129048475417509,0.040006407976301395,0.050448604923125195,2,-0.005289189092826385,0,0.4340306708964966,0.4340306708964966,0.28457933458682994,0.28138999451667346
2025-06-20,598.3800048828125,599.4600219726562,592.8599853515625,594.280029296875,94051400,526.8300170898438,86.48999786376953,310.1300048828125,20.6200008392334,4.375,98.70999908447266,-0.005289189092826385,-0.01568525168219459,0.01959311709899647,-0.0007263621959547883,0.03842462393064139,0.039179444594007906,54.023396282681816,0.0106280822379599,-0.0026705261250682044,0.12982757125180044,0.11945934664124713,0.009771733961406749,0.14428414624981611,0.018000125885009766,0.008067819958128553,-0.006630388351317684,0.46659701539085274,0.058036596442895716,2,0.00987749011881256,0,0.3788145484182241,0.3788145484182241,0.3045197638961137,0.31666568768566217
2025-06-23,595.0399780273438,600.5399780273438,591.8900146484375,600.1500244140625,87426000,531.6500244140625,86.7699966430664,311.0799865722656,19.82999992370605,4.320000171661377,98.41999816894533,0.00987749011881256,0.005276422804124881,0.029257913483096587,0.007698603642941837,0.046796543718954586,0.038799240104798516,58.80416562027689,0.010161871651330132,-0.0024053316998013997,0.13358559253534144,0.12349880360082502,0.009785652205231537,-0.04755042198027881,-0.10399961471557617,0.0024444679468684782,-0.016472293881886202,-0.02323866556431975,0.04783797345593732,2,0.011047245877038092,0,0.4122912163404883,0.4122912163404883,0.3794109098853977,0.20829787377411393
2025-06-24,604.3300170898438,607.8499755859375,603.4099731445312,606.780029296875,67735300,539.780029296875,87.4000015258789,306.19000244140625,17.479999542236328,4.293000221252441,97.86000061035156,0.011047245877038092,0.006803007683879425,0.047780291559840204,0.016469630930954438,0.0553345843076507,0.03823523319737654,63.42958942650419,0.010527211100277642,-0.0015221409834401322,0.13997305744659921,0.12386743385513997,0.009969480267878373,-0.08529570989298074,-0.15899991989135742,-0.0014285652004942806,-0.017929297452617177,-0.15314043666178656,0.0452058264138433,2,0.0005602785258216336,1,0.47785269487606424,0.35573135830386443,0.47785269487606424,0.16641594682007135
2025-06-25,607.9099731445312,608.6099853515625,605.5399780273438,607.1199951171875,62114800,541.1599731445312,87.51000213623047,307.1199951171875,16.760000228881836,4.293000221252441,97.68000030517578,0.0005602785258216336,0.01604934538871161,0.02701508930656682,0.015680528374012903,0.053244780722901286,0.03698431869027208,63.654935380131924,0.010819102873966369,-0.0009788015974778659,0.11124314142966886,0.10301543233786932,0.010035663394838886,-0.22407407718103767,-0.09999990463256836,-0.011536120149453377,-0.015451712786096139,-0.2444319019479524,0.044966378990201505,2,0.007823824018649228,0,0.42477879683775643,0.42477879683775643,0.3960884288621502,0.17913277430009336
2025-06-26,608.989990234375,612.3099975585938,608.3699951171875,611.8699951171875,78548400,546.219970703125,87.94999694824219,306.7799987792969,16.59000015258789,4.252999782562256,97.1500015258789,0.007823824018649228,0.02415304066820756,0.041073308237882244,0.021564240340886887,0.058812564720507554,0.0364620480129485,66.73883622408789,0.011463550786130886,-0.00019421242126086978,0.11047317302435974,0.10182631572520172,0.009635557232146437,-0.176266104500737,-0.14400005340576172,-0.01779397503859048,-0.011216434206125947,0.025369101233601032,0.04123421751366951,2,0.004968339764334306,1,0.4279697046349839,0.42589968032216746,0.4279697046349839,0.14613061504284874
2025-06-27,612.8800048828125,616.3900146484375,610.8300170898438,614.9099731445312,86258400,548.0900268554688,87.38999938964844,301.2200012207031,16.31999969482422,4.2829999923706055,97.4000015258789,0.004968339764334306,0.034714179899440145,0.04213199875581575,0.024513562657484167,0.061234006471743374,0.03584183280015352,68.57651990823766,0.012239151741846711,0.0005112175365733717,0.06680131561901831,0.1021447267322013,0.00933004002464735,-0.20853544953439695,-0.09200000762939453,-0.013271173850105122,-0.02872989882251531,-0.08285894734156007,0.03582643030526511,2,0.004781191670012452,0,0.4648849957030674,0.4648849957030674,0.4184149122141707,0.11670009208276186
2025-06-30,617.3800048828125,619.219970703125,615.0399780273438,617.8499755859375,92502500,551.6400146484375,88.25,304.8299865722656,16.729999542236328,4.230000019073486,96.87999725341795,0.004781191670012452,0.02949254428366599,0.048287144726189446,0.02697711378979739,0.0629256369544331,0.03500421059236358,70.28634365633246,0.013070653214282435,0.0011188205503276103,0.061893899888141736,0.10183679228464677,0.009464835001783377,-0.15632881459388126,-0.09000015258789062,-0.01564723576690019,-0.02009129571100865,0.058066250314551704,0.02817841687729561,2,-0.00032362414789344207,0,0.44680764055269345,0.44680764055269345,0.4179632864797975,0.13522907296750897
2025-07-01,616.3599853515625,618.8300170898438,615.52001953125,617.6500244140625,70030100,546.989990234375,88.13999938964844,307.54998779296875,16.829999923706055,4.250999927520752,96.81999969482422,-0.00032362414789344207,0.01791422689006983,0.04207791587258969,0.024521196071060514,0.05925630574778107,0.033903749195161925,70.00734531606017,0.013597374499611665,0.0013133381454748761,0.05367824094743653,0.10150781413503279,0.009344164351517425,-0.037185333841668666,-0.04200029373168945,-0.010627436225637332,0.004441638658083669,0.033878937570218204,0.027216055847388176,2,0.004533291803274775,0,0.41263586636220423,0.41263586636220423,0.34939910527798085,0.23796502835981492
2025-07-02,617.239990234375,620.489990234375,616.6099853515625,620.4500122070312,66510400,550.7999877929688,87.58000183105469,309.25,16.639999389648438,4.293000221252441,96.77999877929688,0.004533291803274775,0.02195614902663645,0.04086628571873252,0.027090572428902115,0.060182932008165935,0.03221951448839211,71.70134501921476,0.014149264249288607,0.001536530967794608,0.0466288262515117,0.10103846410412548,0.009082112298811052,-0.007159954510418509,0.0,-0.009213774806174135,0.006935415852685756,0.07076574342990716,0.018744467167375545,1,0.00788139987465386,0,0.4326612752103581,0.4326612752103581,0.32999157089531644,0.23734715389432548
2025-07-03,622.4500122070312,626.280029296875,622.4299926757812,625.3400268554688,51065800,556.219970703125,86.97000122070312,307.1400146484375,16.3799991607666,4.3480000495910645,97.18000030517578,0.00788139987465386,0.02201453224667671,0.04935149185499754,0.03267168956254585,0.06496867836094067,0.03127517595846574,74.41877558275146,0.01497914652535269,0.001972033525146916,0.04689954857204804,0.10271361939907828,0.009193854175066057,-0.012658287515960653,0.0950002670288086,0.00030878825348112926,0.0011735310990714787,-0.34988109242199716,-0.005788940411422638,0,-0.007452000479036269,0,0.3852705767605967,0.3852705767605967,0.35104519315128285,0.2636842300881205
2025-07-07,623.3599853515625,624.030029296875,617.8699951171875,620.6799926757812,74814500,552.030029296875,86.13999938964844,307.3699951171875,17.790000915527344,4.394999980926514,97.4800033569336,-0.007452000479036269,0.009383519186952238,0.04658967279577464,0.022643185262061882,0.05397180159675785,0.030634943630576172,67.7427343649746,0.015063112289542666,0.0015666740311018174,0.09505363862292578,0.10555201740527131,0.009170817649510363,0.09007360589408142,0.1119999885559082,0.0008213740226012956,0.020416950639271514,-0.1326699776485536,0.016900802922859004,1,-0.0005477312372305088,2,0.41056513503553427,0.32284079105050206,0.2665940739139636,0.41056513503553427
2025-07-08,621.3499755859375,622.1099853515625,619.52001953125,620.3400268554688,59024600,552.3400268554688,86.02999877929688,304.1600036621094,16.809999465942383,4.414999961853027,97.51000213623048,-0.0005477312372305088,0.004030187534068919,0.03538406998149002,0.02030112073496504,0.05076623669677449,0.0298589458961529,67.26862354423422,0.014833557390350055,0.0010637781278439093,0.0923101083356088,0.10163192428784719,0.008616237272553787,0.004781824620143427,0.18499994277954102,0.006502940758395859,-0.002197890429645799,-0.3619134617983297,0.012299615561376598,1,0.005996663994070728,0,0.3771033929550834,0.3771033929550834,0.29528978694044544,0.3276068201044711
2025-07-09,622.77001953125,624.719970703125,620.9099731445312,624.0599975585938,66113300,556.25,86.93000030517578,305.5199890136719,15.9399995803833,4.3420000076293945,97.47000122070312,0.005996663994070728,0.010378001928538882,0.040655024647443305,0.02436572731383868,0.05444465440203339,0.029363464909227144,69.76237819420692,0.014867407171451399,0.0009437667512762072,0.09810751389068786,0.10266531819261594,0.008388607011105555,-0.052881779403286644,0.09100008010864258,0.006713504729680908,-0.006600549048512372,-0.0559302357129291,0.01397306632758899,1,0.002820257303000284,0,0.3980544728878885,0.3980544728878885,0.3542239603275557,0.2477215667845558
2025-07-10,624.2000122070312,626.8699951171875,623.010009765625,625.8200073242188,57529000,555.4500122070312,86.98999786376953,306.20001220703125,15.779999732971191,4.3460001945495605,97.6500015258789,0.002820257303000284,0.008655000421525783,0.03770642301183602,0.025341075068357366,0.05474629542587639,0.028678476921017326,70.89232303003868,0.014976514880467034,0.0008736258190094272,0.09614551453003717,0.10181443615238982,0.008263432832857617,-0.05168267357102441,0.05299997329711914,0.008989489125392991,-0.009862531262631369,-0.13503752796555124,0.010274508006341332,1,-0.0035154072757080934,0,0.39862643901932054,0.39862643901932054,0.38861303858337914,0.21276052239730034
2025-07-11,622.739990234375,624.8599853515625,621.530029296875,623.6199951171875,63670200,554.2000122070312,85.79000091552734,309.1400146484375,16.399999618530273,4.422999858856201,97.8499984741211,-0.0035154072757080934,-0.002750554361489521,0.03701611398804916,0.01987680184812146,0.04858899145507012,0.028152605839175004,67.496942844878,0.014695312938446075,0.00043413726286520684,0.08349152233806262,0.10224893657088983,0.008027993730017436,0.001221029230061177,0.07499980926513672,0.006894403857185649,0.006511688170260932,0.24682664327201365,0.02174400703114987,1,0.0019082172648787754,0,0.3743825195976577,0.3743825195976577,0.31806589681380876,0.30755158358853346
2025-07-14,623.1599731445312,625.1599731445312,621.7999877929688,624.8099975585938,51898500,556.2100219726562,85.61000061035156,308.010009765625,17.200000762939453,4.427000045776367,98.08000183105467,0.0019082172648787754,0.006654000340832411,0.034881983533902705,0.02006630175319213,0.04811311254269346,0.02749508609518525,68.37914923234794,0.01439089719270712,0.00012550648684013407,0.056870173703642196,0.10193913323605008,0.007407950985769125,-0.03316470613966804,0.032000064849853516,0.006155092875039347,0.002082228775106998,-0.3063042592010907,0.01778138217213887,1,-0.004273271747553764,0,0.4179065940418306,0.4179065940418306,0.319756348090698,0.2623370578674714
2025-07-15,627.52001953125,627.8599853515625,622.0599975585938,622.1400146484375,74317300,556.719970703125,85.01000213623047,306.7300109863281,17.3799991607666,4.488999843597412,98.62000274658205,-0.004273271747553764,0.002901614783900053,0.04211057730056522,0.013627133468689268,0.04140966599712037,0.02740902607190243,64.1706455894182,0.01372810039462917,-0.0004788094547568891,0.06939970294202788,0.09287821710455155,0.007221606168427473,0.03390837078722431,0.07399988174438477,0.011383453861489867,0.008449524241437523,0.259090277613063,0.03303113014613168,2,0.0033432282214846953,2,0.3584086948253927,0.3572009402866124,0.2843903648879949,0.3584086948253927
2025-07-16,623.739990234375,624.72998046875,618.0499877929688,624.219970703125,88987500,557.2899780273438,85.12999725341797,308.260009765625,17.15999984741211,4.454999923706055,98.38999938964844,0.0033432282214846953,0.0002563425714787737,0.03574032370265101,0.015234478209515956,0.04288517747948428,0.027235776427465108,65.92981963214851,0.013226459194177767,-0.0007464895818110462,0.0579882749391993,0.08882215899714441,0.00761062844336696,0.0765370325686967,0.11299991607666016,0.009438782778530497,0.008968384559055798,0.34598484722438605,0.033113397384626486,2,0.006119649327969823,0,0.37375363282828294,0.37375363282828294,0.2865361667993205,0.33971020037239663
2025-07-17,624.4000244140625,628.4000244140625,624.1799926757812,628.0399780273438,68885700,561.7999877929688,85.11000061035156,307.5899963378906,16.520000457763672,4.4629998207092285,98.7300033569336,0.006119649327969823,0.0035472990271065985,0.05106010950842155,0.018919340218241265,0.04700970028623397,0.027568776996593325,68.94552390830452,0.013126393533734359,-0.000609252640994629,0.07113514485286743,0.08115176912388028,0.007454020135793467,0.046894850273431876,0.11699962615966797,0.011059926412479104,0.004539464648745772,0.19740826365832875,0.026925091986662153,2,-0.0007323752525193461,1,0.3420139199650637,0.34169231514882153,0.3420139199650637,0.31629376488611477
2025-07-18,629.2999877929688,629.469970703125,626.4600219726562,627.5800170898438,65621600,561.260009765625,85.23999786376953,308.3900146484375,16.40999984741211,4.432000160217285,98.4800033569336,-0.0007323752525193461,0.006350056129794446,0.050448604923125195,0.015689820968989077,0.04384906536063782,0.02772425578193194,68.16316593854712,0.01291246947960066,-0.0006665949722404008,0.06298100500241904,0.08143008645254166,0.00716924722730444,0.0006097700679539297,0.009000301361083984,0.006438476163892037,-0.002426085153851454,0.030648560865208507,0.025271654481777484,2,0.0018961764380651669,0,0.3777823505495014,0.3777823505495014,0.36634963182209745,0.2558680176284011
2025-07-21,628.77001953125,631.5399780273438,628.3400268554688,628.77001953125,63375000,564.1699829101562,86.0,313.1300048828125,16.649999618530273,4.372000217437744,97.8499984741211,0.0018961764380651669,0.006337961921431878,0.058036596442895716,0.014783518366394466,0.04348114283186044,0.0282795531717579,69.13888030403345,0.012717324738713391,-0.0006688321135875155,0.06297341278577104,0.07616603039720449,0.007115914472156624,-0.03197680930307034,-0.05499982833862305,-0.0023450586525249895,0.016622820541071004,0.22113355877337493,0.023108557676701613,1,0.00014308223598114012,0,0.35586484565130533,0.35586484565130533,0.324364057938343,0.3197710964103517
2025-07-22,629.0999755859375,629.72998046875,626.1900024414062,628.8599853515625,60046300,561.25,86.5199966430664,316.1000061035156,16.5,4.335999965667725,97.38999938964844,0.00014308223598114012,0.01080137998666153,0.04783797345593732,0.012582787607468893,0.04142512742916349,0.028483932548214907,69.21569363051407,0.012448286188054316,-0.0007487644936017672,0.04317024452267596,0.07195062223285831,0.00714101860920503,-0.050632865550022665,-0.1529998779296875,-0.012472148881340739,0.03054802197886386,-0.19202796657036791,0.01741248046003374,1,0.008507516372031176,0,0.38114743547202323,0.38114743547202323,0.28187716497595394,0.3369753995520227
2025-07-23,631.5499877929688,634.2100219726562,629.72998046875,634.2100219726562,70511000,563.8099975585938,86.04000091552734,312.17999267578125,15.369999885559082,4.388000011444092,97.20999908447266,0.008507516372031176,0.016004055843132248,0.0452058264138433,0.018947137697783223,0.047860144807337246,0.028375374972719802,73.44807505637111,0.012667955054006795,-0.0003342148954072834,0.06310066435553116,0.06835321274075895,0.007246342640101234,-0.10431235301688979,-0.06699991226196289,-0.011993091904622277,0.012716482144851327,-0.207630285152409,0.006149324740684081,1,0.0003310590028946514,0,0.43066946544170576,0.43066946544170576,0.34280088906900086,0.2265296454892934
2025-07-24,634.5999755859375,636.1500244140625,633.989990234375,634.4199829101562,71307100,565.010009765625,85.88999938964844,310.2699890136719,15.390000343322754,4.4079999923706055,97.37999725341795,0.0003310590028946514,0.010158596755021732,0.044966378990201505,0.01705400631189047,0.04642866121446887,0.028882099397158578,73.60146668463622,0.01280014107093816,-0.0001581806540992288,0.05942544107958444,0.06843191631155722,0.006830745571225124,-0.0684019420780263,-0.05499982833862305,-0.013673716779235123,0.00871287333037074,0.035150981989005015,0.0017811621847549919,1,0.004224319453948855,0,0.45419893583349746,0.45419893583349746,0.35206430820316575,0.19373675596333678
2025-07-25,635.0900268554688,637.5800170898438,634.8400268554688,637.0999755859375,56865400,566.3699951171875,86.43000030517578,307.3999938964844,14.93000030517578,4.386000156402588,97.6500015258789,0.004224319453948855,0.015169314249741106,0.04123421751366951,0.019289018819949932,0.0491096851734627,0.029256340255717328,75.54359554120782,0.013043004675777308,0.00011135421950805074,0.055181476359959854,0.06565216408953224,0.006318795596227839,-0.09018888214491538,-0.046000003814697266,-0.008428125535763886,-0.0032102879630578895,-0.13343472271325296,0.012886552012665753,1,-0.0002510958258695739,0,0.47179424361835093,0.47179424361835093,0.3830952287557453,0.14511052762590376
2025-07-28,637.47998046875,638.0399780273438,635.5399780273438,636.9400024414062,54917100,568.1400146484375,85.87000274658203,305.4100036621094,15.029999732971191,4.420000076293945,98.66000366210938,-0.0002510958258695739,0.012993594885848614,0.03582643030526511,0.01724041747463878,0.04714434729433403,0.029397111347515548,75.18800926845161,0.013110091458018714,0.0001401544822115225,0.05984607449735836,0.06516679500993378,0.006310293551450645,-0.09729729265315634,0.04799985885620117,0.008278029643531415,-0.02465430045131667,-0.13345798816568044,0.008682086602383565,1,-0.002637599568784843,0,0.4595757933104733,0.4595757933104733,0.4061987216010036,0.13422548508852303
2025-07-29,638.3499755859375,638.6699829101562,634.3400268554688,635.260009765625,60556300,567.260009765625,87.31999969482422,306.25,15.979999542236328,4.329999923706055,98.91000366210938,-0.002637599568784843,0.010177185006428058,0.02817841687729561,0.013148808597898354,0.04284624071269083,0.029312014052398583,71.38772679809006,0.012834127499446962,-0.0001360875568961868,0.06949038552851156,0.06593573200364132,0.006321360972978463,-0.0315151792584043,-0.006000041961669922,0.015607395851596095,-0.031161043699220792,0.008493445890920936,0.015584112374016357,1,-0.0012593076546151272,0,0.44276595886116055,0.44276595886116055,0.43145022701607755,0.12578381412276188
2025-07-30,635.9199829101562,637.6799926757812,631.5399780273438,634.4600219726562,80418900,568.02001953125,86.87000274658203,300.9599914550781,15.479999542236328,4.375999927520752,99.94000244140624,-0.0012593076546151272,0.00039419118484196325,0.027216055847388176,0.010518365892031811,0.04015807371440627,0.02933119161689879,69.58413528945036,0.012359601917957373,-0.0005015737794510607,0.0408804180648927,0.0663422776781362,0.006586021063904791,0.007156776675099064,-0.012000083923339844,0.028083565298270274,-0.03594080813614409,0.14051566422260353,0.01918163869855416,1,-0.003751229077306739,1,0.44943697572702057,0.3942152767417394,0.44943697572702057,0.15634774753123995
2025-07-31,639.4600219726562,639.8499755859375,630.77001953125,632.0800170898438,103385200,565.010009765625,86.91999816894531,302.9599914550781,16.719999313354492,4.360000133514404,100.02999877929688,-0.003751229077306739,-0.00368835453381966,0.018744467167375545,0.005796143642601725,0.034992758757814046,0.029028362556127618,64.37338626963484,0.011578484060834929,-0.001064894810500336,0.04881342390328085,0.06757899314256682,0.007152114027269191,0.08641968423404123,-0.04799985885620117,0.02721299651490705,-0.02356011801796154,0.4498584292447736,0.026642142394953883,2,-0.01639040328219421,1,0.41428261958079426,0.37736106015069815,0.41428261958079426,0.20835632026850764
2025-08-01,626.2999877929688,626.3400268554688,619.2899780273438,621.719970703125,140103600,553.8800048828125,87.81999969482422,309.1099853515625,20.3799991607666,4.21999979019165,98.69000244140624,-0.01639040328219421,-0.02414064585180309,-0.005788940411422638,-0.010404237024965957,0.017067216340489022,0.027760277876359485,47.64723103182751,0.009648737123379103,-0.0025642600081111247,0.10449647208088826,0.0867128400952608,0.008354699650032774,0.3650367544668751,-0.1660003662109375,0.010650290827201925,0.005562756958459758,1.4637758637062257,0.037524960093302084,2,0.01519978873502148,0,0.3816558918261829,0.3816558918261829,0.3248895958896287,0.29345451228418845
2025-08-04,625.6699829101562,631.219970703125,625.5800170898438,631.1699829101562,73218000,564.0999755859375,88.05999755859375,310.9100036621094,17.520000457763672,4.199999809265137,98.77999877929688,0.01519978873502148,-0.00905896867700784,0.016900802922859004,0.0037993882690863234,0.03089698786156303,0.02699503497327549,58.29255156154239,0.008952155367306437,-0.0024623889236787423,0.17866205012602654,0.09834834135026435,0.008648336194158496,0.16566871384103798,-0.2200002670288086,0.0012162488620865997,0.018008578416065735,0.3332459288636873,0.014417727185212392,1,-0.0050699689365404366,1,0.4015987516954044,0.3550646903569393,0.4015987516954044,0.2433365579476562
2025-08-05,631.7899780273438,632.6099853515625,627.0399780273438,627.969970703125,68051400,560.27001953125,88.33000183105469,311.1600036621094,17.850000381469727,4.196000099182129,98.77999877929688,-0.0050699689365404366,-0.011475677597255984,0.012299615561376598,-0.001895418514138325,0.02416888088996516,0.026113795976471676,54.2684368948179,0.008053956136888054,-0.002735003552273279,0.18023569550667212,0.10049145562261355,0.008566150916223715,0.11702133246567659,-0.13399982452392578,-0.0013143754726429036,0.016032665019132697,0.12377077199234421,0.025112696891529174,1,0.007659695237280717,0,0.36254841949540606,0.36254841949540606,0.3598734398828893,0.2775781406217046
2025-08-06,629.0499877929688,633.4400024414062,628.1300048828125,632.780029296875,64357500,567.3200073242188,87.81999969482422,310.5,16.770000457763672,4.21999979019165,98.18000030517578,0.007659695237280717,-0.0026479094310116746,0.01397306632758899,0.00505326929641825,0.03021018437401901,0.025030429576346602,58.86518061788462,0.007774196719055496,-0.0023462008108420533,0.1939387466174005,0.10183371312195401,0.008642136289069948,0.08333339494020309,-0.15600013732910156,-0.017610587284729418,0.03169859388551255,-0.19972170721061844,0.025822505552947073,2,-0.0008376201402309214,0,0.39819319217947835,0.39819319217947835,0.3590013715115408,0.2428054363089808
2025-08-07,636.239990234375,636.97998046875,629.1099853515625,632.25,74205800,569.239990234375,87.66999816894531,313.1199951171875,16.56999969482422,4.24399995803833,98.4000015258789,-0.0008376201402309214,0.00026892625231034195,0.010274508006341332,0.0036988853153219203,0.027971553259735105,0.02418321699818149,58.171311919128335,0.007453807797040265,-0.0021400591105238563,0.19192617561058573,0.10165769326153919,0.009198445906943738,-0.008971269419279615,-0.11600017547607422,-0.01629508420783199,0.03353579333466494,-0.2822396242402201,0.023708960433965975,1,0.007797536853746623,0,0.38019634540110514,0.38019634540110514,0.31473554375162077,0.3050681108472741
2025-08-08,634.0599975585938,637.6500244140625,633.739990234375,637.1799926757812,64051600,574.5499877929688,87.29000091552734,313.04998779296875,15.149999618530272,4.284999847412109,98.18000030517578,0.007797536853746623,0.02486653590228416,0.02174400703114987,0.010437703020454325,0.03432399633748173,0.02363955070720869,62.588583030040624,0.007674921273976768,-0.0014757727294375904,0.12659992375094817,0.10359856464166785,0.009288708323542848,-0.25662412942119084,0.06500005722045898,-0.005167718346478445,0.012746280056029624,-0.5428268795377136,0.01828372602400652,1,-0.0019774785462639555,0,0.3953383474314658,0.3953383474314658,0.2588961981727332,0.3457654543958009
2025-08-11,637.4600219726562,638.9500122070312,634.6599731445312,635.9199829101562,58742300,572.8499755859375,87.38999938964844,308.54998779296875,16.25,4.2729997634887695,98.5199966430664,-0.0019774785462639555,0.007525706431885437,0.01778138217213887,0.007552022789993895,0.030743658901889237,0.023017805123030532,60.82073948137646,0.007663285581390624,-0.001204431661655228,0.0933502021335286,0.10411160192501907,0.009391362200095702,-0.07248860870896234,0.07299995422363281,-0.002632133422185934,-0.007590672031593582,-0.197706848042831,0.022660137386692814,1,0.010646024206171889,0,0.42349758529415416,0.42349758529415416,0.3224605096309306,0.25404190507491525
2025-08-12,638.2899780273438,642.8499755859375,636.7899780273438,642.6900024414062,64730800,580.0499877929688,86.94999694824219,308.2699890136719,14.729999542236328,4.293000221252441,98.0999984741211,0.010646024206171889,0.02344066185489657,0.03303113014613168,0.01662341290246583,0.03992015783161018,0.022915806023620755,66.32454277109565,0.008315650913296732,-0.0003669238864914576,0.09013405057034525,0.10768302396067438,0.009468031042304821,-0.1747899592468527,0.0970001220703125,-0.006883987786789669,-0.009287873166294758,-0.04879546930702383,0.014812770534917252,1,0.0034231312120525104,0,0.44751338182009165,0.44751338182009165,0.3289771159769802,0.22350950220292823
2025-08-13,644.9099731445312,646.1900024414062,642.6799926757812,644.8900146484375,60092800,580.3400268554688,87.66999816894531,309.2099914550781,14.489999771118164,4.23799991607666,97.83999633789062,0.0034231312120525104,0.019137748966285617,0.033113397384626486,0.018438484537747435,0.041720868129834665,0.022860863906429163,67.90250866226798,0.009037377669926102,0.00030753845528675485,0.08617556133756148,0.10770007928741156,0.009585255750363847,-0.13595710342333245,0.018000125885009766,-0.003463067490612315,-0.004154616891857921,-0.0662657809890067,0.019755291514817808,1,9.303533506632711e-05,0,0.4099389863572569,0.4099389863572569,0.3602641400788678,0.22979687356387538
2025-08-14,642.7899780273438,645.6199951171875,642.3400268554688,644.9500122070312,59327500,579.8900146484375,87.0199966430664,307.25,14.829999923706056,4.293000221252441,98.25,9.303533506632711e-05,0.020087010212781697,0.026925091986662153,0.01717504902721645,0.040175850562105264,0.02261243190824036,67.94662008980598,0.009528604170103417,0.0006396616507405945,0.08321568633572488,0.10650226075508633,0.00959764683192104,-0.10500904062549055,0.04900026321411133,-0.0015244057271630584,-0.01874679103450616,-0.20050049996091945,0.019319266147250325,1,-0.002341281862229483,0,0.4487363379770913,0.4487363379770913,0.36613923261805253,0.18512442940485627
2025-08-15,645.989990234375,646.0900268554688,642.52001953125,643.4400024414062,68592500,577.3400268554688,86.4000015258789,307.42999267578125,15.09000015258789,4.328000068664551,97.8499984741211,-0.002341281862229483,0.009824554815879738,0.025271654481777484,0.013525969894018885,0.03615261884656973,0.02232468592286474,65.506586242634,0.009641343015130237,0.0005852321087121676,0.085146320359999,0.10707124038472425,0.009738952368855783,-0.003960360887996006,0.043000221252441406,-0.0033611919945908397,-0.01795238887185069,0.07089440388686619,0.02715089306981011,2,-0.00021760326977848798,0,0.4469090341173215,0.4469090341173215,0.3602954556812658,0.19279551020141264
2025-08-18,642.8599853515625,644.0,642.1799926757812,643.2999877929688,43804900,577.1099853515625,86.1500015258789,306.95001220703125,14.989999771118164,4.341000080108643,98.16999816894533,-0.00021760326977848798,0.011605241352912632,0.023108557676701613,0.012147165732551812,0.03425332900308353,0.02184085873967967,65.27252107916676,0.009587006117830853,0.00042313931452573716,0.08081431391919305,0.10717020579149034,0.009462380847698652,-0.07753847562349758,0.06800031661987305,-0.0035525627897563528,-0.00518546637250572,-0.25428694484213255,0.025959913763290432,2,-0.005425136484688009,0,0.43634118600033944,0.43634118600033944,0.29794552047507505,0.2657132935245855
2025-08-19,643.1199951171875,644.1099853515625,638.47998046875,639.8099975585938,69750700,569.280029296875,86.6500015258789,305.2699890136719,15.56999969482422,4.302000045776367,98.2699966430664,-0.005425136484688009,-0.004481172683365453,0.01741248046003374,0.005789722278078724,0.027298936113466565,0.02138539831831876,59.55983066735761,0.009049859063465544,-0.000131195320862683,0.05186325557542129,0.10966766344910535,0.009457057935843876,0.05702648870960947,0.008999824523925781,0.0017329069479052883,-0.009731729026230096,0.07755040876985908,0.030274605259530407,2,-0.0026570578976855552,0,0.40916875481990117,0.40916875481990117,0.3137997554961359,0.277031489683963
2025-08-20,639.4000244140625,639.6599731445312,632.9500122070312,638.1099853515625,88890300,565.9000244140625,86.83999633789062,308.3599853515625,15.6899995803833,4.296000003814697,98.22000122070312,-0.0026570578976855552,-0.010513466083935441,0.006149324740684081,0.0028098797298885536,0.0233064931439797,0.02043918177153592,56.945375066061054,0.008294994812819813,-0.0007284153240793032,0.03529840846739462,0.10649158362463297,0.009233754390569532,0.08281572313458607,0.05800008773803711,0.0038839421201546376,-0.002748960664290534,0.47921714415038075,0.03784617850911265,2,-0.004011843753210287,0,0.40500276000848967,0.40500276000848967,0.2734700074980927,0.32152723249341775
2025-08-21,636.280029296875,637.969970703125,633.8099975585938,635.5499877929688,54805800,563.280029296875,86.41000366210938,307.2900085449219,16.600000381469727,4.329999923706055,98.62000274658205,-0.004011843753210287,-0.014574810816570749,0.0017811621847549919,-0.0013019131302844933,0.0181408444997333,0.019468103409468362,53.16100829184626,0.0072994084141575375,-0.0014082784400947122,0.03091891301800323,0.10759992680255372,0.008316763034995343,0.11935269500131884,0.03699970245361328,0.0037659312629216846,0.00013021495499399016,-0.07621592010450462,0.04429238447760375,2,0.015356793254796441,0,0.3993968963631269,0.3993968963631269,0.2792717507513418,0.32133135288553116
2025-08-22,637.760009765625,646.5,637.25,645.3099975585938,84083200,571.969970703125,87.05000305175781,310.5799865722656,14.220000267028809,4.260000228881836,97.72000122070312,0.015356793254796441,0.002906246285733216,0.012886552012665753,0.013381197173228054,0.032322563886762135,0.01869125534040883,63.201595935006424,0.0075195952038483215,-0.0008451135905126159,0.1343744068942391,0.1198082854792738,0.008351475982488853,-0.057654067379838914,-0.06799983978271484,-0.0013285360801753576,0.010246215306020545,0.22583664394795355,0.03336385516779483,2,-0.0044010272058598865,0,0.42092177069989417,0.42092177069989417,0.3815737164576334,0.19750451284247242
2025-08-25,644.0399780273438,645.2899780273438,642.3499755859375,642.469970703125,51274300,570.3200073242188,86.80000305175781,309.8299865722656,14.789999961853027,4.275000095367432,98.43000030517578,-0.0044010272058598865,-0.001290248881694156,0.008682086602383565,0.00848338813493732,0.02650761480811359,0.017872606415966663,59.22326575952902,0.007374283975777093,-0.0008219206897044295,0.13919145613949097,0.121128584127553,0.008098220396300962,-0.013342215631682919,-0.06599998474121094,0.0026484887550166647,0.009382551720805488,0.17051517067725297,0.032281744229746945,2,0.004186969919329098,0,0.40374024436154543,0.40374024436154543,0.38216039544208646,0.214099360196368
2025-08-26,642.2000122070312,645.510009765625,641.5700073242188,645.1599731445312,51581600,572.6099853515625,86.75,312.0799865722656,14.619999885559082,4.257999897003174,98.2300033569336,0.004186969919329098,0.008361819300029882,0.015584112374016357,0.011919618936666154,0.0292216467802624,0.017098223534570245,61.68348436573203,0.007453152975817373,-0.0005671020108197024,0.1331767449310539,0.12123625369103963,0.007895058320207045,-0.061014760943183366,-0.04400014877319336,-0.0004069735168311661,0.022308113485367098,-0.2604862746897164,0.024707054226743352,1,0.0022785538462906096,0,0.39568577692881557,0.39568577692881557,0.3384990216708881,0.2658152014002964
2025-08-27,644.5700073242188,647.3699951171875,644.4199829101562,646.6300048828125,48341100,573.489990234375,86.6500015258789,312.7099914550781,14.850000381469728,4.23799991607666,98.2300033569336,0.0022785538462906096,0.013351960832513665,0.01918163869855416,0.013258260460587312,0.030122277982341128,0.01664335557855523,62.99735541381087,0.007618504179673465,-0.0003068142152593511,0.12750474135438114,0.12108909934184178,0.0073336347328535265,-0.05353723526951504,-0.05800008773803711,0.00010183400637497897,0.014106908516538397,-0.4561712582812748,0.01766076863727628,1,0.003541403909580021,0,0.4185880119009576,0.4185880119009576,0.3732814058234701,0.20813058227557243
2025-08-28,647.239990234375,649.47998046875,645.3400268554688,648.9199829101562,61519500,577.0800170898438,87.22000122070312,315.0299987792969,14.43000030517578,4.206999778747559,97.80999755859376,0.003541403909580021,0.021036889896916877,0.026642142394953883,0.015506760597042035,0.03208048153189624,0.016320640667237152,65.01014406641377,0.007928932943606274,2.5265805815499986e-05,0.11297065954591505,0.12007417392440141,0.007169055243224454,-0.13072289315826024,-0.1230001449584961,-0.008213396526358885,0.02518790074244648,0.12249980841443797,0.019879222020888987,1,-0.0059637477949624484,0,0.4434111218534765,0.4434111218534765,0.34262130166343246,0.2139675764830909
2025-08-29,647.469970703125,647.8400268554688,643.1400146484375,645.0499877929688,74522200,570.4000244140625,86.5999984741211,318.07000732421875,15.359999656677246,4.227000236511231,97.7699966430664,-0.0059637477949624484,-0.00040292226466143166,0.037524960093302084,0.007611161838609215,0.02437406653134988,0.01663628324854316,59.15398084640952,0.007672870389996604,-0.0002225720126806809,0.07537206625424622,0.10432156878290764,0.007377051097119576,0.0801687319438169,-0.03299999237060458,0.000511619133634289,0.024116237606347957,-0.11370880270969708,0.02888149017187769,2,-0.007410229210411012,2,0.36209831714633034,0.3169700733501635,0.3209316095035063,0.36209831714633034
2025-09-02,637.5,640.489990234375,634.9199829101562,640.27001953125,81983500,565.6199951171875,85.62999725341797,325.5899963378906,17.170000076293945,4.276999950408936,98.4000015258789,-0.007410229210411012,-0.0034242085578993775,0.014417727185212392,-0.0005658089289886092,0.015300179508504597,0.015874970637627328,52.82451784976784,0.0068068525776386335,-0.0009180269201721482,0.08819801671377281,0.09657120893297155,0.007789118447711281,0.16091954838265798,0.0019998550415047944,-0.0003047727238023601,0.05086663799066815,0.5989199267469278,0.04046725967819054,2,0.005419542688669621,2,0.5387702696399881,0.26804618344382425,0.19318354691618758,0.5387702696399881
2025-09-03,642.6699829101562,644.2100219726562,640.4600219726562,643.739990234375,70820900,570.0700073242188,86.56999969482422,328.1400146484375,16.350000381469727,4.210999965667725,98.13999938964844,0.005419542688669621,-0.0022009780043160676,0.025112696891529174,0.0036154010466569186,0.01939338701711657,0.015721147716550643,56.466145119539824,0.006403522434035479,-0.001023773933930472,0.09279168535685349,0.09538117369785332,0.007794843973226222,0.11833108819784965,-0.04699993133544922,-0.000916257398038689,0.051461255983016985,0.37298765451246174,0.03838509700734871,2,0.008357419089116691,2,0.511958293003537,0.2596339485138293,0.22840775848263362,0.511958293003537
2025-09-04,644.4199829101562,649.1500244140625,643.510009765625,649.1199951171875,65219200,575.22998046875,87.2300033569336,326.69000244140625,15.300000190734863,4.176000118255615,98.3499984741211,0.008357419089116691,0.0038507186730782905,0.025822505552947073,0.010715654932583751,0.02653635326466741,0.01565296654392756,61.43659869708295,0.006654370409113004,-0.0005690939208581388,0.11200407007000406,0.09603221009925926,0.007989936474188082,0.030303016680501837,-0.06199979782104492,0.0012215729724804891,0.044705993950744594,0.34914596482082527,0.030964961389471357,2,-0.002896236284437803,2,0.4164940971110846,0.28507432294199425,0.29843157994692115,0.4164940971110846
2025-09-05,651.47998046875,652.2100219726562,643.3300170898438,647.239990234375,85178900,576.0599975585938,88.55999755859375,331.04998779296875,15.18000030517578,4.085999965667725,97.7699966430664,-0.002896236284437803,-0.0025889057511330194,0.023708960433965975,0.006613653264265995,0.022266069734032223,0.015549576959350997,58.905630453449824,0.006604742239768972,-0.0005117629739552803,0.11135958937632033,0.09691193746450383,0.008599148923099969,0.05197505087584697,-0.12099981307983398,-0.0004089655099254186,0.050852265104108785,0.3845837498679281,0.03394418155516865,2,0.002456626412859597,2,0.4844202863586644,0.24980424068181856,0.26577547295951703,0.4844202863586644
2025-09-08,648.6199951171875,649.8400268554688,647.22998046875,648.8300170898438,63133100,578.8699951171875,89.73999786376953,334.82000732421875,15.109999656677246,4.046000003814697,97.4499969482422,0.002456626412859597,0.005860056380759371,0.01828372602400652,0.00817319330075117,0.02358235234934547,0.0152842380168281,60.39182126184068,0.0066550697338924065,-0.00035519658248901417,0.10087698153991974,0.09388936752055772,0.008665049825892694,-0.01627604203046451,-0.1810002326965341,-0.0032729846150291175,0.05266136263808807,-0.15282828472589371,0.03510930083643826,2,0.002311853583358836,2,0.4744403829095633,0.26330628335312745,0.26225333373730914,0.4744403829095633
2025-09-09,648.969970703125,650.8599853515625,647.219970703125,650.3300170898438,66133900,580.510009765625,89.2300033569336,334.0599975585937,15.039999961853027,4.073999881744385,97.79000091552734,0.002311853583358836,0.015712117156381655,0.022660137386692814,0.009373908653663277,0.024803445280928704,0.015286244765179147,61.79553282944708,0.006800040569609024,-0.00015524513487029856,0.06641078842841006,0.09336502566928587,0.00842649443053929,-0.12405358794271293,-0.20300006866455167,-0.006199193098499478,0.02601431652068653,-0.19332670598352109,0.028892988995689928,2,0.0028908474672986184,0,0.3480572037094409,0.3480572037094409,0.3216847584743862,0.3302580378161729
2025-09-10,653.6199951171875,654.5499877929688,650.6300048828125,652.2100219726562,78034500,580.7000122070312,89.73999786376953,335.260009765625,15.350000381469728,4.0320000648498535,97.77999877929688,0.0028908474672986184,0.013157535444081159,0.014812770534917252,0.011544526887312223,0.026654226333691522,0.014937255894087231,63.539613907964636,0.0070583590443489145,9.849764173085413e-05,0.06327030009638429,0.08671066751350683,0.008113076484362177,-0.06116207808370133,-0.1789999008178711,-0.003668235302531797,0.021698039859039175,0.10185693771189008,0.032044836287079326,2,0.008310180352278485,0,0.37173901117478403,0.37173901117478403,0.3620543877914851,0.2662066010337309
2025-09-11,654.1799926757812,658.3300170898438,653.5900268554688,657.6300048828125,69934400,584.0800170898438,90.33999633789062,334.760009765625,14.710000038146973,4.011000156402588,97.54000091552734,0.008310180352278485,0.013110071835159998,0.019755291514817808,0.018943974768085736,0.03388459630907703,0.01466284890137537,68.06579800835755,0.007793817591797137,0.0007130537697720584,0.06300093789232797,0.09036732279631135,0.00824389135993918,-0.03856210099560475,-0.16499996185302734,-0.008235867525782314,0.024702339416297736,0.07229772827633574,0.020573830514515112,1,-0.00033458287585352853,1,0.39476768371104265,0.37817659909463086,0.39476768371104265,0.22705571719432655
2025-09-12,657.5999755859375,659.1099853515625,656.9000244140625,657.4099731445312,72780100,586.6599731445312,89.94999694824219,335.4200134277344,14.760000228881836,4.060999870300293,97.5500030517578,-0.00033458287585352853,0.015712846955691973,0.019319266147250325,0.01762075993003398,0.032338971785800696,0.014463356522697923,67.69837925529444,0.008302877736201232,0.0009757952151415786,0.05021061104939477,0.09043658697839882,0.007297030977411778,-0.027667988659442866,-0.02500009536743164,-0.002250113520119612,0.013200500818319139,-0.14556187036930512,-0.006677649857185997,0,0.005323922883704979,0,0.41189737521714415,0.41189737521714415,0.37262448681332894,0.21547813796952678
2025-09-15,659.6400146484375,661.0399780273438,659.3400268554688,660.9099731445312,63772400,591.6799926757812,90.16000366210938,338.9100036621094,15.6899995803833,4.033999919891357,97.3000030517578,0.005323922883704979,0.018618059794565323,0.02715089306981011,0.021657102149066798,0.0366769738472712,0.014701480238927367,70.43248093574887,0.00898193189431256,0.0013549212923300766,0.05189678946043081,0.09080357421523225,0.007330797019141936,0.038385171203478397,-0.012000083923339844,-0.001539188313818718,0.012215507581451401,0.010126225387316667,0.0032228366485047566,1,-0.0013768488621856978,0,0.411206167273572,0.411206167273572,0.39352202227841104,0.195271810448017
2025-09-16,661.469970703125,661.780029296875,659.2100219726562,660.0,61169000,591.1799926757812,90.3499984741211,339.5899963378906,16.360000610351562,4.026000022888184,96.62999725341795,-0.0013768488621856978,0.014869347340644712,0.025959913763290432,0.01893522134388026,0.033974202772780515,0.014759506898843977,68.80192334860544,0.009349083627419456,0.0013692458448091413,0.0634383952303546,0.09116252279413718,0.007192636465097402,0.08776600078766905,-0.04799985885620117,-0.01186219093209151,0.016553908937651185,-0.07507344947145111,0.003378758285984773,1,-0.0012424353397253451,0,0.43927047292656274,0.43927047292656274,0.3807186050342083,0.180010922039229
2025-09-17,660.010009765625,661.719970703125,654.2999877929688,659.1799926757812,101952200,590.0,90.12000274658205,336.9700012207031,15.720000267028809,4.076000213623047,96.87000274658205,-0.0012424353397253451,0.010686696720856537,0.030274605259530407,0.0161499028535268,0.031434347256320994,0.015041525231536124,67.29014385073523,0.00943310180575831,0.001154669805853541,0.07016328994025556,0.08823329152345823,0.00768594882264274,0.024104226473227852,0.04400014877319336,-0.009306566210629863,0.005100493364160963,0.30650161146672295,0.00908703283007739,1,0.004672497836806455,0,0.4358510526310557,0.4358510526310557,0.3573263892629605,0.20682255810598382
2025-09-18,661.8900146484375,664.8900146484375,660.27001953125,662.260009765625,90459200,595.3200073242188,89.19000244140625,335.6199951171875,15.699999809265137,4.104000091552734,97.3499984741211,0.004672497836806455,0.0070404404428559,0.03784617850911265,0.019001085330217382,0.035016412630031635,0.015716693073613675,69.96011301035357,0.009709682789295909,0.001175801479108513,0.05253489796601795,0.0874780728005966,0.00781954421557801,0.06730113994227249,0.09299993515014648,-0.001947943814054276,0.0025689608270851316,0.2934864673179436,-0.0024461617692435045,0,0.0021743762573189773,0,0.401728679835079,0.401728679835079,0.37222080310966515,0.22605051705525595
2025-09-19,662.3300170898438,664.5499877929688,660.3699951171875,663.7000122070312,97945600,599.3499755859375,89.0199966430664,339.17999267578125,15.449999809265137,4.138999938964844,97.63999938964844,0.0021743762573189773,0.009567909401211772,0.04429238447760375,0.019009924584645566,0.03604023626142894,0.016712606291567678,71.14596097131154,0.010001804457819527,0.0011891510053081403,0.05026067123813397,0.08466899363330001,0.007630386266389871,0.04674793832544366,0.07800006866455078,0.0009225662232208443,0.0112097641688782,0.3457744630743844,0.0010396299965578226,0,0.004731075170536503,0,0.374297163430967,0.374297163430967,0.3506761077025433,0.2750267288664897
2025-09-22,662.2000122070312,667.2899780273438,662.1699829101562,666.8400268554688,69452200,602.2000122070312,88.69999694824219,345.04998779296875,16.100000381469727,4.14300012588501,97.33000183105467,0.004731075170536503,0.008972558974595257,0.03336385516779483,0.02214153806676289,0.03953913367704276,0.01702073045890007,73.59383558689001,0.01046111466619156,0.0013519665713497147,0.047841986774627254,0.06984421239918868,0.007057809111938041,0.026131345573714215,0.10900020599365234,0.00030831221331939496,0.01811685717303546,0.08906360745400832,0.006688202204254701,1,-0.005443591771073009,0,0.3752892535323403,0.3752892535323403,0.35753963213597084,0.2671711143316888
2025-09-23,666.719970703125,667.3400268554688,661.97998046875,663.2100219726562,81708900,598.2000122070312,89.31999969482422,346.4599914550781,16.639999389648438,4.119999885559082,97.26000213623048,-0.005443591771073009,0.0048636696555397485,0.032281744229746945,0.014964099140039488,0.03264398585302941,0.017419223722267452,66.56345803995913,0.010360810440177195,0.0009614435645817506,0.06889123851192426,0.07112871942122141,0.0072493797874532495,0.01711483917180967,0.09399986267089844,0.00651976509075447,0.02023026352740942,0.3357893704327355,0.012183103069905998,1,-0.0031815658943793457,2,0.36660420063083027,0.3191990182284195,0.3141967811407502,0.36660420063083027
2025-09-24,664.510009765625,664.6099853515625,659.6699829101562,661.0999755859375,68082200,596.0999755859375,88.9800033569336,343.32000732421875,16.18000030517578,4.146999835968018,97.87000274658205,-0.0031815658943793457,0.0029126838367203867,0.024707054226743352,0.010502400111384702,0.0281112115069051,0.01742579868546512,62.80752070985402,0.009896980319718016,0.00037409063326421157,0.07401440463634142,0.0723715767933029,0.007196884937073657,0.0292620884435848,0.0709996223449707,0.010323113158322794,0.018844425558691258,-0.33221450836764677,0.010134642950323736,1,-0.004613504621998388,2,0.40345272474113175,0.29935652552091013,0.29719074973795817,0.40345272474113175
2025-09-25,657.9400024414062,659.4099731445312,654.4099731445312,658.0499877929688,89622100,593.530029296875,88.9800033569336,344.75,16.739999771118164,4.171999931335449,98.5500030517578,-0.004613504621998388,-0.0063570529861015634,0.01766076863727628,0.004963328944668222,0.022292342663553955,0.01724342890907593,57.73619609749625,0.009068695549093144,-0.00039866532929284167,0.07104997300696254,0.07513073746616401,0.006992526093362888,0.0662420365915728,0.06799983978271484,0.012326703610126,0.02720339972481267,-0.009253895678935864,0.02083431688622661,1,0.0057290777314567,2,0.47565436134903816,0.2693979375732249,0.254947701077737,0.47565436134903816
2025-09-26,659.510009765625,662.3699951171875,657.8800048828125,661.8200073242188,69179200,595.969970703125,88.9000015258789,346.739990234375,15.289999961853027,4.186999797821045,98.1500015258789,0.0057290777314567,-0.0028326123975210837,0.019879222020888987,0.009726225833811775,0.02707116470619253,0.01717786309656133,61.83796738650602,0.008687716250722972,-0.0005805714816161805,0.0850067885964494,0.07654414081585935,0.007155591190012944,-0.010355977306624964,0.04799985885620117,0.005223291063278568,0.022289043345254944,-0.2936977260846837,0.023314485063946178,1,0.0028104096748033935,2,0.37370588443905184,0.3143242517863641,0.311969863774584,0.37370588443905184
2025-09-29,664.3599853515625,665.280029296875,661.8599853515625,663.6799926757812,73499000,598.72998046875,89.62999725341797,352.4599914550781,16.1200008392334,4.140999794006348,97.91000366210938,0.0028104096748033935,-0.004738818985700166,0.02888149017187769,0.011126984580706711,0.028804917524416274,0.017483395471875607,63.709291083999155,0.008530913557590275,-0.0005691195909967128,0.07831128318798893,0.07217503069448704,0.0071161656916061584,0.0012422644279370676,-0.0020003318786621094,0.005959126889378608,0.021475159902209384,0.058267412695350185,0.03248553187759895,2,0.003766875644270362,1,0.3572595976976588,0.2994526827022913,0.3572595976976588,0.34328771960005
2025-09-30,662.9299926757812,666.6500244140625,661.6099853515625,666.1799926757812,86288000,600.3699951171875,89.37000274658203,355.4700012207031,16.280000686645508,4.1479997634887695,97.7699966430664,0.003766875644270362,0.004478175245740568,0.04046725967819054,0.01293652847031912,0.031483958943194335,0.018310555450976373,66.1144673200379,0.008598023641918308,-0.00037428756195737067,0.07198285075711063,0.06450573721365017,0.00717738923119505,-0.02163453823363004,0.0279998779296875,0.005243620148409844,0.026005916953886432,0.05604163071587065,0.03134288797678497,2,0.0034075168215907947,2,0.39032054271124883,0.2802616470127617,0.3294178102759895,0.39032054271124883
2025-10-01,663.1699829101562,669.3699951171875,663.0599975585938,668.4500122070312,72545400,603.25,89.29000091552734,356.0299987792969,16.290000915527344,4.105999946594238,97.70999908447266,0.0034075168215907947,0.011117889717934704,0.03838509700734871,0.014482322584959961,0.033731414216358946,0.01897429970228659,68.17684836743499,0.008819474215513655,-9.789400980691008e-05,0.06308095596548728,0.06347545768131391,0.0071733183048267165,0.00679855428163223,-0.0409998893737793,-0.0016348590744774683,0.03702082949996943,0.06555604842381713,0.02833420913386142,2,0.0011518565068935338,2,0.3759427373175315,0.30451760406068057,0.3195396586217879,0.3759427373175315
2025-10-02,670.4500122070312,670.5700073242188,666.780029296875,669.219970703125,56896000,605.72998046875,89.55000305175781,354.7900085449219,16.6299991607666,4.0879998207092285,97.8499984741211,0.0011518565068935338,0.016974368387452143,0.030964961389471357,0.014104098199571924,0.03380269198128971,0.019424626935923506,68.86895139094896,0.008996867688989139,7.180733965481253e-05,0.026273890600358528,0.058716942759927074,0.0073337068330912095,-0.0065711237667606115,-0.0840001106262207,-0.007103039634296815,0.029122577360179536,-0.3651565852618941,0.015854348123489403,1,-1.4866158967619114e-05,0,0.35431143159426687,0.35431143159426687,0.32282384029979155,0.32286472810594147
2025-10-03,669.989990234375,672.6799926757812,668.1599731445312,669.2100219726562,70494400,603.1799926757812,89.37999725341797,357.6400146484375,16.649999618530273,4.11899995803833,97.72000122070312,-1.4866158967619114e-05,0.01116620012488867,0.03394418155516865,0.012403757828626905,0.03267733520420646,0.020025189771185392,68.84811585621847,0.009040221253904105,9.20225769850701e-05,0.0254575171401129,0.056690359034441126,0.007428812157087109,0.08894700196666472,-0.06799983978271484,-0.004381052455331935,0.031435729137255786,0.019011494784559435,0.019201708229143355,1,0.003586263355458641,2,0.34661777833617813,0.3366369174480605,0.3167453042157614,0.34661777833617813
2025-10-06,671.6199951171875,672.510009765625,669.4600219726562,671.6099853515625,54623300,607.7100219726562,88.66999816894531,364.3800048828125,16.3700008392334,4.162000179290772,98.11000061035156,0.003586263355458641,0.011948518507857386,0.03510930083643826,0.014286770900192591,0.035278146590093096,0.020695700951783413,71.11812786402646,0.009224064230094073,0.00024627318088541557,0.027124054647379214,0.057037289555513036,0.007479902202911587,0.015508684056116273,0.021000385284424716,0.0020426610229979936,0.033819479420981624,-0.25681573898964616,0.017465555545255862,1,-0.003707494362329311,2,0.419414625929305,0.3022058092498694,0.27837956482082554,0.419414625929305
2025-10-07,672.5399780273438,672.989990234375,667.6699829101562,669.1199951171875,72020100,604.510009765625,89.18000030517578,366.260009765625,17.239999771118164,4.126999855041504,98.58000183105467,-0.003707494362329311,0.004413225365111018,0.028892988995689928,0.009094543384885245,0.030417580500565755,0.021130861578296578,65.76376024920265,0.009026002524063235,1.1842001258698714e-05,0.0473794162357371,0.06014441949220001,0.0072835646645660855,0.058968000244628005,-0.020999908447265625,0.008284803270939944,0.030354202908454697,-0.16535207676617836,0.009146334232794429,1,0.005963041402874625,2,0.42781492519136305,0.27869480239587135,0.2934902724127657,0.42781492519136305
2025-10-08,670.25,673.2100219726562,669.4199829101562,673.1099853515625,60702200,611.4400024414062,89.25,372.2999877929688,16.299999237060547,4.129000186920166,98.8499984741211,0.005963041402874625,0.006971311331336993,0.032044836287079326,0.013514564174641475,0.035355039650083464,0.0215492467966929,69.70038366371527,0.00916212250360452,0.00016111613511737093,0.058191994681654716,0.06208995075006051,0.0070684805149090185,0.0006137704709194836,0.023000240325927734,0.011667172247774582,0.0456983655013794,-0.16325225307186952,0.006640863804667108,1,-0.0028970186885769467,2,0.5025691769544698,0.2444966859593557,0.25293413708617457,0.5025691769544698
2025-10-09,673.530029296875,673.9400024414062,669.2100219726562,671.1599731445312,66501900,610.7000122070312,89.18000030517578,365.4299926757813,16.43000030517578,4.1479997634887695,99.54000091552734,-0.0028970186885769467,0.0028989009986775116,0.020573830514515112,0.009550049118120185,0.031191368804594388,0.021436599112028887,65.72293189531905,0.009001251752970956,-2.0725169254762785e-05,0.06585563438095156,0.05863974710007434,0.007147550286301237,-0.012026389999023945,0.059999942779541016,0.01727135889381959,0.029989525845151466,0.16883260686164236,-0.0012664277071756658,0,-0.027027764376787222,2,0.46154157830661713,0.2619556454648219,0.276502776228561,0.46154157830661713
2025-10-10,672.1300048828125,673.9500122070312,652.8400268554688,653.02001953125,159422600,589.5,90.62000274658205,369.1199951171875,21.65999984741211,4.051000118255615,98.9800033569336,-0.027027764376787222,-0.02419270768492432,-0.006677649857185997,-0.017411414846175255,0.0026753923445845817,0.020442744292225923,41.81698340959246,0.0067789375047522735,-0.0019949255316809955,0.20774683934729254,0.11566895086384218,0.009095114453098505,0.30090092154152726,-0.06799983978271484,0.01289400450768241,0.03209926182347034,1.2614931115095667,0.027487597064420388,2,0.015344029580113494,2,0.511098095102048,0.27348914441817074,0.21541276047978136,0.511098095102048
2025-10-13,660.6500244140625,665.1300048828125,659.77001953125,663.0399780273438,79560500,602.010009765625,90.56999969482422,378.0899963378906,19.030000686645508,4.051000118255615,99.2699966430664,0.015344029580113494,-0.012760392952961608,0.0032228366485047566,-0.0024943959879570876,0.016770302747158183,0.019312872687262228,52.16680521506297,0.0058981769284456535,-0.0021944753506892367,0.25014986365978514,0.12704998273222365,0.009684831274269497,0.16249234642902288,-0.11100006103515714,0.011823422948714635,0.037625531783741506,0.4565304549523739,0.02775100299201516,2,-0.0012216421112398734,2,0.428828582712178,0.2814636438165565,0.2897077734712654,0.428828582712178
2025-10-14,657.1699829101562,665.8300170898438,653.1699829101562,662.22998046875,88779600,598.0,90.86000061035156,380.7900085449219,20.809999465942383,4.021999835968018,99.0500030517578,-0.0012216421112398734,-0.010297128614772277,0.003378758285984773,-0.0038800838630164147,0.014561693015727517,0.018513611242974015,51.37126999526613,0.005129983361454106,-0.0023780538678558473,0.2499944824258095,0.12702576213731284,0.01052936496291394,0.20707655117287005,-0.10500001907348633,0.004767713653613059,0.039671267383504016,0.23270586961140016,0.031363756011994814,2,0.00443954899070742,2,0.43299323427771164,0.28140699143520864,0.2855997742870796,0.43299323427771164
2025-10-15,666.8200073242188,670.22998046875,658.9299926757812,665.1699829101562,81702600,602.219970703125,90.66000366210938,387.3900146484375,20.63999938964844,4.046000003814697,98.79000091552734,0.00443954899070742,-0.011795995623596678,0.00908703283007739,9.169373506945355e-05,0.017905642975240887,0.017812315962390413,54.10692301438467,0.004796864885994974,-0.00214238989641909,0.2471675602686778,0.12776941968215838,0.010977864319373356,0.2662576905353613,-0.08300018310546875,-0.0006069555844196994,0.040531902632938266,0.3459578071305489,0.02737649388955643,2,-0.006810241559458086,2,0.3957167694564081,0.28907688283370003,0.3152063477098919,0.3957167694564081
2025-10-16,666.8200073242188,668.7100219726562,657.1099853515625,660.6400146484375,110563300,599.989990234375,91.33999633789062,396.4500122070313,25.309999465942383,3.9760000705718994,98.38999938964844,-0.006810241559458086,-0.015674293636441794,-0.0024461617692435045,-0.006598191653097052,0.010112157857256276,0.01682133993510715,49.48742200509334,0.0039828310561840765,-0.002403204618217357,0.24934211164413853,0.12926877430925807,0.011821878942736938,0.5404746802085709,-0.17199969291687012,-0.01155315968757964,0.08488635348213402,0.6625585133657836,0.01725593837208428,1,0.0056763137515907225,2,0.579329283995824,0.2265632337966314,0.19410748220754467,0.579329283995824
2025-10-17,659.5,665.760009765625,658.1400146484375,664.3900146484375,96500900,603.9299926757812,91.1999969482422,388.989990234375,20.780000686645508,4.006999969482422,98.43000030517578,0.0056763137515907225,0.017411403597318742,0.0010396299965578226,-0.001011156549783565,0.014848442417858099,0.01587565173687744,53.06018643252407,0.0037056737257368127,-0.0021154539253417765,0.1315033345275831,0.13067266751049939,0.012202391724816603,-0.040627847043671284,-0.04400014877319336,-0.005556708760399154,0.05383072003693323,-0.3946849442927164,0.011348722679604961,1,0.010400477117627371,2,0.6458318562625401,0.23055199469613227,0.1236161490413277,0.6458318562625401
2025-10-20,667.3200073242188,672.2100219726562,667.27001953125,671.2999877929688,60493400,611.5399780273438,91.5500030517578,403.1499938964844,18.229999542236328,3.986000061035156,98.58999633789062,0.010400477117627371,0.012457785411672972,0.006688202204254701,0.009040468855999517,0.02433562563070435,0.015158120260573726,58.837621633261286,0.004249382541175412,-0.0012094606355509904,0.10553847752729478,0.1348300416167597,0.01237258532605504,-0.0420389445897702,-0.06500005722045943,-0.006850008342609071,0.06628050940601504,-0.23965535661540593,-0.008386719775345552,0,-1.4911017141350236e-05,2,0.651523147038028,0.21022726742010153,0.13824958554187047,0.651523147038028
2025-10-21,671.4400024414062,672.989990234375,669.97998046875,671.2899780273438,56249000,611.3800048828125,92.0,377.239990234375,17.8700008392334,3.963000059127808,98.93000030517578,-1.4911017141350236e-05,0.013681044087102023,0.012183103069905998,0.00841305937690806,0.02321587162841099,0.014679314308612135,58.82632633552112,0.004655704103930535,-0.0006425763767310212,0.10318123239480699,0.13309244796081482,0.012021634805690509,-0.14127816925322767,-0.05899977684020952,-0.0012115370306380324,-0.009322771687503617,-0.3664197630987299,-0.016699133466049454,0,-0.005198930936866852,0,0.38018826329916716,0.38018826329916716,0.33810686906571513,0.2817048676351177
2025-10-22,672.0,672.0,663.2999877929688,667.7999877929688,80564000,605.489990234375,92.05999755859376,377.2799987792969,18.600000381469727,3.953000068664551,98.9000015258789,-0.005198930936866852,0.003953883894919796,0.010134642950323736,0.002665809444454492,0.017117660269033275,0.014413427373758836,54.87110096611769,0.00452976149154256,-0.0006369666707495168,0.11516243489676216,0.1340497921490795,0.01260964337468041,-0.09883716417171184,-0.09299993515014648,0.0011134791915390352,-0.026097770946201693,-0.013935909016359327,-0.00774181342417013,0,0.005929952148911788,0,0.3779554302710415,0.3779554302710415,0.3689024029403093,0.25314216678864915
2025-10-23,668.1199951171875,672.7100219726562,667.7999877929688,671.760009765625,65604500,610.5800170898438,91.43000030517578,378.7900085449219,17.299999237060547,3.990999937057495,98.94000244140624,0.005929952148911788,0.016832154987016734,0.02083431688622661,0.0075745306061063555,0.022312349560929423,0.014627026097967732,58.297366776742756,0.004804955858112247,-0.00026505157354277055,0.0959664861164328,0.13389968212225506,0.012576780037571837,-0.31647571702481636,0.014999866485595703,0.005590030035264482,-0.04454534775720265,-0.4066340277470011,-0.0286262656145001,0,0.008172546972973871,0,0.3905632088358571,0.3905632088358571,0.35893504747699645,0.25050174368714634
2025-10-24,676.4600219726562,678.469970703125,675.6500244140625,677.25,74356500,617.0999755859375,91.47000122070312,377.5199890136719,16.3700008392334,3.996999979019165,98.9499969482422,0.008172546972973871,0.019356078610494043,0.023314485063946178,0.014634871446064235,0.029654981846932715,0.014803463613922263,62.543136028050895,0.005592960081052453,0.00045124131188471896,0.10125514298104152,0.1353019629495997,0.012834473814962033,-0.21222327727093115,-0.009999990463256836,0.005282908071260861,-0.029486623071694473,-0.2294735075009663,-0.026902872946659273,0,0.011797696913067535,1,0.37922289771572965,0.3690060905296819,0.37922289771572965,0.25177101175458844
2025-10-27,682.72998046875,685.5399780273438,682.1199951171875,685.239990234375,63339800,628.0900268554688,91.77999877929688,367.010009765625,15.789999961853027,3.996999979019165,98.77999877929688,0.011797696913067535,0.020765682548627318,0.03248553187759895,0.024949905528313998,0.04048007898378403,0.015152129261834402,67.69763634881289,0.007035248655967396,0.001562786414067635,0.1072512359136349,0.14039647407538347,0.012994408211123812,-0.13384529027168468,0.010999917984009233,0.0019271979761015245,-0.08964401507628184,0.047053066946146194,-0.024093762770584948,0,0.002656014462314449,1,0.5615477924457456,0.3876322486164234,0.5615477924457456,0.050819958937830936
2025-10-28,687.0499877929688,688.9099731445312,684.8300170898438,687.0599975585938,61738100,632.9199829101562,92.0199966430664,364.3800048828125,16.420000076293945,3.983000040054321,98.69000244140624,0.002656014462314449,0.02349211227254111,0.03134288797678497,0.026069910694118903,0.04185906293013697,0.015387988743707615,68.7524663471509,0.008325929173385843,0.002294370694080852,0.1022986416723521,0.14022825007038933,0.012958939313039694,-0.08114161694698929,0.019999980926512784,-0.002425936147065655,-0.03408966621903664,0.09758573485750865,-0.017523910677563426,0,0.00048033227231458753,1,0.436184523102699,0.4066885211229977,0.436184523102699,0.1571269557743033
2025-10-29,688.719970703125,689.7000122070312,682.8699951171875,687.3900146484375,85657100,635.77001953125,91.08999633789062,363.0,16.920000076293945,4.058000087738037,99.22000122070312,0.00048033227231458753,0.02933517102959593,0.02833420913386142,0.025112978671534947,0.04085753515453927,0.015358850010277036,68.95046002286404,0.009290719221588127,0.0026096452028364085,0.07090481714145253,0.14010762952848074,0.013170938238318514,-0.09032259520002395,0.10500001907348633,0.003235588370951392,-0.03784986966046522,0.06321806265825924,-0.011216371795274793,0,-0.010998119550020391,0,0.4393605882496704,0.4393605882496704,0.3594052878044532,0.20123412394587648
2025-10-30,683.9000244140625,685.9400024414062,679.8300170898438,679.8300170898438,76335800,626.0499877929688,90.55999755859376,370.1300048828125,16.90999984741211,4.0929999351501465,99.52999877929688,-0.010998119550020391,0.012013229735176267,0.015854348123489403,0.013037204791539914,0.02811107873502694,0.014879881876193046,59.62938854764535,0.009167344177332474,0.0019295790299423334,0.13859475619551193,0.1469065123272042,0.011893730718537119,-0.022543318314891536,0.10199999809265137,0.005963172865697475,-0.022862281123453565,0.1635756693519499,0.005236599545623388,1,0.0032802030105936186,0,0.4169299404945424,0.4169299404945424,0.31731090785719646,0.26575915164826125
2025-10-31,685.0399780273438,685.0800170898438,679.239990234375,682.0599975585938,87164100,629.0700073242188,90.29000091552734,368.1199951171875,17.440000534057617,4.10099983215332,99.8000030517578,0.0032802030105936186,0.007102248148532775,0.019201708229143355,0.015388031153736437,0.03003449341904063,0.01442449764614806,61.29164296523163,0.009117028414990649,0.0015223415878643572,0.12988380598655122,0.14712129988245096,0.01119822450619021,0.06536344776841974,0.10399985313415527,0.008590259016988178,-0.024899327638367663,0.172245869560832,-0.0026243703394875917,0,0.0018767107020742912,0,0.42361658724326406,0.42361658724326406,0.35571059701383667,0.22067281574289924
2025-11-03,685.6699829101562,685.7999877929688,679.9400024414062,683.3400268554688,57315000,632.0800170898438,89.73999786376953,368.7799987792969,17.170000076293945,4.105999946594238,99.87000274658205,0.0018767107020742912,-0.0027726977496692617,0.017465555545255862,0.01640616581179688,0.030783565737101615,0.014145329307228005,62.25242475239576,0.009129767334171179,0.0012394454707071846,0.0942704838987496,0.14684644909501585,0.010466448510015216,0.08739709422259989,0.10899996757507324,0.011034662692399388,0.004822726810100431,-0.09511870893182484,-0.002648750969444613,0,-0.011853596017736279,0,0.3555124253955205,0.3555124253955205,0.29578776826312153,0.34869980634135794
2025-11-04,676.1099853515625,679.9600219726562,674.5800170898438,675.239990234375,78427000,619.25,89.94000244140625,362.3200073242188,19.0,4.089000225067139,100.22000122070312,-0.011853596017736279,-0.017203748386196427,0.009146334232794429,0.0039011753071569455,0.01755907614633645,0.013604826027821648,53.24588749589167,0.008200707077272468,0.00017258766044835706,0.11684524052005331,0.1529612324612115,0.010323316605615326,0.15712545138357692,0.10600018501281783,0.01550307773277515,-0.005653431941898712,0.27031768065424755,0.012810296397078202,1,0.0034654743340312155,2,0.357266209480118,0.35666059117760146,0.2860731993422804,0.357266209480118
2025-11-05,674.97998046875,680.8599853515625,674.1699829101562,677.5800170898438,74402400,623.280029296875,88.95999908447266,366.510009765625,18.010000228881836,4.1570000648498535,100.1999969482422,0.0034654743340312155,-0.014271370473152745,0.006640863804667108,0.007045540870024736,0.02008865847406449,0.012951864711869154,55.25969990785794,0.007543855271350665,-0.0003652311876140823,0.12481010834319017,0.15203218196783913,0.009770063032959455,0.06442081251022302,0.0989999771118164,0.009876997737171989,0.009669448390151603,-0.13139249402559738,0.010050469888179592,1,-0.010729388925125316,2,0.37576650879404894,0.3554004286777735,0.2688330625281776,0.37576650879404894
2025-11-06,676.469970703125,677.3800048828125,668.719970703125,670.3099975585938,85035300,611.6699829101562,89.76000213623047,366.0700073242188,19.5,4.0929999351501465,99.7300033569336,-0.010729388925125316,-0.014003529252801239,-0.0012664277071756658,-0.003696512563262533,0.008424724751517232,0.01216620986238337,48.29922632994945,0.0061758038286870475,-0.00145525012981085,0.1237140535174075,0.15673710895880863,0.010008167253891965,0.15316381880300622,0.0,0.0020094904058043372,-0.010969112217419807,0.11396356624283754,0.022944615086795128,1,0.0009845789961884233,0,0.45575354862614104,0.45575354862614104,0.29521488114151756,0.24903157023234146
2025-11-07,667.9099731445312,671.0800170898438,661.2100219726562,670.969970703125,100592400,609.739990234375,89.56999969482422,368.30999755859375,19.07999992370605,4.0929999351501465,99.5999984741211,0.0009845789961884233,-0.0162596060393001,0.027487597064420388,-0.004044157978013496,0.008748347639534026,0.012844450604934554,48.928134673861486,0.005043062676047048,-0.002064388237791934,0.11753449947809648,0.11992799539742197,0.010216555980644818,0.09403665937083949,-0.007999897003173828,-0.0020040538228538463,0.0005161426815345482,0.1540576911824938,0.0188682574965624,1,0.01560432239211762,2,0.39277074368052295,0.30856022062880406,0.298669035690673,0.39277074368052295
2025-11-10,677.239990234375,682.1799926757812,675.030029296875,681.4400024414062,75842900,623.22998046875,89.55000305175781,378.3800048828125,17.600000381469727,4.110000133514404,99.62000274658205,0.01560432239211762,-0.0027804962967058477,0.02775100299201516,0.010117635406820646,0.02336942344562898,0.01311905423121451,57.715822483822336,0.005265500587104738,-0.0013861979270606039,0.17939292038001553,0.12033273589854278,0.010919108649341393,0.025043698501170608,0.004000186920166016,-0.0025032541616561987,0.026031797102046506,0.32326441594695976,0.002347933171233274,1,0.0022892661907207845,2,0.40435453844795677,0.27627200644875,0.31937345510329335,0.40435453844795677
2025-11-11,679.9500122070312,683.5700073242188,678.72998046875,683.0,58953400,621.5700073242188,89.95999908447266,379.8699951171875,17.280000686645508,4.119999885559082,99.45999908447266,0.0022892661907207845,0.011492224805778273,0.031363756011994814,0.010873925111555272,0.02439746021516398,0.013378063047888356,58.8518880999658,0.005610252977787293,-0.0008210022464463938,0.14846190304266943,0.11996422528670664,0.010490489290289689,-0.09052627965023641,0.03099966049194336,-0.00758333792629684,0.04843781032843775,-0.24830224285003888,0.006691079537655575,1,0.0005563761095350728,2,0.556893881710052,0.2368521709995532,0.20625394729039473,0.556893881710052
2025-11-12,684.7899780273438,684.9600219726562,680.9500122070312,683.3800048828125,62312500,621.0800170898438,90.12000274658205,385.989990234375,17.510000228881836,4.065000057220459,99.4800033569336,0.0005563761095350728,0.008559856617199602,0.02737649388955643,0.010075187172247535,0.023750088284917092,0.01353849820918085,59.139876598807064,0.0058669652105841925,-0.0004485710452836557,0.14848784404784945,0.11952438292076752,0.010390583096352346,-0.027762353894819625,-0.09200000762939453,-0.007185565002367333,0.05314992755916004,-0.1624934141909401,0.008472559902212184,1,-0.016594027882646856,2,0.5269907036677015,0.24143062250993416,0.23157867382236436,0.5269907036677015
2025-11-13,680.5,680.8599853515625,670.52001953125,672.0399780273438,103457800,608.4000244140625,89.37999725341797,382.8699951171875,20.0,4.111999988555908,99.18000030517578,-0.016594027882646856,0.002580866278365068,0.01725593837208428,-0.007522181555914331,0.006071067579184186,0.013696275002305525,48.28046558860686,0.004758906527338342,-0.0013305586522835459,0.18165088830050946,0.13273026612291033,0.011219576858210466,0.02564102564102555,0.01900005340576172,-0.00551492061811476,0.04589282775654824,0.21664532258955993,0.01446347249580704,1,-0.00016365894166792128,2,0.6500895695831723,0.21800821257149136,0.13190221784533634,0.6500895695831723
2025-11-14,665.3800048828125,675.6599731445312,663.27001953125,671.9299926757812,96846700,608.8599853515625,88.87000274658203,375.9599914550781,19.82999992370605,4.1479997634887695,99.2699966430664,-0.00016365894166792128,0.0014307972257687762,0.011348722679604961,-0.00823678066565936,0.005163359423952851,0.01351143078143835,48.18804460036456,0.003746530949456827,-0.0018751447909761047,0.1816679394830233,0.1315501544784832,0.011657255472510057,0.039308176257808025,0.05499982833862305,-0.003313271446890975,0.020770530116460906,-0.03723641149828416,0.013096584300285707,1,-0.009316461288915168,2,0.5364139405045267,0.28353119988321995,0.18005485961225337,0.5364139405045267
2025-11-17,669.7000122070312,673.7100219726562,662.1699829101562,665.6699829101562,90456100,603.6599731445312,89.08999633789062,371.6499938964844,22.3799991607666,4.132999897003174,99.58999633789062,-0.009316461288915168,-0.023142198102181433,-0.008386719775345552,-0.0170681038911229,-0.0047026665277831725,0.012580156786335506,43.127697804062976,0.0021872372083727083,-0.002789844149292351,0.12794070279993766,0.13067682175492124,0.012567372528466706,0.2715908338462043,0.02299976348876953,-0.00030120867159333375,-0.01778638114985087,0.1926772314877201,0.019829664166804983,1,-0.008397503213040225,0,0.37629169652958305,0.37629169652958305,0.27572826538572703,0.34798003808469
2025-11-18,662.0999755859375,665.1199951171875,655.8599853515625,660.0800170898438,114467500,596.3099975585938,89.05999755859375,374.3500061035156,24.690000534057617,4.123000144958496,99.5500030517578,-0.008397503213040225,-0.03355780806757869,-0.016699133466049454,-0.024514932602892947,-0.01334834759476633,0.011447212654851269,39.17189706694438,0.0002452114793777664,-0.003819215105094921,0.1130782748836018,0.13371115590888474,0.012996270424666142,0.4288194185743739,0.0030002593994140625,0.0009049262830647109,-0.014531258284742887,0.9416607015032212,0.017149447083894875,1,0.003863149507556951,0,0.38015330371792,0.38015330371792,0.25772165133860475,0.3621250449434752
2025-11-19,660.780029296875,667.3400268554688,658.75,662.6300048828125,94703000,599.8699951171875,88.87999725341797,374.9599914550781,23.65999984741211,4.132999897003174,100.2300033569336,0.003863149507556951,-0.030363779817582204,-0.00774181342417013,-0.020372253093692838,-0.009845202381964846,0.010745970339215871,41.79463432474401,-0.0009816615329235384,-0.004024357642884639,0.12804611264454863,0.13363335030203374,0.013057289681220163,0.351227843411799,0.06799983978271484,0.007539203605663403,-0.028575867401637534,0.5198074222668003,0.020886415825314364,1,-0.015242255122032589,0,0.3589999120644406,0.3589999120644406,0.3199561021162207,0.3210439858193387
2025-11-20,672.9099731445312,675.5599975585938,651.8900146484375,652.530029296875,165293500,585.6699829101562,89.2300033569336,374.8500061035156,26.420000076293945,4.105999946594238,100.16000366210938,-0.015242255122032589,-0.029030934718700552,-0.0286262656145001,-0.033930747105358705,-0.02478875678104886,0.00946307968804283,35.302053203222215,-0.003195574635225378,-0.005028292908406135,0.12126095936829745,0.14133763735093155,0.01521113170153882,0.3210000038146972,-0.006000041961669922,0.00988105821655716,-0.020947029320532495,0.5976900726673098,0.04300184864875778,2,0.009961227389035265,2,0.4811765018604039,0.3161535552232968,0.20266994291629925,0.4811765018604039
2025-11-21,655.0499877929688,664.5499877929688,650.8499755859375,659.030029296875,123956200,590.0700073242188,89.5,374.2699890136719,23.43000030517578,4.063000202178955,100.18000030517578,0.009961227389035265,-0.019198374115636074,-0.026902872946659273,-0.0229897873501822,-0.015122147296536603,0.008052771559375227,41.59069175376342,-0.0040468612112939265,-0.004689202736636874,0.16470238862898026,0.1430785312131328,0.01591084118621852,0.18154313642563658,-0.08499956130981445,0.009166955705472324,-0.004495165655434286,0.2799217732767354,0.03914842517949446,2,0.014718526835907575,2,0.49202653808256286,0.2745436328255229,0.23342982909191434,0.49202653808256286
2025-11-24,662.6900024414062,670.0599975585938,661.5900268554688,668.72998046875,80437900,605.1599731445312,90.01000213623047,380.2000122070313,20.520000457763672,4.038000106811523,100.13999938964844,0.014718526835907575,0.004596868774548124,-0.024093762770584948,-0.007394883979756739,-0.0008597251746146339,0.006583845579342107,49.48206523093348,-0.00346723890871511,-0.00328021059866215,0.19903702730723044,0.14695445745850474,0.015922513326239635,-0.08310986473420479,-0.09499979019165039,0.005522673681920276,0.02300556558848843,-0.1107520664720234,0.028756063083080097,2,0.009405947461920139,2,0.5459461488196268,0.23668365022514642,0.21737020095522683,0.5459461488196268
2025-11-25,668.6300048828125,676.2100219726562,664.47998046875,675.02001953125,81077100,608.8900146484375,90.23999786376952,380.0799865722656,18.559999465942383,4.001999855041504,99.66000366210938,0.009405947461920139,0.022633623279907145,-0.017523910677563426,0.0028375983995914122,0.008085682612451128,0.005233234395314756,53.837470855650984,-0.002248118420655531,-0.001650266317206524,0.18588521619836673,0.1511825444598132,0.01630746421934617,-0.24827869321669127,-0.12100028991699219,0.0011049784729226797,0.01530647889762693,-0.2917020114879769,0.022754858977706904,1,0.006903459171132775,2,0.47536704274606084,0.2676366884819745,0.2569962687719645,0.47536704274606084
2025-11-26,677.6300048828125,681.7000122070312,676.719970703125,679.6799926757812,71879600,614.27001953125,90.63999938964844,383.1199951171875,17.190000534057617,3.997999906539917,99.5999984741211,0.006903459171132775,0.025730781382264922,-0.011216371795274793,0.01033928463405176,0.01442382869414871,0.004042744969158019,56.80843054917424,-0.0007368703486782406,-0.00011449375670186056,0.186438709906701,0.1536262701807002,0.015966553099371644,-0.27345728466106345,-0.13499999046325684,-0.006285591756082898,0.021762331576879568,-0.24099975713546562,0.015639720158546977,1,0.0054584834225450685,2,0.4414326401992038,0.27801759152396405,0.28054976827683226,0.4414326401992038
2025-11-28,680.8599853515625,683.6699829101562,680.5,683.3900146484375,49212000,619.25,90.20999908447266,387.8800048828125,16.350000381469727,4.017000198364258,99.45999908447266,0.0054584834225450685,0.04729282020141712,0.005236599545623388,0.01558548551830441,0.019318128252852507,0.003675360457365384,59.06712342574662,0.000874140379413492,0.0011945105457160559,0.056298013310102396,0.14979654221577968,0.015265289397347684,-0.3811506308003305,-0.08899974822998047,-0.006988863339084883,0.03476056707252284,-0.702275044088243,0.006526230764133167,1,-0.004565467815318525,2,0.6298218953326068,0.21869117946828578,0.15148692519910734,0.6298218953326068
2025-12-01,678.8099975585938,682.989990234375,678.739990234375,680.27001953125,61201200,617.1699829101562,88.7699966430664,389.75,17.239999771118164,4.0960001945495605,99.41000366210938,-0.004565467815318525,0.032229169066902985,-0.0026243703394875917,0.011083341065014407,0.014163159595629748,0.003046058030559129,56.3961488094653,0.001767103163767598,0.0016711541424113217,0.11214128315705497,0.15031666024224286,0.014646500366937163,-0.264191227205841,0.03299999237060547,-0.007686131370740479,0.04136054570424741,-0.5062675364362573,0.00990781607429847,1,0.0018522200441719594,2,0.6570540497755888,0.2097767317182497,0.13316921850616154,0.6570540497755888
2025-12-02,681.9199829101562,683.8200073242188,679.3300170898438,681.530029296875,62953800,622.0,88.80999755859375,387.239990234375,16.59000015258789,4.085999965667725,99.36000061035156,0.0018522200441719594,0.019140832925051088,-0.002648750969444613,0.013092360649182844,0.015596777184225363,0.0024720515446761127,57.237147437730286,0.0025864037268611083,0.0019925056765118746,0.08606815547881831,0.15031243811996273,0.014582735972972282,-0.1915204784358998,0.04799985885620117,-0.007789083124135732,0.0185165118393269,-0.21736146766636122,0.0005721737803447979,0,0.00346277529986061,2,0.5249243730232073,0.27786589499876524,0.19720973197802746,0.5249243730232073
